2026-09-15 08:29:45,648 [INFO] ============================================================
2026-09-15 08:29:45,649 [INFO] Iniciando revisión: 2026-09-15 08:29:45
2026-09-15 08:29:45,691 [INFO] Rangos de consulta: 31/8/2026 a 31/8/2026, 14/9/2026 a 14/9/2026
2026-09-15 08:29:45,691 [INFO] Consultas separadas a SCIP: 2
2026-09-15 08:29:46,156 [INFO] Fechas a consultar: 31/8/2026 a 31/8/2026
2026-09-15 08:29:48,466 [INFO] Iniciando navegador Chromium...
2026-09-15 08:30:02,053 [INFO] Abriendo login: https://appweb.asfi.gob.bo/SCIP/Login.aspx?ReturnUrl=%2fSCIP%2fmControlPlazos%2fControlPlazos.aspx
2026-09-15 08:30:19,899 [INFO] Ingresando credenciales...
2026-09-15 08:30:27,180 [INFO] Login exitoso
2026-09-15 08:30:45,699 [INFO] Procesando pagina 1 de la tabla...
2026-09-15 08:30:45,770 [INFO] Filas encontradas en pagina 1: 10
2026-09-15 08:30:48,299 [INFO] Procesando pagina 2 de la tabla...
2026-09-15 08:30:48,327 [INFO] Filas encontradas en pagina 2: 10
2026-09-15 08:30:50,334 [INFO] Procesando pagina 3 de la tabla...
2026-09-15 08:30:50,353 [INFO] Filas encontradas en pagina 3: 10
2026-09-15 08:30:52,240 [INFO] Procesando pagina 4 de la tabla...
2026-09-15 08:30:52,256 [INFO] Filas encontradas en pagina 4: 10
2026-09-15 08:30:53,396 [INFO] Navegador cerrado.
2026-09-15 08:30:53,428 [INFO] Fechas a consultar: 14/9/2026 a 14/9/2026
2026-09-15 08:30:54,865 [INFO] Iniciando navegador Chromium...
2026-09-15 08:31:00,047 [INFO] Abriendo login: https://appweb.asfi.gob.bo/SCIP/Login.aspx?ReturnUrl=%2fSCIP%2fmControlPlazos%2fControlPlazos.aspx
2026-09-15 08:31:03,989 [INFO] Ingresando credenciales...
2026-09-15 08:31:09,789 [INFO] Login exitoso
2026-09-15 08:31:27,336 [INFO] Procesando pagina 1 de la tabla...
2026-09-15 08:31:27,364 [INFO] Filas encontradas en pagina 1: 6
2026-09-15 08:31:27,859 [INFO] Navegador cerrado.
2026-09-15 08:31:27,876 [INFO] Total registros extraidos en consultas separadas: 45
2026-09-15 08:31:27,882 [INFO] Filas fuera de las obligaciones vigentes ignoradas: 13
2026-09-15 08:31:27,886 [INFO] Reporte subsanado por duplicado exitoso: CM - Cartera Mensual (2026-08-31, ocurrencia=única)
2026-09-15 08:31:27,886 [INFO] Reporte subsanado por duplicado exitoso: CM - Cartera Mensual (2026-08-31, ocurrencia=única)
2026-09-15 08:31:27,886 [INFO] Reporte subsanado por duplicado exitoso: CM - Cartera Mensual (2026-08-31, ocurrencia=única)
2026-09-15 08:31:27,887 [INFO] Reporte subsanado por duplicado exitoso: CM - Cartera Mensual (2026-08-31, ocurrencia=única)
2026-09-15 08:31:27,887 [INFO] Reporte subsanado por duplicado exitoso: MC - Mensual Central de Información Crediticia (2026-08-31, ocurrencia=única)
2026-09-15 08:31:27,887 [INFO] Reporte subsanado por duplicado exitoso: MC - Mensual Central de Información Crediticia (2026-08-31, ocurrencia=única)
2026-09-15 08:31:27,887 [INFO] Reporte subsanado por duplicado exitoso: Detalle de solicitudes de crédito (2026-08-31, ocurrencia=única)
2026-09-15 08:31:27,910 [INFO] Validando obligaciones configuradas para 14/9/2026...
2026-09-15 08:31:27,911 [WARNING] ⚠️ Reportes mensuales enviados fuera de plazo: ['Reporte de transacciones relativas a la compra de activos virtuales']
2026-09-15 08:31:27,911 [INFO] [NOTIFICACION] ?? ASFI/SCIP Monitor - 1 reportes MENSUALES TARD?OS: El env?o figura como exitoso, pero lleg? despu?s de la fecha/hora l?mite.

  ? Reporte de transaccio
2026-09-15 08:31:27,912 [INFO] [URGENTE] Enviando notificacion por un metodo disponible...
2026-09-15 08:31:44,557 [INFO] Reportes diarios aún sin enviar (dentro de plazo): 5
2026-09-15 08:31:44,558 [INFO] [NOTIFICACION] ? ASFI/SCIP Monitor - 5 reportes diarios sin enviar: Corte: 14/9/2026
L?mite de env?o: 2026-09-15 12:00:00

  ? D001-D005 IF - Diario Encaje
  ? D006 IF 
2026-09-15 08:31:56,147 [INFO] Estado de los reportes (32 ✅ | 0 ❌ | 0 ⚠️ | 1 ⏱️ | 5 ⏳):
2026-09-15 08:31:56,194 [INFO]   ✅ M019 IF - Mensual Tasas Pasivas (CCM | corte 2026-08-31)
2026-09-15 08:31:56,195 [INFO]   ✅ CM - Cartera Mensual (CCM | corte 2026-08-31)
2026-09-15 08:31:56,195 [INFO]   ✅ CM - Cartera Mensual (CCM | corte 2026-08-31)
2026-09-15 08:31:56,195 [INFO]   ✅ CM - Cartera Mensual (CCM | corte 2026-08-31)
2026-09-15 08:31:56,195 [INFO]   ✅ CM - Cartera Mensual (CCM | corte 2026-08-31)
2026-09-15 08:31:56,196 [INFO]   ✅ CM - Cartera Mensual (CCM | corte 2026-08-31)
2026-09-15 08:31:56,196 [INFO]   ✅ MB01-MB20 Mensual Balance (CCM | corte 2026-08-31)
2026-09-15 08:31:56,196 [INFO]   ✅ MC - Mensual Central de Información Crediticia (CCM | corte 2026-08-31)
2026-09-15 08:31:56,196 [INFO]   ✅ MC - Mensual Central de Información Crediticia (CCM | corte 2026-08-31)
2026-09-15 08:31:56,196 [INFO]   ✅ MC - Mensual Central de Información Crediticia (CCM | corte 2026-08-31)
2026-09-15 08:31:56,197 [INFO]   ✅ Depósitos y ahorristas (CCM | corte 2026-08-31)
2026-09-15 08:31:56,197 [INFO]   ✅ Depósitos a plazo fijo (CCM | corte 2026-08-31)
2026-09-15 08:31:56,197 [INFO]   ✅ Detalle de Créditos - CAPROSEN (CCM | corte 2026-08-31)
2026-09-15 08:31:56,197 [INFO]   ✅ Crédito PCD (CCM | corte 2026-08-31)
2026-09-15 08:31:56,198 [INFO]   ✅ Solicitud de Créditos - PREAMyPes - Mensual (CCM | corte 2026-08-31)
2026-09-15 08:31:56,198 [INFO]   ✅ Tarifas y n° de transacciones de servicios o productos (CCM | corte 2026-08-31)
2026-09-15 08:31:56,198 [INFO]   ✅ M020 - Mensual PR Reclamos (CCM | corte 2026-08-31)
2026-09-15 08:31:56,198 [INFO]   ✅ M021 - Mensual PR Soluciones (CCM | corte 2026-08-31)
2026-09-15 08:31:56,198 [INFO]   ✅ M029 - Información general de Personas Expuestas Políticamente (CCM | corte 2026-08-31)
2026-09-15 08:31:56,199 [INFO]   ✅ Detalle de solicitudes de crédito (CCM | corte 2026-08-31)
2026-09-15 08:31:56,199 [INFO]   ✅ Detalle de solicitudes de crédito (CCM | corte 2026-08-31)
2026-09-15 08:31:56,199 [INFO]   ✅ M030 - Reporte de tarifas (CCM | corte 2026-08-31)
2026-09-15 08:31:56,200 [INFO]   ✅ Pasivos con el Público (CCM | corte 2026-08-31)
2026-09-15 08:31:56,200 [INFO]   ✅ Operaciones prorrogadas (CCM | corte 2026-08-31)
2026-09-15 08:31:56,200 [INFO]   ✅ Reporte de transacciones relativas a la compra de activos virtuales (CCM | corte 2026-08-31)
2026-09-15 08:31:56,201 [INFO]   ✅ MI01-MI09 - Mensual Central de Información de Riesgo Operativo (CCM | corte 2026-08-31)
2026-09-15 08:31:56,201 [INFO]   ✅ Mensual Solicitudes de Créditos - PEDAEEL (CCM | corte 2026-08-31)
2026-09-15 08:31:56,202 [INFO]   ✅ D008 IF - Diario Tipo de Cambio (CCM | corte 2026-09-14)
2026-09-15 08:31:56,202 [INFO]   ✅ Ampliación de plazo de reclamos de primera instancia (CCM | corte 2026-09-14)
2026-09-15 08:31:56,202 [INFO]   ✅ Reporte de Transacciones con el Exterior Diario (CCM | corte 2026-09-14)
2026-09-15 08:31:56,202 [INFO]   ✅ D012 - Créditos refinanciados y/o reprogramados (CCM | corte 2026-09-14)
2026-09-15 08:31:56,203 [INFO]   ✅ REPORTE DIARIO DE RETIRO DE DEPÓSITOS EN MONEDA EXTRANJERA (CCM | corte 2026-09-14)
2026-09-15 08:31:56,203 [INFO]   ⏳ D001-D005 IF - Diario Encaje (SIN ENVIAR - dentro de plazo)
2026-09-15 08:31:56,203 [INFO]   ⏳ D006 IF - Diario Tasas de Interés Activas (SIN ENVIAR - dentro de plazo)
2026-09-15 08:31:56,204 [INFO]   ⏳ D007 IF - Diario Operaciones Interbancarias (SIN ENVIAR - dentro de plazo)
2026-09-15 08:31:56,204 [INFO]   ⏳ D008 IF - Diario Tipo de Cambio (envío 2) (SIN ENVIAR - dentro de plazo)
2026-09-15 08:31:56,204 [INFO]   ⏳ Estratificación de Depósitos (SIN ENVIAR - dentro de plazo)
2026-09-15 08:31:56,204 [INFO]   ⏱️ Reporte de transacciones relativas a la compra de activos virtuales (MENSUAL ENVIADO FUERA DE PLAZO)
2026-09-15 08:31:56,205 [INFO] Resumen: 32 exitosos | 0 pendientes | 0 errores | 0 faltantes | 1 tardíos | 5 sin enviar (dentro de plazo)
2026-09-15 08:31:56,207 [INFO] Revisión completada. Próxima en 15 min.
2026-09-15 09:13:22,546 [INFO] ============================================================
2026-09-15 09:13:22,547 [INFO] Iniciando revisión: 2026-09-15 09:13:22
2026-09-15 09:13:22,565 [INFO] Rangos de consulta: 31/8/2026 a 31/8/2026, 14/9/2026 a 14/9/2026
2026-09-15 09:13:22,566 [INFO] Consultas separadas a SCIP: 2
2026-09-15 09:13:22,567 [INFO] Fechas a consultar: 31/8/2026 a 31/8/2026
2026-09-15 09:13:24,293 [INFO] Iniciando navegador Chromium...
2026-09-15 09:13:29,116 [INFO] Abriendo login: https://appweb.asfi.gob.bo/SCIP/Login.aspx?ReturnUrl=%2fSCIP%2fmControlPlazos%2fControlPlazos.aspx
2026-09-15 09:13:34,476 [INFO] Ingresando credenciales...
2026-09-15 09:13:38,975 [INFO] Login exitoso
2026-09-15 09:13:55,830 [INFO] Procesando pagina 1 de la tabla...
2026-09-15 09:13:55,863 [INFO] Filas encontradas en pagina 1: 10
2026-09-15 09:13:57,578 [INFO] Procesando pagina 2 de la tabla...
2026-09-15 09:13:57,624 [INFO] Filas encontradas en pagina 2: 10
2026-09-15 09:13:59,307 [INFO] Procesando pagina 3 de la tabla...
2026-09-15 09:13:59,344 [INFO] Filas encontradas en pagina 3: 10
2026-09-15 09:14:01,060 [INFO] Procesando pagina 4 de la tabla...
2026-09-15 09:14:01,112 [INFO] Filas encontradas en pagina 4: 10
2026-09-15 09:14:31,893 [INFO] Navegador cerrado.
2026-09-15 09:14:31,914 [INFO] Fechas a consultar: 14/9/2026 a 14/9/2026
2026-09-15 09:14:32,618 [INFO] Iniciando navegador Chromium...
2026-09-15 09:14:36,839 [INFO] Abriendo login: https://appweb.asfi.gob.bo/SCIP/Login.aspx?ReturnUrl=%2fSCIP%2fmControlPlazos%2fControlPlazos.aspx
2026-09-15 09:14:39,860 [INFO] Ingresando credenciales...
2026-09-15 09:14:44,242 [INFO] Login exitoso
2026-09-15 09:15:01,364 [INFO] Procesando pagina 1 de la tabla...
2026-09-15 09:15:01,399 [INFO] Filas encontradas en pagina 1: 10
2026-09-15 09:15:03,208 [INFO] Procesando pagina 2 de la tabla...
2026-09-15 09:15:03,258 [INFO] Filas encontradas en pagina 2: 1
2026-09-15 09:15:03,419 [INFO] Navegador cerrado.
2026-09-15 09:15:03,437 [INFO] Total registros extraidos en consultas separadas: 40
2026-09-15 09:15:03,439 [INFO] Filas fuera de las obligaciones vigentes ignoradas: 10
2026-09-15 09:15:03,441 [INFO] Reporte subsanado por duplicado exitoso: CM - Cartera Mensual (2026-08-31, ocurrencia=única)
2026-09-15 09:15:03,441 [INFO] Reporte subsanado por duplicado exitoso: CM - Cartera Mensual (2026-08-31, ocurrencia=única)
2026-09-15 09:15:03,441 [INFO] Reporte subsanado por duplicado exitoso: CM - Cartera Mensual (2026-08-31, ocurrencia=única)
2026-09-15 09:15:03,442 [INFO] Reporte subsanado por duplicado exitoso: CM - Cartera Mensual (2026-08-31, ocurrencia=única)
2026-09-15 09:15:03,442 [INFO] Reporte subsanado por duplicado exitoso: MC - Mensual Central de Información Crediticia (2026-08-31, ocurrencia=única)
2026-09-15 09:15:03,442 [INFO] Reporte subsanado por duplicado exitoso: MC - Mensual Central de Información Crediticia (2026-08-31, ocurrencia=única)
2026-09-15 09:15:03,468 [INFO] Validando obligaciones configuradas para 14/9/2026...
2026-09-15 09:15:03,468 [WARNING] ⚠️ Reportes mensuales enviados fuera de plazo: ['Reporte de transacciones relativas a la compra de activos virtuales']
2026-09-15 09:15:03,469 [INFO] [NOTIFICACION] ?? ASFI/SCIP Monitor - 1 reportes MENSUALES TARD?OS: El env?o figura como exitoso, pero lleg? despu?s de la fecha/hora l?mite.

  ? Reporte de transaccio
2026-09-15 09:15:03,469 [INFO] [URGENTE] Enviando notificacion por un metodo disponible...
2026-09-15 09:15:20,165 [INFO] Estado de los reportes (30 ✅ | 0 ❌ | 0 ⚠️ | 1 ⏱️ | 0 ⏳):
2026-09-15 09:15:20,165 [INFO]   ✅ M019 IF - Mensual Tasas Pasivas (CCM | corte 2026-08-31)
2026-09-15 09:15:20,165 [INFO]   ✅ CM - Cartera Mensual (CCM | corte 2026-08-31)
2026-09-15 09:15:20,166 [INFO]   ✅ CM - Cartera Mensual (CCM | corte 2026-08-31)
2026-09-15 09:15:20,166 [INFO]   ✅ CM - Cartera Mensual (CCM | corte 2026-08-31)
2026-09-15 09:15:20,166 [INFO]   ✅ CM - Cartera Mensual (CCM | corte 2026-08-31)
2026-09-15 09:15:20,166 [INFO]   ✅ CM - Cartera Mensual (CCM | corte 2026-08-31)
2026-09-15 09:15:20,166 [INFO]   ✅ MB01-MB20 Mensual Balance (CCM | corte 2026-08-31)
2026-09-15 09:15:20,166 [INFO]   ✅ MC - Mensual Central de Información Crediticia (CCM | corte 2026-08-31)
2026-09-15 09:15:20,167 [INFO]   ✅ MC - Mensual Central de Información Crediticia (CCM | corte 2026-08-31)
2026-09-15 09:15:20,167 [INFO]   ✅ MC - Mensual Central de Información Crediticia (CCM | corte 2026-08-31)
2026-09-15 09:15:20,167 [INFO]   ✅ Depósitos y ahorristas (CCM | corte 2026-08-31)
2026-09-15 09:15:20,167 [INFO]   ✅ Depósitos a plazo fijo (CCM | corte 2026-08-31)
2026-09-15 09:15:20,168 [INFO]   ✅ Detalle de Créditos - CAPROSEN (CCM | corte 2026-08-31)
2026-09-15 09:15:20,168 [INFO]   ✅ Crédito PCD (CCM | corte 2026-08-31)
2026-09-15 09:15:20,168 [INFO]   ✅ Solicitud de Créditos - PREAMyPes - Mensual (CCM | corte 2026-08-31)
2026-09-15 09:15:20,168 [INFO]   ✅ Tarifas y n° de transacciones de servicios o productos (CCM | corte 2026-08-31)
2026-09-15 09:15:20,168 [INFO]   ✅ M020 - Mensual PR Reclamos (CCM | corte 2026-08-31)
2026-09-15 09:15:20,169 [INFO]   ✅ M021 - Mensual PR Soluciones (CCM | corte 2026-08-31)
2026-09-15 09:15:20,169 [INFO]   ✅ M029 - Información general de Personas Expuestas Políticamente (CCM | corte 2026-08-31)
2026-09-15 09:15:20,169 [INFO]   ✅ Detalle de solicitudes de crédito (CCM | corte 2026-08-31)
2026-09-15 09:15:20,169 [INFO]   ✅ D007 IF - Diario Operaciones Interbancarias (CCM | corte 2026-09-14)
2026-09-15 09:15:20,169 [INFO]   ✅ D006 IF - Diario Tasas de Interés Activas (CCM | corte 2026-09-14)
2026-09-15 09:15:20,170 [INFO]   ✅ D008 IF - Diario Tipo de Cambio (CCM | corte 2026-09-14)
2026-09-15 09:15:20,170 [INFO]   ✅ D008 IF - Diario Tipo de Cambio (CCM | corte 2026-09-14)
2026-09-15 09:15:20,170 [INFO]   ✅ Estratificación de Depósitos (CCM | corte 2026-09-14)
2026-09-15 09:15:20,170 [INFO]   ✅ Ampliación de plazo de reclamos de primera instancia (CCM | corte 2026-09-14)
2026-09-15 09:15:20,170 [INFO]   ✅ Reporte de Transacciones con el Exterior Diario (CCM | corte 2026-09-14)
2026-09-15 09:15:20,170 [INFO]   ✅ D001-D005 IF - Diario Encaje (CCM | corte 2026-09-14)
2026-09-15 09:15:20,171 [INFO]   ✅ D012 - Créditos refinanciados y/o reprogramados (CCM | corte 2026-09-14)
2026-09-15 09:15:20,171 [INFO]   ✅ REPORTE DIARIO DE RETIRO DE DEPÓSITOS EN MONEDA EXTRANJERA (CCM | corte 2026-09-14)
2026-09-15 09:15:20,171 [INFO]   ⏱️ Reporte de transacciones relativas a la compra de activos virtuales (MENSUAL ENVIADO FUERA DE PLAZO)
2026-09-15 09:15:20,171 [INFO] Resumen: 30 exitosos | 0 pendientes | 0 errores | 0 faltantes | 1 tardíos | 0 sin enviar (dentro de plazo)
2026-09-15 09:15:20,174 [INFO] Revisión completada. Próxima en 15 min.
2026-09-15 09:35:48,598 [INFO] ============================================================
2026-09-15 09:35:48,598 [INFO] Iniciando revisión: 2026-09-03 13:00:00
2026-09-15 09:35:48,673 [INFO] Rangos de consulta: 31/8/2026 a 31/8/2026, 2/9/2026 a 2/9/2026
2026-09-15 09:35:48,713 [ERROR] Fallo guardando resultados en SQLite: can't compare offset-naive and offset-aware datetimes
Traceback (most recent call last):
  File "C:\Users\PA-CREDITO-02\Downloads\Reports_ASFI_monitor\asfi_monitor_app\application\monitor_service.py", line 321, in ejecutar_revision
    and revision_actual <= limite
        ^^^^^^^^^^^^^^^^^^^^^^^^^
TypeError: can't compare offset-naive and offset-aware datetimes
2026-09-15 09:36:10,484 [INFO] ============================================================
2026-09-15 09:36:10,485 [INFO] Iniciando revisión: 2026-09-03 13:00:00
2026-09-15 09:36:10,521 [INFO] Rangos de consulta: 31/8/2026 a 31/8/2026, 2/9/2026 a 2/9/2026
2026-09-15 09:36:10,523 [WARNING] No se obtuvieron reportes; se evaluarán las obligaciones con el historial guardado
2026-09-15 09:36:10,567 [INFO] Validando obligaciones configuradas para 2/9/2026...
2026-09-15 09:36:10,568 [WARNING] ⚠️  Reportes diarios FALTANTES: ['Ampliación de plazo de reclamos de primera instancia', 'D001-D005 IF - Diario Encaje', 'D006 IF - Diario Tasas de Interés Activas', 'D007 IF - Diario Operaciones Interbancarias', 'D008 IF - Diario Tipo de Cambio', 'D008 IF - Diario Tipo de Cambio', 'D012 - Créditos refinanciados y/o reprogramados', 'REPORTE DIARIO DE RETIRO DE DEPÓSITOS EN MONEDA EXTRANJERA', 'Reporte de Transacciones con el Exterior Diario']
2026-09-15 09:36:10,569 [WARNING] ⚠️ Reportes semanales VENCIDOS: ['CS - Cartera Semanal', 'S001-S005 IF - Semanal Reportes Liquidez', 'Solicitud de Créditos - PREAMyPes - Semanal']
2026-09-15 09:36:10,569 [WARNING] ⚠️ Reportes mensuales FALTANTES: ['Detalle de Créditos - CAPROSEN', 'M019 IF - Mensual Tasas Pasivas', 'MB01-MB20 Mensual Balance', 'Mensual Solicitudes de Créditos - PEDAEEL', 'Solicitud de Créditos - PREAMyPes - Mensual']
2026-09-15 09:36:10,570 [INFO] Reportes mensuales enviados fuera de plazo; se mantienen en Reportes Vencidos sin enviar alerta: ['Reporte de transacciones relativas a la compra de activos virtuales']
2026-09-15 09:36:10,570 [INFO] Estado de los reportes (0 ✅ | 0 ❌ | 17 ⚠️ | 1 ⏱️ | 0 ⏳):
2026-09-15 09:36:10,570 [INFO]   ⚠️ Ampliación de plazo de reclamos de primera instancia (FALTANTE)
2026-09-15 09:36:10,570 [INFO]   ⚠️ D001-D005 IF - Diario Encaje (FALTANTE)
2026-09-15 09:36:10,570 [INFO]   ⚠️ D006 IF - Diario Tasas de Interés Activas (FALTANTE)
2026-09-15 09:36:10,571 [INFO]   ⚠️ D007 IF - Diario Operaciones Interbancarias (FALTANTE)
2026-09-15 09:36:10,571 [INFO]   ⚠️ D008 IF - Diario Tipo de Cambio (FALTANTE)
2026-09-15 09:36:10,571 [INFO]   ⚠️ D008 IF - Diario Tipo de Cambio (FALTANTE)
2026-09-15 09:36:10,571 [INFO]   ⚠️ D012 - Créditos refinanciados y/o reprogramados (FALTANTE)
2026-09-15 09:36:10,571 [INFO]   ⚠️ REPORTE DIARIO DE RETIRO DE DEPÓSITOS EN MONEDA EXTRANJERA (FALTANTE)
2026-09-15 09:36:10,571 [INFO]   ⚠️ Reporte de Transacciones con el Exterior Diario (FALTANTE)
2026-09-15 09:36:10,572 [INFO]   ⚠️ CS - Cartera Semanal (SEMANAL VENCIDO SIN ENVIAR)
2026-09-15 09:36:10,572 [INFO]   ⚠️ S001-S005 IF - Semanal Reportes Liquidez (SEMANAL VENCIDO SIN ENVIAR)
2026-09-15 09:36:10,572 [INFO]   ⚠️ Solicitud de Créditos - PREAMyPes - Semanal (SEMANAL VENCIDO SIN ENVIAR)
2026-09-15 09:36:10,572 [INFO]   ⚠️ Detalle de Créditos - CAPROSEN (MENSUAL FALTANTE)
2026-09-15 09:36:10,572 [INFO]   ⚠️ M019 IF - Mensual Tasas Pasivas (MENSUAL FALTANTE)
2026-09-15 09:36:10,572 [INFO]   ⚠️ MB01-MB20 Mensual Balance (MENSUAL FALTANTE)
2026-09-15 09:36:10,572 [INFO]   ⚠️ Mensual Solicitudes de Créditos - PEDAEEL (MENSUAL FALTANTE)
2026-09-15 09:36:10,572 [INFO]   ⚠️ Solicitud de Créditos - PREAMyPes - Mensual (MENSUAL FALTANTE)
2026-09-15 09:36:10,573 [INFO]   ⏱️ Reporte de transacciones relativas a la compra de activos virtuales (MENSUAL ENVIADO FUERA DE PLAZO)
2026-09-15 09:36:10,573 [WARNING] Ningún reporte figura como aceptado correctamente
2026-09-15 09:36:10,573 [INFO] Resumen: 0 exitosos | 0 pendientes | 0 errores | 17 faltantes | 1 tardíos | 0 sin enviar (dentro de plazo)
2026-09-15 09:36:10,573 [INFO] Revisión completada. Próxima en 15 min.
2026-09-15 09:37:29,195 [INFO] ============================================================
2026-09-15 09:37:29,196 [INFO] Iniciando revisión: 2026-09-03 13:00:00
2026-09-15 09:37:29,227 [INFO] Rangos de consulta: 31/8/2026 a 31/8/2026, 2/9/2026 a 2/9/2026
2026-09-15 09:37:29,249 [INFO] Reporte exitoso tardío resuelto sin alerta: Reporte de transacciones relativas a la compra de activos virtuales
2026-09-15 09:37:29,249 [INFO] Validando obligaciones configuradas para 2/9/2026...
2026-09-15 09:37:29,249 [WARNING] ⚠️  Reportes diarios FALTANTES: ['Ampliación de plazo de reclamos de primera instancia', 'D001-D005 IF - Diario Encaje', 'D006 IF - Diario Tasas de Interés Activas', 'D007 IF - Diario Operaciones Interbancarias', 'D008 IF - Diario Tipo de Cambio', 'D008 IF - Diario Tipo de Cambio', 'D012 - Créditos refinanciados y/o reprogramados', 'REPORTE DIARIO DE RETIRO DE DEPÓSITOS EN MONEDA EXTRANJERA', 'Reporte de Transacciones con el Exterior Diario']
2026-09-15 09:37:29,249 [WARNING] ⚠️ Reportes semanales VENCIDOS: ['CS - Cartera Semanal', 'S001-S005 IF - Semanal Reportes Liquidez', 'Solicitud de Créditos - PREAMyPes - Semanal']
2026-09-15 09:37:29,250 [WARNING] ⚠️ Reportes mensuales FALTANTES: ['Detalle de Créditos - CAPROSEN', 'M019 IF - Mensual Tasas Pasivas', 'MB01-MB20 Mensual Balance', 'Mensual Solicitudes de Créditos - PEDAEEL', 'Solicitud de Créditos - PREAMyPes - Mensual']
2026-09-15 09:37:29,250 [INFO] Reportes mensuales enviados fuera de plazo; se mantienen en Reportes Vencidos sin enviar alerta: ['Reporte de transacciones relativas a la compra de activos virtuales']
2026-09-15 09:37:29,251 [INFO] Estado de los reportes (1 ✅ | 0 ❌ | 17 ⚠️ | 1 ⏱️ | 0 ⏳):
2026-09-15 09:37:29,251 [INFO]   ✅ Reporte de transacciones relativas a la compra de activos virtuales (TEST | corte 31/8/2026)
2026-09-15 09:37:29,252 [INFO]   ⚠️ Ampliación de plazo de reclamos de primera instancia (FALTANTE)
2026-09-15 09:37:29,252 [INFO]   ⚠️ D001-D005 IF - Diario Encaje (FALTANTE)
2026-09-15 09:37:29,252 [INFO]   ⚠️ D006 IF - Diario Tasas de Interés Activas (FALTANTE)
2026-09-15 09:37:29,252 [INFO]   ⚠️ D007 IF - Diario Operaciones Interbancarias (FALTANTE)
2026-09-15 09:37:29,252 [INFO]   ⚠️ D008 IF - Diario Tipo de Cambio (FALTANTE)
2026-09-15 09:37:29,252 [INFO]   ⚠️ D008 IF - Diario Tipo de Cambio (FALTANTE)
2026-09-15 09:37:29,253 [INFO]   ⚠️ D012 - Créditos refinanciados y/o reprogramados (FALTANTE)
2026-09-15 09:37:29,253 [INFO]   ⚠️ REPORTE DIARIO DE RETIRO DE DEPÓSITOS EN MONEDA EXTRANJERA (FALTANTE)
2026-09-15 09:37:29,253 [INFO]   ⚠️ Reporte de Transacciones con el Exterior Diario (FALTANTE)
2026-09-15 09:37:29,253 [INFO]   ⚠️ CS - Cartera Semanal (SEMANAL VENCIDO SIN ENVIAR)
2026-09-15 09:37:29,253 [INFO]   ⚠️ S001-S005 IF - Semanal Reportes Liquidez (SEMANAL VENCIDO SIN ENVIAR)
2026-09-15 09:37:29,253 [INFO]   ⚠️ Solicitud de Créditos - PREAMyPes - Semanal (SEMANAL VENCIDO SIN ENVIAR)
2026-09-15 09:37:29,253 [INFO]   ⚠️ Detalle de Créditos - CAPROSEN (MENSUAL FALTANTE)
2026-09-15 09:37:29,254 [INFO]   ⚠️ M019 IF - Mensual Tasas Pasivas (MENSUAL FALTANTE)
2026-09-15 09:37:29,254 [INFO]   ⚠️ MB01-MB20 Mensual Balance (MENSUAL FALTANTE)
2026-09-15 09:37:29,254 [INFO]   ⚠️ Mensual Solicitudes de Créditos - PEDAEEL (MENSUAL FALTANTE)
2026-09-15 09:37:29,254 [INFO]   ⚠️ Solicitud de Créditos - PREAMyPes - Mensual (MENSUAL FALTANTE)
2026-09-15 09:37:29,254 [INFO]   ⏱️ Reporte de transacciones relativas a la compra de activos virtuales (MENSUAL ENVIADO FUERA DE PLAZO)
2026-09-15 09:37:29,254 [INFO] Resumen: 1 exitosos | 0 pendientes | 0 errores | 17 faltantes | 1 tardíos | 0 sin enviar (dentro de plazo)
2026-09-15 09:37:29,255 [INFO] Revisión completada. Próxima en 15 min.
2026-09-15 09:37:39,072 [INFO] Reporte subsanado por duplicado exitoso: Reporte de Prueba (, ocurrencia=única)
2026-09-15 09:37:39,125 [INFO] Reporte subsanado por duplicado exitoso: Reporte de Prueba (2026-09-02, ocurrencia=1)
2026-09-15 09:37:39,191 [INFO] ============================================================
2026-09-15 09:37:39,191 [INFO] Iniciando revisión: 2026-09-03 13:00:00
2026-09-15 09:37:39,209 [INFO] Rangos de consulta: 31/8/2026 a 31/8/2026, 2/9/2026 a 2/9/2026
2026-09-15 09:37:39,229 [INFO] Reporte exitoso tardío resuelto sin alerta: Reporte de transacciones relativas a la compra de activos virtuales
2026-09-15 09:37:39,229 [INFO] Validando obligaciones configuradas para 2/9/2026...
2026-09-15 09:37:39,229 [WARNING] ⚠️  Reportes diarios FALTANTES: ['Ampliación de plazo de reclamos de primera instancia', 'D001-D005 IF - Diario Encaje', 'D006 IF - Diario Tasas de Interés Activas', 'D007 IF - Diario Operaciones Interbancarias', 'D008 IF - Diario Tipo de Cambio', 'D008 IF - Diario Tipo de Cambio', 'D012 - Créditos refinanciados y/o reprogramados', 'REPORTE DIARIO DE RETIRO DE DEPÓSITOS EN MONEDA EXTRANJERA', 'Reporte de Transacciones con el Exterior Diario']
2026-09-15 09:37:39,229 [WARNING] ⚠️ Reportes semanales VENCIDOS: ['CS - Cartera Semanal', 'S001-S005 IF - Semanal Reportes Liquidez', 'Solicitud de Créditos - PREAMyPes - Semanal']
2026-09-15 09:37:39,230 [WARNING] ⚠️ Reportes mensuales FALTANTES: ['Detalle de Créditos - CAPROSEN', 'M019 IF - Mensual Tasas Pasivas', 'MB01-MB20 Mensual Balance', 'Mensual Solicitudes de Créditos - PEDAEEL', 'Solicitud de Créditos - PREAMyPes - Mensual']
2026-09-15 09:37:39,230 [INFO] Reportes mensuales enviados fuera de plazo; se mantienen en Reportes Vencidos sin enviar alerta: ['Reporte de transacciones relativas a la compra de activos virtuales']
2026-09-15 09:37:39,230 [INFO] Estado de los reportes (1 ✅ | 0 ❌ | 17 ⚠️ | 1 ⏱️ | 0 ⏳):
2026-09-15 09:37:39,230 [INFO]   ✅ Reporte de transacciones relativas a la compra de activos virtuales (TEST | corte 31/8/2026)
2026-09-15 09:37:39,230 [INFO]   ⚠️ Ampliación de plazo de reclamos de primera instancia (FALTANTE)
2026-09-15 09:37:39,230 [INFO]   ⚠️ D001-D005 IF - Diario Encaje (FALTANTE)
2026-09-15 09:37:39,231 [INFO]   ⚠️ D006 IF - Diario Tasas de Interés Activas (FALTANTE)
2026-09-15 09:37:39,232 [INFO]   ⚠️ D007 IF - Diario Operaciones Interbancarias (FALTANTE)
2026-09-15 09:37:39,232 [INFO]   ⚠️ D008 IF - Diario Tipo de Cambio (FALTANTE)
2026-09-15 09:37:39,232 [INFO]   ⚠️ D008 IF - Diario Tipo de Cambio (FALTANTE)
2026-09-15 09:37:39,232 [INFO]   ⚠️ D012 - Créditos refinanciados y/o reprogramados (FALTANTE)
2026-09-15 09:37:39,232 [INFO]   ⚠️ REPORTE DIARIO DE RETIRO DE DEPÓSITOS EN MONEDA EXTRANJERA (FALTANTE)
2026-09-15 09:37:39,232 [INFO]   ⚠️ Reporte de Transacciones con el Exterior Diario (FALTANTE)
2026-09-15 09:37:39,232 [INFO]   ⚠️ CS - Cartera Semanal (SEMANAL VENCIDO SIN ENVIAR)
2026-09-15 09:37:39,233 [INFO]   ⚠️ S001-S005 IF - Semanal Reportes Liquidez (SEMANAL VENCIDO SIN ENVIAR)
2026-09-15 09:37:39,233 [INFO]   ⚠️ Solicitud de Créditos - PREAMyPes - Semanal (SEMANAL VENCIDO SIN ENVIAR)
2026-09-15 09:37:39,233 [INFO]   ⚠️ Detalle de Créditos - CAPROSEN (MENSUAL FALTANTE)
2026-09-15 09:37:39,233 [INFO]   ⚠️ M019 IF - Mensual Tasas Pasivas (MENSUAL FALTANTE)
2026-09-15 09:37:39,233 [INFO]   ⚠️ MB01-MB20 Mensual Balance (MENSUAL FALTANTE)
2026-09-15 09:37:39,233 [INFO]   ⚠️ Mensual Solicitudes de Créditos - PEDAEEL (MENSUAL FALTANTE)
2026-09-15 09:37:39,234 [INFO]   ⚠️ Solicitud de Créditos - PREAMyPes - Mensual (MENSUAL FALTANTE)
2026-09-15 09:37:39,234 [INFO]   ⏱️ Reporte de transacciones relativas a la compra de activos virtuales (MENSUAL ENVIADO FUERA DE PLAZO)
2026-09-15 09:37:39,234 [INFO] Resumen: 1 exitosos | 0 pendientes | 0 errores | 17 faltantes | 1 tardíos | 0 sin enviar (dentro de plazo)
2026-09-15 09:37:39,234 [INFO] Revisión completada. Próxima en 15 min.
2026-09-15 09:39:47,250 [INFO] ============================================================
2026-09-15 09:39:47,250 [INFO] ASFI SCIP Monitor iniciado
2026-09-15 09:39:47,250 [INFO]   Usuario  : thomas.clavijo@comarapa.coop
2026-09-15 09:39:47,251 [INFO]   Intervalo: 15 minutos
2026-09-15 09:39:47,251 [INFO]   Headless : True
2026-09-15 09:39:47,251 [INFO]   Días atrás: 1
2026-09-15 09:39:47,251 [INFO] ============================================================
2026-09-15 09:39:47,456 [INFO] [NOTIFICACION] ASFI/SCIP Monitor iniciado: Monitoreando reportes cada 15 min.
2026-09-15 09:39:59,000 [INFO] ============================================================
2026-09-15 09:39:59,000 [INFO] Iniciando revisión: 2026-09-15 09:39:59
2026-09-15 09:39:59,047 [INFO] Rangos de consulta: 31/8/2026 a 31/8/2026, 14/9/2026 a 14/9/2026
2026-09-15 09:39:59,047 [INFO] Consultas separadas a SCIP: 2
2026-09-15 09:39:59,047 [INFO] Fechas a consultar: 31/8/2026 a 31/8/2026
2026-09-15 09:40:00,220 [INFO] Iniciando navegador Chromium...
2026-09-15 09:40:10,080 [INFO] Abriendo login: https://appweb.asfi.gob.bo/SCIP/Login.aspx?ReturnUrl=%2fSCIP%2fmControlPlazos%2fControlPlazos.aspx
2026-09-15 09:40:15,881 [INFO] Ingresando credenciales...
2026-09-15 09:40:20,606 [INFO] Login exitoso
2026-09-15 09:40:37,896 [INFO] Procesando pagina 1 de la tabla...
2026-09-15 09:40:37,931 [INFO] Filas encontradas en pagina 1: 10
2026-09-15 09:40:39,628 [INFO] Procesando pagina 2 de la tabla...
2026-09-15 09:40:39,672 [INFO] Filas encontradas en pagina 2: 10
2026-09-15 09:40:41,311 [INFO] Procesando pagina 3 de la tabla...
2026-09-15 09:40:41,346 [INFO] Filas encontradas en pagina 3: 10
2026-09-15 09:40:43,232 [INFO] Procesando pagina 4 de la tabla...
2026-09-15 09:40:43,271 [INFO] Filas encontradas en pagina 4: 10
2026-09-15 09:40:44,239 [INFO] Navegador cerrado.
2026-09-15 09:40:44,318 [INFO] Fechas a consultar: 14/9/2026 a 14/9/2026
2026-09-15 09:40:45,360 [INFO] Iniciando navegador Chromium...
2026-09-15 09:40:52,285 [INFO] Abriendo login: https://appweb.asfi.gob.bo/SCIP/Login.aspx?ReturnUrl=%2fSCIP%2fmControlPlazos%2fControlPlazos.aspx
2026-09-15 09:40:55,551 [INFO] Ingresando credenciales...
2026-09-15 09:41:00,142 [INFO] Login exitoso
2026-09-15 09:41:17,198 [INFO] Procesando pagina 1 de la tabla...
2026-09-15 09:41:17,248 [INFO] Filas encontradas en pagina 1: 10
2026-09-15 09:41:19,526 [INFO] Procesando pagina 2 de la tabla...
2026-09-15 09:41:19,545 [INFO] Filas encontradas en pagina 2: 1
2026-09-15 09:41:19,783 [INFO] Navegador cerrado.
2026-09-15 09:41:19,821 [INFO] Total registros extraidos en consultas separadas: 50
2026-09-15 09:41:19,824 [INFO] Filas fuera de las obligaciones vigentes ignoradas: 13
2026-09-15 09:41:19,833 [INFO] Reporte subsanado por duplicado exitoso: CM - Cartera Mensual (2026-08-31, ocurrencia=única)
2026-09-15 09:41:19,834 [INFO] Reporte subsanado por duplicado exitoso: CM - Cartera Mensual (2026-08-31, ocurrencia=única)
2026-09-15 09:41:19,834 [INFO] Reporte subsanado por duplicado exitoso: CM - Cartera Mensual (2026-08-31, ocurrencia=única)
2026-09-15 09:41:19,834 [INFO] Reporte subsanado por duplicado exitoso: CM - Cartera Mensual (2026-08-31, ocurrencia=única)
2026-09-15 09:41:19,835 [INFO] Reporte subsanado por duplicado exitoso: MC - Mensual Central de Información Crediticia (2026-08-31, ocurrencia=única)
2026-09-15 09:41:19,837 [INFO] Reporte subsanado por duplicado exitoso: MC - Mensual Central de Información Crediticia (2026-08-31, ocurrencia=única)
2026-09-15 09:41:19,838 [INFO] Reporte subsanado por duplicado exitoso: Detalle de solicitudes de crédito (2026-08-31, ocurrencia=única)
2026-09-15 09:41:19,898 [INFO] Validando obligaciones configuradas para 14/9/2026...
2026-09-15 09:41:19,898 [INFO] Reportes mensuales enviados fuera de plazo; se mantienen en Reportes Vencidos sin enviar alerta: ['Reporte de transacciones relativas a la compra de activos virtuales']
2026-09-15 09:41:19,899 [INFO] Estado de los reportes (37 ✅ | 0 ❌ | 0 ⚠️ | 1 ⏱️ | 0 ⏳):
2026-09-15 09:41:19,899 [INFO]   ✅ M019 IF - Mensual Tasas Pasivas (CCM | corte 2026-08-31)
2026-09-15 09:41:19,899 [INFO]   ✅ CM - Cartera Mensual (CCM | corte 2026-08-31)
2026-09-15 09:41:19,899 [INFO]   ✅ CM - Cartera Mensual (CCM | corte 2026-08-31)
2026-09-15 09:41:19,900 [INFO]   ✅ CM - Cartera Mensual (CCM | corte 2026-08-31)
2026-09-15 09:41:19,900 [INFO]   ✅ CM - Cartera Mensual (CCM | corte 2026-08-31)
2026-09-15 09:41:19,900 [INFO]   ✅ CM - Cartera Mensual (CCM | corte 2026-08-31)
2026-09-15 09:41:19,900 [INFO]   ✅ MB01-MB20 Mensual Balance (CCM | corte 2026-08-31)
2026-09-15 09:41:19,901 [INFO]   ✅ MC - Mensual Central de Información Crediticia (CCM | corte 2026-08-31)
2026-09-15 09:41:19,902 [INFO]   ✅ MC - Mensual Central de Información Crediticia (CCM | corte 2026-08-31)
2026-09-15 09:41:19,903 [INFO]   ✅ MC - Mensual Central de Información Crediticia (CCM | corte 2026-08-31)
2026-09-15 09:41:19,903 [INFO]   ✅ Depósitos y ahorristas (CCM | corte 2026-08-31)
2026-09-15 09:41:19,904 [INFO]   ✅ Depósitos a plazo fijo (CCM | corte 2026-08-31)
2026-09-15 09:41:19,904 [INFO]   ✅ Detalle de Créditos - CAPROSEN (CCM | corte 2026-08-31)
2026-09-15 09:41:19,904 [INFO]   ✅ Crédito PCD (CCM | corte 2026-08-31)
2026-09-15 09:41:19,905 [INFO]   ✅ Solicitud de Créditos - PREAMyPes - Mensual (CCM | corte 2026-08-31)
2026-09-15 09:41:19,905 [INFO]   ✅ Tarifas y n° de transacciones de servicios o productos (CCM | corte 2026-08-31)
2026-09-15 09:41:19,905 [INFO]   ✅ M020 - Mensual PR Reclamos (CCM | corte 2026-08-31)
2026-09-15 09:41:19,906 [INFO]   ✅ M021 - Mensual PR Soluciones (CCM | corte 2026-08-31)
2026-09-15 09:41:19,906 [INFO]   ✅ M029 - Información general de Personas Expuestas Políticamente (CCM | corte 2026-08-31)
2026-09-15 09:41:19,906 [INFO]   ✅ Detalle de solicitudes de crédito (CCM | corte 2026-08-31)
2026-09-15 09:41:19,907 [INFO]   ✅ Detalle de solicitudes de crédito (CCM | corte 2026-08-31)
2026-09-15 09:41:19,908 [INFO]   ✅ M030 - Reporte de tarifas (CCM | corte 2026-08-31)
2026-09-15 09:41:19,909 [INFO]   ✅ Pasivos con el Público (CCM | corte 2026-08-31)
2026-09-15 09:41:19,910 [INFO]   ✅ Operaciones prorrogadas (CCM | corte 2026-08-31)
2026-09-15 09:41:19,910 [INFO]   ✅ Reporte de transacciones relativas a la compra de activos virtuales (CCM | corte 2026-08-31)
2026-09-15 09:41:19,911 [INFO]   ✅ MI01-MI09 - Mensual Central de Información de Riesgo Operativo (CCM | corte 2026-08-31)
2026-09-15 09:41:19,911 [INFO]   ✅ Mensual Solicitudes de Créditos - PEDAEEL (CCM | corte 2026-08-31)
2026-09-15 09:41:19,911 [INFO]   ✅ D007 IF - Diario Operaciones Interbancarias (CCM | corte 2026-09-14)
2026-09-15 09:41:19,912 [INFO]   ✅ D006 IF - Diario Tasas de Interés Activas (CCM | corte 2026-09-14)
2026-09-15 09:41:19,912 [INFO]   ✅ D008 IF - Diario Tipo de Cambio (CCM | corte 2026-09-14)
2026-09-15 09:41:19,912 [INFO]   ✅ D008 IF - Diario Tipo de Cambio (CCM | corte 2026-09-14)
2026-09-15 09:41:19,912 [INFO]   ✅ Estratificación de Depósitos (CCM | corte 2026-09-14)
2026-09-15 09:41:19,913 [INFO]   ✅ Ampliación de plazo de reclamos de primera instancia (CCM | corte 2026-09-14)
2026-09-15 09:41:19,913 [INFO]   ✅ Reporte de Transacciones con el Exterior Diario (CCM | corte 2026-09-14)
2026-09-15 09:41:19,913 [INFO]   ✅ D001-D005 IF - Diario Encaje (CCM | corte 2026-09-14)
2026-09-15 09:41:19,913 [INFO]   ✅ D012 - Créditos refinanciados y/o reprogramados (CCM | corte 2026-09-14)
2026-09-15 09:41:19,914 [INFO]   ✅ REPORTE DIARIO DE RETIRO DE DEPÓSITOS EN MONEDA EXTRANJERA (CCM | corte 2026-09-14)
2026-09-15 09:41:19,914 [INFO]   ⏱️ Reporte de transacciones relativas a la compra de activos virtuales (MENSUAL ENVIADO FUERA DE PLAZO)
2026-09-15 09:41:19,923 [INFO] Resumen: 37 exitosos | 0 pendientes | 0 errores | 0 faltantes | 1 tardíos | 0 sin enviar (dentro de plazo)
2026-09-15 09:41:19,929 [INFO] Revisión completada. Próxima en 15 min.
2026-09-15 09:41:19,930 [INFO] Scheduler activo. Revisando cada 15 minutos.
2026-09-15 09:41:19,931 [INFO] Presionar Ctrl+C para detener.
2026-09-15 09:56:19,953 [INFO] ============================================================
2026-09-15 09:56:19,953 [INFO] Iniciando revisión: 2026-09-15 09:56:19
2026-09-15 09:56:20,042 [INFO] Rangos de consulta: 31/8/2026 a 31/8/2026, 14/9/2026 a 14/9/2026
2026-09-15 09:56:20,043 [INFO] Consultas separadas a SCIP: 2
2026-09-15 09:56:20,043 [INFO] Fechas a consultar: 31/8/2026 a 31/8/2026
2026-09-15 09:56:22,384 [INFO] Iniciando navegador Chromium...
2026-09-15 09:56:29,084 [INFO] Abriendo login: https://appweb.asfi.gob.bo/SCIP/Login.aspx?ReturnUrl=%2fSCIP%2fmControlPlazos%2fControlPlazos.aspx
2026-09-15 09:56:34,444 [INFO] Ingresando credenciales...
2026-09-15 09:56:38,946 [INFO] Login exitoso
2026-09-15 09:56:54,815 [INFO] Procesando pagina 1 de la tabla...
2026-09-15 09:56:54,852 [INFO] Filas encontradas en pagina 1: 10
2026-09-15 09:56:56,874 [INFO] Procesando pagina 2 de la tabla...
2026-09-15 09:56:56,890 [INFO] Filas encontradas en pagina 2: 10
2026-09-15 09:56:58,730 [INFO] Procesando pagina 3 de la tabla...
2026-09-15 09:56:58,746 [INFO] Filas encontradas en pagina 3: 10
2026-09-15 09:57:00,661 [INFO] Procesando pagina 4 de la tabla...
2026-09-15 09:57:00,677 [INFO] Filas encontradas en pagina 4: 10
2026-09-15 09:57:01,653 [INFO] Navegador cerrado.
2026-09-15 09:57:01,687 [INFO] Fechas a consultar: 14/9/2026 a 14/9/2026
2026-09-15 09:57:03,303 [INFO] Iniciando navegador Chromium...
2026-09-15 09:57:09,738 [INFO] Abriendo login: https://appweb.asfi.gob.bo/SCIP/Login.aspx?ReturnUrl=%2fSCIP%2fmControlPlazos%2fControlPlazos.aspx
2026-09-15 09:57:12,828 [INFO] Ingresando credenciales...
2026-09-15 09:57:17,974 [INFO] Login exitoso
2026-09-15 09:57:34,097 [INFO] Procesando pagina 1 de la tabla...
2026-09-15 09:57:34,132 [INFO] Filas encontradas en pagina 1: 10
2026-09-15 09:57:36,009 [INFO] Procesando pagina 2 de la tabla...
2026-09-15 09:57:36,025 [INFO] Filas encontradas en pagina 2: 1
2026-09-15 09:57:36,200 [INFO] Navegador cerrado.
2026-09-15 09:57:36,228 [INFO] Total registros extraidos en consultas separadas: 50
2026-09-15 09:57:36,231 [INFO] Filas fuera de las obligaciones vigentes ignoradas: 13
2026-09-15 09:57:36,233 [INFO] Reporte subsanado por duplicado exitoso: CM - Cartera Mensual (2026-08-31, ocurrencia=única)
2026-09-15 09:57:36,233 [INFO] Reporte subsanado por duplicado exitoso: CM - Cartera Mensual (2026-08-31, ocurrencia=única)
2026-09-15 09:57:36,234 [INFO] Reporte subsanado por duplicado exitoso: CM - Cartera Mensual (2026-08-31, ocurrencia=única)
2026-09-15 09:57:36,234 [INFO] Reporte subsanado por duplicado exitoso: CM - Cartera Mensual (2026-08-31, ocurrencia=única)
2026-09-15 09:57:36,234 [INFO] Reporte subsanado por duplicado exitoso: MC - Mensual Central de Información Crediticia (2026-08-31, ocurrencia=única)
2026-09-15 09:57:36,234 [INFO] Reporte subsanado por duplicado exitoso: MC - Mensual Central de Información Crediticia (2026-08-31, ocurrencia=única)
2026-09-15 09:57:36,235 [INFO] Reporte subsanado por duplicado exitoso: Detalle de solicitudes de crédito (2026-08-31, ocurrencia=única)
2026-09-15 09:57:36,269 [INFO] Validando obligaciones configuradas para 14/9/2026...
2026-09-15 09:57:36,269 [INFO] Reportes mensuales enviados fuera de plazo; se mantienen en Reportes Vencidos sin enviar alerta: ['Reporte de transacciones relativas a la compra de activos virtuales']
2026-09-15 09:57:36,269 [INFO] Estado de los reportes (37 ✅ | 0 ❌ | 0 ⚠️ | 1 ⏱️ | 0 ⏳):
2026-09-15 09:57:36,270 [INFO]   ✅ M019 IF - Mensual Tasas Pasivas (CCM | corte 2026-08-31)
2026-09-15 09:57:36,270 [INFO]   ✅ CM - Cartera Mensual (CCM | corte 2026-08-31)
2026-09-15 09:57:36,270 [INFO]   ✅ CM - Cartera Mensual (CCM | corte 2026-08-31)
2026-09-15 09:57:36,270 [INFO]   ✅ CM - Cartera Mensual (CCM | corte 2026-08-31)
2026-09-15 09:57:36,270 [INFO]   ✅ CM - Cartera Mensual (CCM | corte 2026-08-31)
2026-09-15 09:57:36,271 [INFO]   ✅ CM - Cartera Mensual (CCM | corte 2026-08-31)
2026-09-15 09:57:36,271 [INFO]   ✅ MB01-MB20 Mensual Balance (CCM | corte 2026-08-31)
2026-09-15 09:57:36,271 [INFO]   ✅ MC - Mensual Central de Información Crediticia (CCM | corte 2026-08-31)
2026-09-15 09:57:36,271 [INFO]   ✅ MC - Mensual Central de Información Crediticia (CCM | corte 2026-08-31)
2026-09-15 09:57:36,271 [INFO]   ✅ MC - Mensual Central de Información Crediticia (CCM | corte 2026-08-31)
2026-09-15 09:57:36,272 [INFO]   ✅ Depósitos y ahorristas (CCM | corte 2026-08-31)
2026-09-15 09:57:36,273 [INFO]   ✅ Depósitos a plazo fijo (CCM | corte 2026-08-31)
2026-09-15 09:57:36,274 [INFO]   ✅ Detalle de Créditos - CAPROSEN (CCM | corte 2026-08-31)
2026-09-15 09:57:36,275 [INFO]   ✅ Crédito PCD (CCM | corte 2026-08-31)
2026-09-15 09:57:36,276 [INFO]   ✅ Solicitud de Créditos - PREAMyPes - Mensual (CCM | corte 2026-08-31)
2026-09-15 09:57:36,276 [INFO]   ✅ Tarifas y n° de transacciones de servicios o productos (CCM | corte 2026-08-31)
2026-09-15 09:57:36,276 [INFO]   ✅ M020 - Mensual PR Reclamos (CCM | corte 2026-08-31)
2026-09-15 09:57:36,277 [INFO]   ✅ M021 - Mensual PR Soluciones (CCM | corte 2026-08-31)
2026-09-15 09:57:36,277 [INFO]   ✅ M029 - Información general de Personas Expuestas Políticamente (CCM | corte 2026-08-31)
2026-09-15 09:57:36,277 [INFO]   ✅ Detalle de solicitudes de crédito (CCM | corte 2026-08-31)
2026-09-15 09:57:36,277 [INFO]   ✅ Detalle de solicitudes de crédito (CCM | corte 2026-08-31)
2026-09-15 09:57:36,278 [INFO]   ✅ M030 - Reporte de tarifas (CCM | corte 2026-08-31)
2026-09-15 09:57:36,278 [INFO]   ✅ Pasivos con el Público (CCM | corte 2026-08-31)
2026-09-15 09:57:36,278 [INFO]   ✅ Operaciones prorrogadas (CCM | corte 2026-08-31)
2026-09-15 09:57:36,278 [INFO]   ✅ Reporte de transacciones relativas a la compra de activos virtuales (CCM | corte 2026-08-31)
2026-09-15 09:57:36,279 [INFO]   ✅ MI01-MI09 - Mensual Central de Información de Riesgo Operativo (CCM | corte 2026-08-31)
2026-09-15 09:57:36,279 [INFO]   ✅ Mensual Solicitudes de Créditos - PEDAEEL (CCM | corte 2026-08-31)
2026-09-15 09:57:36,280 [INFO]   ✅ D007 IF - Diario Operaciones Interbancarias (CCM | corte 2026-09-14)
2026-09-15 09:57:36,280 [INFO]   ✅ D006 IF - Diario Tasas de Interés Activas (CCM | corte 2026-09-14)
2026-09-15 09:57:36,280 [INFO]   ✅ D008 IF - Diario Tipo de Cambio (CCM | corte 2026-09-14)
2026-09-15 09:57:36,281 [INFO]   ✅ D008 IF - Diario Tipo de Cambio (CCM | corte 2026-09-14)
2026-09-15 09:57:36,281 [INFO]   ✅ Estratificación de Depósitos (CCM | corte 2026-09-14)
2026-09-15 09:57:36,282 [INFO]   ✅ Ampliación de plazo de reclamos de primera instancia (CCM | corte 2026-09-14)
2026-09-15 09:57:36,282 [INFO]   ✅ Reporte de Transacciones con el Exterior Diario (CCM | corte 2026-09-14)
2026-09-15 09:57:36,283 [INFO]   ✅ D001-D005 IF - Diario Encaje (CCM | corte 2026-09-14)
2026-09-15 09:57:36,283 [INFO]   ✅ D012 - Créditos refinanciados y/o reprogramados (CCM | corte 2026-09-14)
2026-09-15 09:57:36,283 [INFO]   ✅ REPORTE DIARIO DE RETIRO DE DEPÓSITOS EN MONEDA EXTRANJERA (CCM | corte 2026-09-14)
2026-09-15 09:57:36,283 [INFO]   ⏱️ Reporte de transacciones relativas a la compra de activos virtuales (MENSUAL ENVIADO FUERA DE PLAZO)
2026-09-15 09:57:36,284 [INFO] Resumen: 37 exitosos | 0 pendientes | 0 errores | 0 faltantes | 1 tardíos | 0 sin enviar (dentro de plazo)
2026-09-15 09:57:36,286 [INFO] Revisión completada. Próxima en 15 min.
2026-09-15 10:00:58,488 [INFO] Reporte subsanado por duplicado exitoso: Reporte de Prueba (, ocurrencia=única)
2026-09-15 10:00:58,765 [INFO] Reporte subsanado por duplicado exitoso: Reporte de Prueba (2026-09-02, ocurrencia=1)
2026-09-15 10:00:59,012 [INFO] ============================================================
2026-09-15 10:00:59,012 [INFO] Iniciando revisión: 2026-09-03 13:00:00
2026-09-15 10:00:59,046 [INFO] Rangos de consulta: 31/8/2026 a 31/8/2026, 2/9/2026 a 2/9/2026
2026-09-15 10:00:59,101 [INFO] Reporte exitoso tardío resuelto sin alerta: Reporte de transacciones relativas a la compra de activos virtuales
2026-09-15 10:00:59,101 [INFO] Validando obligaciones configuradas para 2/9/2026...
2026-09-15 10:00:59,102 [WARNING] ⚠️  Reportes diarios FALTANTES: ['Ampliación de plazo de reclamos de primera instancia', 'D001-D005 IF - Diario Encaje', 'D006 IF - Diario Tasas de Interés Activas', 'D007 IF - Diario Operaciones Interbancarias', 'D008 IF - Diario Tipo de Cambio', 'D008 IF - Diario Tipo de Cambio', 'D012 - Créditos refinanciados y/o reprogramados', 'REPORTE DIARIO DE RETIRO DE DEPÓSITOS EN MONEDA EXTRANJERA', 'Reporte de Transacciones con el Exterior Diario']
2026-09-15 10:00:59,102 [WARNING] ⚠️ Reportes semanales VENCIDOS: ['CS - Cartera Semanal', 'S001-S005 IF - Semanal Reportes Liquidez', 'Solicitud de Créditos - PREAMyPes - Semanal']
2026-09-15 10:00:59,102 [WARNING] ⚠️ Reportes mensuales FALTANTES: ['Detalle de Créditos - CAPROSEN', 'M019 IF - Mensual Tasas Pasivas', 'MB01-MB20 Mensual Balance', 'Mensual Solicitudes de Créditos - PEDAEEL', 'Solicitud de Créditos - PREAMyPes - Mensual']
2026-09-15 10:00:59,102 [INFO] Reportes mensuales enviados fuera de plazo; se mantienen en Reportes Vencidos sin enviar alerta: ['Reporte de transacciones relativas a la compra de activos virtuales']
2026-09-15 10:00:59,102 [INFO] Estado de los reportes (1 ✅ | 0 ❌ | 17 ⚠️ | 1 ⏱️ | 0 ⏳):
2026-09-15 10:00:59,103 [INFO]   ✅ Reporte de transacciones relativas a la compra de activos virtuales (TEST | corte 31/8/2026)
2026-09-15 10:00:59,103 [INFO]   ⚠️ Ampliación de plazo de reclamos de primera instancia (FALTANTE)
2026-09-15 10:00:59,103 [INFO]   ⚠️ D001-D005 IF - Diario Encaje (FALTANTE)
2026-09-15 10:00:59,103 [INFO]   ⚠️ D006 IF - Diario Tasas de Interés Activas (FALTANTE)
2026-09-15 10:00:59,103 [INFO]   ⚠️ D007 IF - Diario Operaciones Interbancarias (FALTANTE)
2026-09-15 10:00:59,103 [INFO]   ⚠️ D008 IF - Diario Tipo de Cambio (FALTANTE)
2026-09-15 10:00:59,103 [INFO]   ⚠️ D008 IF - Diario Tipo de Cambio (FALTANTE)
2026-09-15 10:00:59,103 [INFO]   ⚠️ D012 - Créditos refinanciados y/o reprogramados (FALTANTE)
2026-09-15 10:00:59,103 [INFO]   ⚠️ REPORTE DIARIO DE RETIRO DE DEPÓSITOS EN MONEDA EXTRANJERA (FALTANTE)
2026-09-15 10:00:59,103 [INFO]   ⚠️ Reporte de Transacciones con el Exterior Diario (FALTANTE)
2026-09-15 10:00:59,103 [INFO]   ⚠️ CS - Cartera Semanal (SEMANAL VENCIDO SIN ENVIAR)
2026-09-15 10:00:59,103 [INFO]   ⚠️ S001-S005 IF - Semanal Reportes Liquidez (SEMANAL VENCIDO SIN ENVIAR)
2026-09-15 10:00:59,103 [INFO]   ⚠️ Solicitud de Créditos - PREAMyPes - Semanal (SEMANAL VENCIDO SIN ENVIAR)
2026-09-15 10:00:59,103 [INFO]   ⚠️ Detalle de Créditos - CAPROSEN (MENSUAL FALTANTE)
2026-09-15 10:00:59,103 [INFO]   ⚠️ M019 IF - Mensual Tasas Pasivas (MENSUAL FALTANTE)
2026-09-15 10:00:59,104 [INFO]   ⚠️ MB01-MB20 Mensual Balance (MENSUAL FALTANTE)
2026-09-15 10:00:59,104 [INFO]   ⚠️ Mensual Solicitudes de Créditos - PEDAEEL (MENSUAL FALTANTE)
2026-09-15 10:00:59,104 [INFO]   ⚠️ Solicitud de Créditos - PREAMyPes - Mensual (MENSUAL FALTANTE)
2026-09-15 10:00:59,104 [INFO]   ⏱️ Reporte de transacciones relativas a la compra de activos virtuales (MENSUAL ENVIADO FUERA DE PLAZO)
2026-09-15 10:00:59,104 [INFO] Resumen: 1 exitosos | 0 pendientes | 0 errores | 17 faltantes | 1 tardíos | 0 sin enviar (dentro de plazo)
2026-09-15 10:00:59,104 [INFO] Revisión completada. Próxima en 15 min.
2026-09-15 10:12:36,318 [INFO] ============================================================
2026-09-15 10:12:36,319 [INFO] Iniciando revisión: 2026-09-15 10:12:36
2026-09-15 10:15:32,848 [INFO] ============================================================
2026-09-15 10:15:32,849 [INFO] ASFI SCIP Monitor iniciado
2026-09-15 10:15:32,849 [INFO]   Usuario  : thomas.clavijo@comarapa.coop
2026-09-15 10:15:32,849 [INFO]   Intervalo: 15 minutos
2026-09-15 10:15:32,849 [INFO]   Headless : True
2026-09-15 10:15:32,850 [INFO]   Días atrás: 1
2026-09-15 10:15:32,850 [INFO] ============================================================
2026-09-15 10:15:33,032 [INFO] [NOTIFICACION] ASFI/SCIP Monitor iniciado: Monitoreando reportes cada 15 min.
2026-09-15 10:15:44,547 [INFO] ============================================================
2026-09-15 10:15:44,547 [INFO] Iniciando revisión: 2026-09-15 10:15:44
2026-09-15 10:15:44,602 [INFO] Rangos de consulta: 31/8/2026 a 31/8/2026, 14/9/2026 a 14/9/2026
2026-09-15 10:15:44,602 [INFO] Consultas separadas a SCIP: 2
2026-09-15 10:15:44,602 [INFO] Fechas a consultar: 31/8/2026 a 31/8/2026
2026-09-15 10:15:45,806 [INFO] Iniciando navegador Chromium...
2026-09-15 10:15:51,506 [INFO] Abriendo login: https://appweb.asfi.gob.bo/SCIP/Login.aspx?ReturnUrl=%2fSCIP%2fmControlPlazos%2fControlPlazos.aspx
2026-09-15 10:15:56,835 [INFO] Ingresando credenciales...
2026-09-15 10:16:01,432 [INFO] Login exitoso
2026-09-15 10:16:18,731 [INFO] Procesando pagina 1 de la tabla...
2026-09-15 10:16:18,771 [INFO] Filas encontradas en pagina 1: 10
2026-09-15 10:16:20,479 [INFO] Procesando pagina 2 de la tabla...
2026-09-15 10:16:20,533 [INFO] Filas encontradas en pagina 2: 10
2026-09-15 10:16:22,188 [INFO] Procesando pagina 3 de la tabla...
2026-09-15 10:16:22,230 [INFO] Filas encontradas en pagina 3: 10
2026-09-15 10:16:23,878 [INFO] Procesando pagina 4 de la tabla...
2026-09-15 10:16:23,931 [INFO] Filas encontradas en pagina 4: 10
2026-09-15 10:16:24,629 [INFO] Navegador cerrado.
2026-09-15 10:16:24,654 [INFO] Fechas a consultar: 14/9/2026 a 14/9/2026
2026-09-15 10:16:25,579 [INFO] Iniciando navegador Chromium...
2026-09-15 10:16:30,182 [INFO] Abriendo login: https://appweb.asfi.gob.bo/SCIP/Login.aspx?ReturnUrl=%2fSCIP%2fmControlPlazos%2fControlPlazos.aspx
2026-09-15 10:16:33,712 [INFO] Ingresando credenciales...
2026-09-15 10:16:38,247 [INFO] Login exitoso
2026-09-15 10:16:54,971 [INFO] Procesando pagina 1 de la tabla...
2026-09-15 10:16:55,004 [INFO] Filas encontradas en pagina 1: 10
2026-09-15 10:16:56,692 [INFO] Procesando pagina 2 de la tabla...
2026-09-15 10:16:56,731 [INFO] Filas encontradas en pagina 2: 1
2026-09-15 10:16:56,884 [INFO] Navegador cerrado.
2026-09-15 10:16:56,908 [INFO] Total registros extraidos en consultas separadas: 50
2026-09-15 10:16:56,912 [INFO] Filas fuera de las obligaciones vigentes ignoradas: 13
2026-09-15 10:16:56,915 [INFO] Reporte subsanado por duplicado exitoso: CM - Cartera Mensual (2026-08-31, ocurrencia=única)
2026-09-15 10:16:56,915 [INFO] Reporte subsanado por duplicado exitoso: CM - Cartera Mensual (2026-08-31, ocurrencia=única)
2026-09-15 10:16:56,915 [INFO] Reporte subsanado por duplicado exitoso: CM - Cartera Mensual (2026-08-31, ocurrencia=única)
2026-09-15 10:16:56,915 [INFO] Reporte subsanado por duplicado exitoso: CM - Cartera Mensual (2026-08-31, ocurrencia=única)
2026-09-15 10:16:56,916 [INFO] Reporte subsanado por duplicado exitoso: MC - Mensual Central de Información Crediticia (2026-08-31, ocurrencia=única)
2026-09-15 10:16:56,916 [INFO] Reporte subsanado por duplicado exitoso: MC - Mensual Central de Información Crediticia (2026-08-31, ocurrencia=única)
2026-09-15 10:16:56,916 [INFO] Reporte subsanado por duplicado exitoso: Detalle de solicitudes de crédito (2026-08-31, ocurrencia=única)
2026-09-15 10:16:56,950 [INFO] Validando obligaciones configuradas para 14/9/2026...
2026-09-15 10:16:56,950 [INFO] Reportes mensuales enviados fuera de plazo; se mantienen en Reportes Vencidos sin enviar alerta: ['Reporte de transacciones relativas a la compra de activos virtuales']
2026-09-15 10:16:56,951 [INFO] Estado de los reportes (37 ✅ | 0 ❌ | 0 ⚠️ | 1 ⏱️ | 0 ⏳):
2026-09-15 10:16:56,951 [INFO]   ✅ M019 IF - Mensual Tasas Pasivas (CCM | corte 2026-08-31)
2026-09-15 10:16:56,951 [INFO]   ✅ CM - Cartera Mensual (CCM | corte 2026-08-31)
2026-09-15 10:16:56,951 [INFO]   ✅ CM - Cartera Mensual (CCM | corte 2026-08-31)
2026-09-15 10:16:56,951 [INFO]   ✅ CM - Cartera Mensual (CCM | corte 2026-08-31)
2026-09-15 10:16:56,952 [INFO]   ✅ CM - Cartera Mensual (CCM | corte 2026-08-31)
2026-09-15 10:16:56,952 [INFO]   ✅ CM - Cartera Mensual (CCM | corte 2026-08-31)
2026-09-15 10:16:56,952 [INFO]   ✅ MB01-MB20 Mensual Balance (CCM | corte 2026-08-31)
2026-09-15 10:16:56,952 [INFO]   ✅ MC - Mensual Central de Información Crediticia (CCM | corte 2026-08-31)
2026-09-15 10:16:56,952 [INFO]   ✅ MC - Mensual Central de Información Crediticia (CCM | corte 2026-08-31)
2026-09-15 10:16:56,953 [INFO]   ✅ MC - Mensual Central de Información Crediticia (CCM | corte 2026-08-31)
2026-09-15 10:16:56,953 [INFO]   ✅ Depósitos y ahorristas (CCM | corte 2026-08-31)
2026-09-15 10:16:56,953 [INFO]   ✅ Depósitos a plazo fijo (CCM | corte 2026-08-31)
2026-09-15 10:16:56,953 [INFO]   ✅ Detalle de Créditos - CAPROSEN (CCM | corte 2026-08-31)
2026-09-15 10:16:56,953 [INFO]   ✅ Crédito PCD (CCM | corte 2026-08-31)
2026-09-15 10:16:56,953 [INFO]   ✅ Solicitud de Créditos - PREAMyPes - Mensual (CCM | corte 2026-08-31)
2026-09-15 10:16:56,954 [INFO]   ✅ Tarifas y n° de transacciones de servicios o productos (CCM | corte 2026-08-31)
2026-09-15 10:16:56,954 [INFO]   ✅ M020 - Mensual PR Reclamos (CCM | corte 2026-08-31)
2026-09-15 10:16:56,954 [INFO]   ✅ M021 - Mensual PR Soluciones (CCM | corte 2026-08-31)
2026-09-15 10:16:56,954 [INFO]   ✅ M029 - Información general de Personas Expuestas Políticamente (CCM | corte 2026-08-31)
2026-09-15 10:16:56,954 [INFO]   ✅ Detalle de solicitudes de crédito (CCM | corte 2026-08-31)
2026-09-15 10:16:56,955 [INFO]   ✅ Detalle de solicitudes de crédito (CCM | corte 2026-08-31)
2026-09-15 10:16:56,955 [INFO]   ✅ M030 - Reporte de tarifas (CCM | corte 2026-08-31)
2026-09-15 10:16:56,955 [INFO]   ✅ Pasivos con el Público (CCM | corte 2026-08-31)
2026-09-15 10:16:56,955 [INFO]   ✅ Operaciones prorrogadas (CCM | corte 2026-08-31)
2026-09-15 10:16:56,955 [INFO]   ✅ Reporte de transacciones relativas a la compra de activos virtuales (CCM | corte 2026-08-31)
2026-09-15 10:16:56,955 [INFO]   ✅ MI01-MI09 - Mensual Central de Información de Riesgo Operativo (CCM | corte 2026-08-31)
2026-09-15 10:16:56,956 [INFO]   ✅ Mensual Solicitudes de Créditos - PEDAEEL (CCM | corte 2026-08-31)
2026-09-15 10:16:56,956 [INFO]   ✅ D007 IF - Diario Operaciones Interbancarias (CCM | corte 2026-09-14)
2026-09-15 10:16:56,957 [INFO]   ✅ D006 IF - Diario Tasas de Interés Activas (CCM | corte 2026-09-14)
2026-09-15 10:16:56,957 [INFO]   ✅ D008 IF - Diario Tipo de Cambio (CCM | corte 2026-09-14)
2026-09-15 10:16:56,957 [INFO]   ✅ D008 IF - Diario Tipo de Cambio (CCM | corte 2026-09-14)
2026-09-15 10:16:56,957 [INFO]   ✅ Estratificación de Depósitos (CCM | corte 2026-09-14)
2026-09-15 10:16:56,957 [INFO]   ✅ Ampliación de plazo de reclamos de primera instancia (CCM | corte 2026-09-14)
2026-09-15 10:16:56,958 [INFO]   ✅ Reporte de Transacciones con el Exterior Diario (CCM | corte 2026-09-14)
2026-09-15 10:16:56,958 [INFO]   ✅ D001-D005 IF - Diario Encaje (CCM | corte 2026-09-14)
2026-09-15 10:16:56,958 [INFO]   ✅ D012 - Créditos refinanciados y/o reprogramados (CCM | corte 2026-09-14)
2026-09-15 10:16:56,958 [INFO]   ✅ REPORTE DIARIO DE RETIRO DE DEPÓSITOS EN MONEDA EXTRANJERA (CCM | corte 2026-09-14)
2026-09-15 10:16:56,959 [INFO]   ⏱️ Reporte de transacciones relativas a la compra de activos virtuales (MENSUAL ENVIADO FUERA DE PLAZO)
2026-09-15 10:16:56,959 [INFO] Resumen: 37 exitosos | 0 pendientes | 0 errores | 0 faltantes | 1 tardíos | 0 sin enviar (dentro de plazo)
2026-09-15 10:16:56,962 [INFO] Revisión completada. Próxima en 15 min.
2026-09-15 10:16:56,963 [INFO] Scheduler activo. Revisando cada 15 minutos.
2026-09-15 10:16:56,964 [INFO] Presionar Ctrl+C para detener.
2026-09-15 10:17:33,279 [INFO] Monitor detenido por el usuario.
2026-09-15 10:17:33,281 [INFO] [NOTIFICACION] ASFI/SCIP Monitor detenido: El monitoreo fue detenido manualmente.
2026-09-15 10:22:42,346 [INFO] ============================================================
2026-09-15 10:22:42,346 [INFO] Iniciando revisión: 2026-09-15 10:22:42
2026-09-15 10:22:42,370 [INFO] Rangos de consulta: 31/8/2026 a 31/8/2026, 14/9/2026 a 14/9/2026
2026-09-15 10:22:42,372 [INFO] Consultas separadas a SCIP: 2
2026-09-15 10:22:42,537 [INFO] Fechas a consultar: 31/8/2026 a 31/8/2026
2026-09-15 10:22:43,498 [INFO] Iniciando navegador Chromium...
2026-09-15 10:22:48,240 [INFO] Abriendo login: https://appweb.asfi.gob.bo/SCIP/Login.aspx?ReturnUrl=%2fSCIP%2fmControlPlazos%2fControlPlazos.aspx
2026-09-15 10:22:51,267 [INFO] Ingresando credenciales...
2026-09-15 10:22:55,678 [INFO] Login exitoso
2026-09-15 10:23:12,763 [INFO] Procesando pagina 1 de la tabla...
2026-09-15 10:23:12,799 [INFO] Filas encontradas en pagina 1: 10
2026-09-15 10:23:14,464 [INFO] Procesando pagina 2 de la tabla...
2026-09-15 10:23:14,506 [INFO] Filas encontradas en pagina 2: 10
2026-09-15 10:23:16,147 [INFO] Procesando pagina 3 de la tabla...
2026-09-15 10:23:16,195 [INFO] Filas encontradas en pagina 3: 10
2026-09-15 10:23:17,875 [INFO] Procesando pagina 4 de la tabla...
2026-09-15 10:23:17,921 [INFO] Filas encontradas en pagina 4: 10
2026-09-15 10:23:18,724 [INFO] Navegador cerrado.
2026-09-15 10:23:18,742 [INFO] Fechas a consultar: 14/9/2026 a 14/9/2026
2026-09-15 10:23:19,677 [INFO] Iniciando navegador Chromium...
2026-09-15 10:23:24,408 [INFO] Abriendo login: https://appweb.asfi.gob.bo/SCIP/Login.aspx?ReturnUrl=%2fSCIP%2fmControlPlazos%2fControlPlazos.aspx
2026-09-15 10:23:27,448 [INFO] Ingresando credenciales...
2026-09-15 10:23:32,081 [INFO] Login exitoso
2026-09-15 10:23:55,904 [INFO] Procesando pagina 1 de la tabla...
2026-09-15 10:23:55,943 [INFO] Filas encontradas en pagina 1: 10
2026-09-15 10:23:57,670 [INFO] Procesando pagina 2 de la tabla...
2026-09-15 10:23:57,711 [INFO] Filas encontradas en pagina 2: 1
2026-09-15 10:23:57,876 [INFO] Navegador cerrado.
2026-09-15 10:23:57,895 [INFO] Total registros extraidos en consultas separadas: 50
2026-09-15 10:23:57,897 [INFO] Filas fuera de las obligaciones vigentes ignoradas: 13
2026-09-15 10:23:57,900 [INFO] Reporte subsanado por duplicado exitoso: CM - Cartera Mensual (2026-08-31, ocurrencia=única)
2026-09-15 10:23:57,900 [INFO] Reporte subsanado por duplicado exitoso: CM - Cartera Mensual (2026-08-31, ocurrencia=única)
2026-09-15 10:23:57,900 [INFO] Reporte subsanado por duplicado exitoso: CM - Cartera Mensual (2026-08-31, ocurrencia=única)
2026-09-15 10:23:57,900 [INFO] Reporte subsanado por duplicado exitoso: CM - Cartera Mensual (2026-08-31, ocurrencia=única)
2026-09-15 10:23:57,901 [INFO] Reporte subsanado por duplicado exitoso: MC - Mensual Central de Información Crediticia (2026-08-31, ocurrencia=única)
2026-09-15 10:23:57,901 [INFO] Reporte subsanado por duplicado exitoso: MC - Mensual Central de Información Crediticia (2026-08-31, ocurrencia=única)
2026-09-15 10:23:57,901 [INFO] Reporte subsanado por duplicado exitoso: Detalle de solicitudes de crédito (2026-08-31, ocurrencia=única)
2026-09-15 10:23:57,929 [INFO] Validando obligaciones configuradas para 14/9/2026...
2026-09-15 10:23:57,929 [INFO] Reportes mensuales enviados fuera de plazo; se mantienen en Reportes Vencidos sin enviar alerta: ['Reporte de transacciones relativas a la compra de activos virtuales']
2026-09-15 10:23:57,930 [INFO] Estado de los reportes (37 ✅ | 0 ❌ | 0 ⚠️ | 1 ⏱️ | 0 ⏳):
2026-09-15 10:23:57,930 [INFO]   ✅ M019 IF - Mensual Tasas Pasivas (CCM | corte 2026-08-31)
2026-09-15 10:23:57,930 [INFO]   ✅ CM - Cartera Mensual (CCM | corte 2026-08-31)
2026-09-15 10:23:57,931 [INFO]   ✅ CM - Cartera Mensual (CCM | corte 2026-08-31)
2026-09-15 10:23:57,931 [INFO]   ✅ CM - Cartera Mensual (CCM | corte 2026-08-31)
2026-09-15 10:23:57,931 [INFO]   ✅ CM - Cartera Mensual (CCM | corte 2026-08-31)
2026-09-15 10:23:57,932 [INFO]   ✅ CM - Cartera Mensual (CCM | corte 2026-08-31)
2026-09-15 10:23:57,932 [INFO]   ✅ MB01-MB20 Mensual Balance (CCM | corte 2026-08-31)
2026-09-15 10:23:57,932 [INFO]   ✅ MC - Mensual Central de Información Crediticia (CCM | corte 2026-08-31)
2026-09-15 10:23:57,932 [INFO]   ✅ MC - Mensual Central de Información Crediticia (CCM | corte 2026-08-31)
2026-09-15 10:23:57,932 [INFO]   ✅ MC - Mensual Central de Información Crediticia (CCM | corte 2026-08-31)
2026-09-15 10:23:57,933 [INFO]   ✅ Depósitos y ahorristas (CCM | corte 2026-08-31)
2026-09-15 10:23:57,933 [INFO]   ✅ Depósitos a plazo fijo (CCM | corte 2026-08-31)
2026-09-15 10:23:57,933 [INFO]   ✅ Detalle de Créditos - CAPROSEN (CCM | corte 2026-08-31)
2026-09-15 10:23:57,933 [INFO]   ✅ Crédito PCD (CCM | corte 2026-08-31)
2026-09-15 10:23:57,933 [INFO]   ✅ Solicitud de Créditos - PREAMyPes - Mensual (CCM | corte 2026-08-31)
2026-09-15 10:23:57,933 [INFO]   ✅ Tarifas y n° de transacciones de servicios o productos (CCM | corte 2026-08-31)
2026-09-15 10:23:57,934 [INFO]   ✅ M020 - Mensual PR Reclamos (CCM | corte 2026-08-31)
2026-09-15 10:23:57,934 [INFO]   ✅ M021 - Mensual PR Soluciones (CCM | corte 2026-08-31)
2026-09-15 10:23:57,934 [INFO]   ✅ M029 - Información general de Personas Expuestas Políticamente (CCM | corte 2026-08-31)
2026-09-15 10:23:57,934 [INFO]   ✅ Detalle de solicitudes de crédito (CCM | corte 2026-08-31)
2026-09-15 10:23:57,934 [INFO]   ✅ Detalle de solicitudes de crédito (CCM | corte 2026-08-31)
2026-09-15 10:23:57,935 [INFO]   ✅ M030 - Reporte de tarifas (CCM | corte 2026-08-31)
2026-09-15 10:23:57,935 [INFO]   ✅ Pasivos con el Público (CCM | corte 2026-08-31)
2026-09-15 10:23:57,935 [INFO]   ✅ Operaciones prorrogadas (CCM | corte 2026-08-31)
2026-09-15 10:23:57,935 [INFO]   ✅ Reporte de transacciones relativas a la compra de activos virtuales (CCM | corte 2026-08-31)
2026-09-15 10:23:57,935 [INFO]   ✅ MI01-MI09 - Mensual Central de Información de Riesgo Operativo (CCM | corte 2026-08-31)
2026-09-15 10:23:57,936 [INFO]   ✅ Mensual Solicitudes de Créditos - PEDAEEL (CCM | corte 2026-08-31)
2026-09-15 10:23:57,936 [INFO]   ✅ D007 IF - Diario Operaciones Interbancarias (CCM | corte 2026-09-14)
2026-09-15 10:23:57,936 [INFO]   ✅ D006 IF - Diario Tasas de Interés Activas (CCM | corte 2026-09-14)
2026-09-15 10:23:57,937 [INFO]   ✅ D008 IF - Diario Tipo de Cambio (CCM | corte 2026-09-14)
2026-09-15 10:23:57,937 [INFO]   ✅ D008 IF - Diario Tipo de Cambio (CCM | corte 2026-09-14)
2026-09-15 10:23:57,937 [INFO]   ✅ Estratificación de Depósitos (CCM | corte 2026-09-14)
2026-09-15 10:23:57,938 [INFO]   ✅ Ampliación de plazo de reclamos de primera instancia (CCM | corte 2026-09-14)
2026-09-15 10:23:57,939 [INFO]   ✅ Reporte de Transacciones con el Exterior Diario (CCM | corte 2026-09-14)
2026-09-15 10:23:57,939 [INFO]   ✅ D001-D005 IF - Diario Encaje (CCM | corte 2026-09-14)
2026-09-15 10:23:57,939 [INFO]   ✅ D012 - Créditos refinanciados y/o reprogramados (CCM | corte 2026-09-14)
2026-09-15 10:23:57,940 [INFO]   ✅ REPORTE DIARIO DE RETIRO DE DEPÓSITOS EN MONEDA EXTRANJERA (CCM | corte 2026-09-14)
2026-09-15 10:23:57,940 [INFO]   ⏱️ Reporte de transacciones relativas a la compra de activos virtuales (MENSUAL ENVIADO FUERA DE PLAZO)
2026-09-15 10:23:57,940 [INFO] Resumen: 37 exitosos | 0 pendientes | 0 errores | 0 faltantes | 1 tardíos | 0 sin enviar (dentro de plazo)
2026-09-15 10:23:57,944 [INFO] Revisión completada. Próxima en 15 min.
2026-09-15 10:24:58,041 [INFO] ============================================================
2026-09-15 10:24:58,042 [INFO] Iniciando revisión: 2026-09-15 10:24:58
2026-09-15 10:24:58,066 [INFO] Rangos de consulta: 31/8/2026 a 31/8/2026, 14/9/2026 a 14/9/2026
2026-09-15 10:24:58,067 [INFO] Consultas separadas a SCIP: 2
2026-09-15 10:24:58,230 [INFO] Fechas a consultar: 31/8/2026 a 31/8/2026
2026-09-15 10:24:59,164 [INFO] Iniciando navegador Chromium...
2026-09-15 10:25:03,990 [INFO] Abriendo login: https://appweb.asfi.gob.bo/SCIP/Login.aspx?ReturnUrl=%2fSCIP%2fmControlPlazos%2fControlPlazos.aspx
2026-09-15 10:25:06,988 [INFO] Ingresando credenciales...
2026-09-15 10:25:11,424 [INFO] Login exitoso
2026-09-15 10:25:28,268 [INFO] Procesando pagina 1 de la tabla...
2026-09-15 10:25:28,314 [INFO] Filas encontradas en pagina 1: 10
2026-09-15 10:25:30,043 [INFO] Procesando pagina 2 de la tabla...
2026-09-15 10:25:30,085 [INFO] Filas encontradas en pagina 2: 10
2026-09-15 10:25:31,851 [INFO] Procesando pagina 3 de la tabla...
2026-09-15 10:25:31,901 [INFO] Filas encontradas en pagina 3: 10
2026-09-15 10:25:33,582 [INFO] Procesando pagina 4 de la tabla...
2026-09-15 10:25:33,626 [INFO] Filas encontradas en pagina 4: 10
2026-09-15 10:25:34,346 [INFO] Navegador cerrado.
2026-09-15 10:25:34,364 [INFO] Fechas a consultar: 14/9/2026 a 14/9/2026
2026-09-15 10:25:35,290 [INFO] Iniciando navegador Chromium...
2026-09-15 10:25:39,994 [INFO] Abriendo login: https://appweb.asfi.gob.bo/SCIP/Login.aspx?ReturnUrl=%2fSCIP%2fmControlPlazos%2fControlPlazos.aspx
2026-09-15 10:25:42,970 [INFO] Ingresando credenciales...
2026-09-15 10:25:47,567 [INFO] Login exitoso
2026-09-15 10:26:04,399 [INFO] Procesando pagina 1 de la tabla...
2026-09-15 10:26:04,430 [INFO] Filas encontradas en pagina 1: 10
2026-09-15 10:26:06,129 [INFO] Procesando pagina 2 de la tabla...
2026-09-15 10:26:06,141 [INFO] Filas encontradas en pagina 2: 1
2026-09-15 10:26:06,292 [INFO] Navegador cerrado.
2026-09-15 10:26:06,318 [INFO] Total registros extraidos en consultas separadas: 50
2026-09-15 10:26:06,321 [INFO] Filas fuera de las obligaciones vigentes ignoradas: 13
2026-09-15 10:26:06,324 [INFO] Reporte subsanado por duplicado exitoso: CM - Cartera Mensual (2026-08-31, ocurrencia=única)
2026-09-15 10:26:06,325 [INFO] Reporte subsanado por duplicado exitoso: CM - Cartera Mensual (2026-08-31, ocurrencia=única)
2026-09-15 10:26:06,325 [INFO] Reporte subsanado por duplicado exitoso: CM - Cartera Mensual (2026-08-31, ocurrencia=única)
2026-09-15 10:26:06,325 [INFO] Reporte subsanado por duplicado exitoso: CM - Cartera Mensual (2026-08-31, ocurrencia=única)
2026-09-15 10:26:06,326 [INFO] Reporte subsanado por duplicado exitoso: MC - Mensual Central de Información Crediticia (2026-08-31, ocurrencia=única)
2026-09-15 10:26:06,326 [INFO] Reporte subsanado por duplicado exitoso: MC - Mensual Central de Información Crediticia (2026-08-31, ocurrencia=única)
2026-09-15 10:26:06,326 [INFO] Reporte subsanado por duplicado exitoso: Detalle de solicitudes de crédito (2026-08-31, ocurrencia=única)
2026-09-15 10:26:06,354 [INFO] Validando obligaciones configuradas para 14/9/2026...
2026-09-15 10:26:06,354 [INFO] Reportes mensuales enviados fuera de plazo; se mantienen en Reportes Vencidos sin enviar alerta: ['Reporte de transacciones relativas a la compra de activos virtuales']
2026-09-15 10:26:06,355 [INFO] Estado de los reportes (37 ✅ | 0 ❌ | 0 ⚠️ | 1 ⏱️ | 0 ⏳):
2026-09-15 10:26:06,355 [INFO]   ✅ M019 IF - Mensual Tasas Pasivas (CCM | corte 2026-08-31)
2026-09-15 10:26:06,355 [INFO]   ✅ CM - Cartera Mensual (CCM | corte 2026-08-31)
2026-09-15 10:26:06,355 [INFO]   ✅ CM - Cartera Mensual (CCM | corte 2026-08-31)
2026-09-15 10:26:06,356 [INFO]   ✅ CM - Cartera Mensual (CCM | corte 2026-08-31)
2026-09-15 10:26:06,356 [INFO]   ✅ CM - Cartera Mensual (CCM | corte 2026-08-31)
2026-09-15 10:26:06,356 [INFO]   ✅ CM - Cartera Mensual (CCM | corte 2026-08-31)
2026-09-15 10:26:06,356 [INFO]   ✅ MB01-MB20 Mensual Balance (CCM | corte 2026-08-31)
2026-09-15 10:26:06,356 [INFO]   ✅ MC - Mensual Central de Información Crediticia (CCM | corte 2026-08-31)
2026-09-15 10:26:06,357 [INFO]   ✅ MC - Mensual Central de Información Crediticia (CCM | corte 2026-08-31)
2026-09-15 10:26:06,357 [INFO]   ✅ MC - Mensual Central de Información Crediticia (CCM | corte 2026-08-31)
2026-09-15 10:26:06,357 [INFO]   ✅ Depósitos y ahorristas (CCM | corte 2026-08-31)
2026-09-15 10:26:06,357 [INFO]   ✅ Depósitos a plazo fijo (CCM | corte 2026-08-31)
2026-09-15 10:26:06,357 [INFO]   ✅ Detalle de Créditos - CAPROSEN (CCM | corte 2026-08-31)
2026-09-15 10:26:06,357 [INFO]   ✅ Crédito PCD (CCM | corte 2026-08-31)
2026-09-15 10:26:06,358 [INFO]   ✅ Solicitud de Créditos - PREAMyPes - Mensual (CCM | corte 2026-08-31)
2026-09-15 10:26:06,358 [INFO]   ✅ Tarifas y n° de transacciones de servicios o productos (CCM | corte 2026-08-31)
2026-09-15 10:26:06,358 [INFO]   ✅ M020 - Mensual PR Reclamos (CCM | corte 2026-08-31)
2026-09-15 10:26:06,358 [INFO]   ✅ M021 - Mensual PR Soluciones (CCM | corte 2026-08-31)
2026-09-15 10:26:06,358 [INFO]   ✅ M029 - Información general de Personas Expuestas Políticamente (CCM | corte 2026-08-31)
2026-09-15 10:26:06,358 [INFO]   ✅ Detalle de solicitudes de crédito (CCM | corte 2026-08-31)
2026-09-15 10:26:06,359 [INFO]   ✅ Detalle de solicitudes de crédito (CCM | corte 2026-08-31)
2026-09-15 10:26:06,359 [INFO]   ✅ M030 - Reporte de tarifas (CCM | corte 2026-08-31)
2026-09-15 10:26:06,359 [INFO]   ✅ Pasivos con el Público (CCM | corte 2026-08-31)
2026-09-15 10:26:06,359 [INFO]   ✅ Operaciones prorrogadas (CCM | corte 2026-08-31)
2026-09-15 10:26:06,359 [INFO]   ✅ Reporte de transacciones relativas a la compra de activos virtuales (CCM | corte 2026-08-31)
2026-09-15 10:26:06,360 [INFO]   ✅ MI01-MI09 - Mensual Central de Información de Riesgo Operativo (CCM | corte 2026-08-31)
2026-09-15 10:26:06,360 [INFO]   ✅ Mensual Solicitudes de Créditos - PEDAEEL (CCM | corte 2026-08-31)
2026-09-15 10:26:06,360 [INFO]   ✅ D007 IF - Diario Operaciones Interbancarias (CCM | corte 2026-09-14)
2026-09-15 10:26:06,360 [INFO]   ✅ D006 IF - Diario Tasas de Interés Activas (CCM | corte 2026-09-14)
2026-09-15 10:26:06,361 [INFO]   ✅ D008 IF - Diario Tipo de Cambio (CCM | corte 2026-09-14)
2026-09-15 10:26:06,361 [INFO]   ✅ D008 IF - Diario Tipo de Cambio (CCM | corte 2026-09-14)
2026-09-15 10:26:06,361 [INFO]   ✅ Estratificación de Depósitos (CCM | corte 2026-09-14)
2026-09-15 10:26:06,361 [INFO]   ✅ Ampliación de plazo de reclamos de primera instancia (CCM | corte 2026-09-14)
2026-09-15 10:26:06,361 [INFO]   ✅ Reporte de Transacciones con el Exterior Diario (CCM | corte 2026-09-14)
2026-09-15 10:26:06,362 [INFO]   ✅ D001-D005 IF - Diario Encaje (CCM | corte 2026-09-14)
2026-09-15 10:26:06,362 [INFO]   ✅ D012 - Créditos refinanciados y/o reprogramados (CCM | corte 2026-09-14)
2026-09-15 10:26:06,363 [INFO]   ✅ REPORTE DIARIO DE RETIRO DE DEPÓSITOS EN MONEDA EXTRANJERA (CCM | corte 2026-09-14)
2026-09-15 10:26:06,363 [INFO]   ⏱️ Reporte de transacciones relativas a la compra de activos virtuales (MENSUAL ENVIADO FUERA DE PLAZO)
2026-09-15 10:26:06,363 [INFO] Resumen: 37 exitosos | 0 pendientes | 0 errores | 0 faltantes | 1 tardíos | 0 sin enviar (dentro de plazo)
2026-09-15 10:26:06,366 [INFO] Revisión completada. Próxima en 15 min.
2026-09-15 12:03:02,030 [INFO] Reporte subsanado por duplicado exitoso: Reporte de Prueba (, ocurrencia=única)
2026-09-15 12:03:02,082 [INFO] Reporte subsanado por duplicado exitoso: Reporte de Prueba (2026-09-02, ocurrencia=1)
2026-09-15 12:03:02,218 [INFO] ============================================================
2026-09-15 12:03:02,218 [INFO] Iniciando revisión: 2026-09-03 13:00:00
2026-09-15 12:03:02,245 [INFO] Rangos de consulta: 31/8/2026 a 31/8/2026, 2/9/2026 a 2/9/2026
2026-09-15 12:03:02,269 [INFO] Reporte exitoso tardío resuelto sin alerta: Reporte de transacciones relativas a la compra de activos virtuales
2026-09-15 12:03:02,269 [INFO] Validando obligaciones configuradas para 2/9/2026...
2026-09-15 12:03:02,269 [WARNING] ⚠️  Reportes diarios FALTANTES: ['Ampliación de plazo de reclamos de primera instancia', 'D001-D005 IF - Diario Encaje', 'D006 IF - Diario Tasas de Interés Activas', 'D007 IF - Diario Operaciones Interbancarias', 'D008 IF - Diario Tipo de Cambio', 'D008 IF - Diario Tipo de Cambio', 'D012 - Créditos refinanciados y/o reprogramados', 'REPORTE DIARIO DE RETIRO DE DEPÓSITOS EN MONEDA EXTRANJERA', 'Reporte de Transacciones con el Exterior Diario']
2026-09-15 12:03:02,270 [WARNING] ⚠️ Reportes semanales VENCIDOS: ['CS - Cartera Semanal', 'S001-S005 IF - Semanal Reportes Liquidez', 'Solicitud de Créditos - PREAMyPes - Semanal']
2026-09-15 12:03:02,270 [WARNING] ⚠️ Reportes mensuales FALTANTES: ['Detalle de Créditos - CAPROSEN', 'M019 IF - Mensual Tasas Pasivas', 'MB01-MB20 Mensual Balance', 'Mensual Solicitudes de Créditos - PEDAEEL', 'Solicitud de Créditos - PREAMyPes - Mensual']
2026-09-15 12:03:02,270 [INFO] Reportes mensuales enviados fuera de plazo; se mantienen en Reportes Vencidos sin enviar alerta: ['Reporte de transacciones relativas a la compra de activos virtuales']
2026-09-15 12:03:02,271 [INFO] Estado de los reportes (1 ✅ | 0 ❌ | 17 ⚠️ | 1 ⏱️ | 0 ⏳):
2026-09-15 12:03:02,271 [INFO]   ✅ Reporte de transacciones relativas a la compra de activos virtuales (TEST | corte 31/8/2026)
2026-09-15 12:03:02,271 [INFO]   ⚠️ Ampliación de plazo de reclamos de primera instancia (FALTANTE)
2026-09-15 12:03:02,271 [INFO]   ⚠️ D001-D005 IF - Diario Encaje (FALTANTE)
2026-09-15 12:03:02,271 [INFO]   ⚠️ D006 IF - Diario Tasas de Interés Activas (FALTANTE)
2026-09-15 12:03:02,271 [INFO]   ⚠️ D007 IF - Diario Operaciones Interbancarias (FALTANTE)
2026-09-15 12:03:02,271 [INFO]   ⚠️ D008 IF - Diario Tipo de Cambio (FALTANTE)
2026-09-15 12:03:02,271 [INFO]   ⚠️ D008 IF - Diario Tipo de Cambio (FALTANTE)
2026-09-15 12:03:02,271 [INFO]   ⚠️ D012 - Créditos refinanciados y/o reprogramados (FALTANTE)
2026-09-15 12:03:02,271 [INFO]   ⚠️ REPORTE DIARIO DE RETIRO DE DEPÓSITOS EN MONEDA EXTRANJERA (FALTANTE)
2026-09-15 12:03:02,271 [INFO]   ⚠️ Reporte de Transacciones con el Exterior Diario (FALTANTE)
2026-09-15 12:03:02,271 [INFO]   ⚠️ CS - Cartera Semanal (SEMANAL VENCIDO SIN ENVIAR)
2026-09-15 12:03:02,272 [INFO]   ⚠️ S001-S005 IF - Semanal Reportes Liquidez (SEMANAL VENCIDO SIN ENVIAR)
2026-09-15 12:03:02,272 [INFO]   ⚠️ Solicitud de Créditos - PREAMyPes - Semanal (SEMANAL VENCIDO SIN ENVIAR)
2026-09-15 12:03:02,272 [INFO]   ⚠️ Detalle de Créditos - CAPROSEN (MENSUAL FALTANTE)
2026-09-15 12:03:02,272 [INFO]   ⚠️ M019 IF - Mensual Tasas Pasivas (MENSUAL FALTANTE)
2026-09-15 12:03:02,272 [INFO]   ⚠️ MB01-MB20 Mensual Balance (MENSUAL FALTANTE)
2026-09-15 12:03:02,272 [INFO]   ⚠️ Mensual Solicitudes de Créditos - PEDAEEL (MENSUAL FALTANTE)
2026-09-15 12:03:02,272 [INFO]   ⚠️ Solicitud de Créditos - PREAMyPes - Mensual (MENSUAL FALTANTE)
2026-09-15 12:03:02,272 [INFO]   ⏱️ Reporte de transacciones relativas a la compra de activos virtuales (MENSUAL ENVIADO FUERA DE PLAZO)
2026-09-15 12:03:02,272 [INFO] Resumen: 1 exitosos | 0 pendientes | 0 errores | 17 faltantes | 1 tardíos | 0 sin enviar (dentro de plazo)
2026-09-15 12:03:02,273 [INFO] Revisión completada. Próxima en 15 min.
2026-09-15 12:03:29,704 [INFO] ============================================================
2026-09-15 12:03:29,705 [INFO] ASFI SCIP Monitor iniciado
2026-09-15 12:03:29,706 [INFO]   Usuario  : thomas.clavijo@comarapa.coop
2026-09-15 12:03:29,706 [INFO]   Intervalo: 15 minutos
2026-09-15 12:03:29,706 [INFO]   Headless : True
2026-09-15 12:03:29,707 [INFO]   Días atrás: 1
2026-09-15 12:03:29,707 [INFO] ============================================================
2026-09-15 12:03:29,982 [INFO] [NOTIFICACION] ASFI/SCIP Monitor iniciado: Monitoreando reportes cada 15 min.
2026-09-15 12:03:41,465 [INFO] ============================================================
2026-09-15 12:03:41,465 [INFO] Iniciando revisión: 2026-09-15 12:03:41
2026-09-15 12:03:41,503 [INFO] Rangos de consulta: 31/8/2026 a 31/8/2026, 14/9/2026 a 14/9/2026
2026-09-15 12:03:41,504 [INFO] Consultas separadas a SCIP: 2
2026-09-15 12:03:41,505 [INFO] Fechas a consultar: 31/8/2026 a 31/8/2026
2026-09-15 12:03:44,083 [INFO] Iniciando navegador Chromium...
2026-09-15 12:03:54,424 [INFO] Abriendo login: https://appweb.asfi.gob.bo/SCIP/Login.aspx?ReturnUrl=%2fSCIP%2fmControlPlazos%2fControlPlazos.aspx
2026-09-15 12:03:59,978 [INFO] Ingresando credenciales...
2026-09-15 12:04:04,591 [INFO] Login exitoso
2026-09-15 12:04:21,542 [INFO] Procesando pagina 1 de la tabla...
2026-09-15 12:04:21,574 [INFO] Filas encontradas en pagina 1: 10
2026-09-15 12:04:23,226 [INFO] Procesando pagina 2 de la tabla...
2026-09-15 12:04:23,276 [INFO] Filas encontradas en pagina 2: 10
2026-09-15 12:04:24,907 [INFO] Procesando pagina 3 de la tabla...
2026-09-15 12:04:24,944 [INFO] Filas encontradas en pagina 3: 10
2026-09-15 12:04:26,631 [INFO] Procesando pagina 4 de la tabla...
2026-09-15 12:04:26,675 [INFO] Filas encontradas en pagina 4: 10
2026-09-15 12:04:27,482 [INFO] Navegador cerrado.
2026-09-15 12:04:27,517 [INFO] Fechas a consultar: 14/9/2026 a 14/9/2026
2026-09-15 12:04:28,496 [INFO] Iniciando navegador Chromium...
2026-09-15 12:04:36,881 [INFO] Abriendo login: https://appweb.asfi.gob.bo/SCIP/Login.aspx?ReturnUrl=%2fSCIP%2fmControlPlazos%2fControlPlazos.aspx
2026-09-15 12:04:39,903 [INFO] Ingresando credenciales...
2026-09-15 12:04:44,602 [INFO] Login exitoso
2026-09-15 12:05:01,355 [INFO] Procesando pagina 1 de la tabla...
2026-09-15 12:05:01,388 [INFO] Filas encontradas en pagina 1: 10
2026-09-15 12:05:03,081 [INFO] Procesando pagina 2 de la tabla...
2026-09-15 12:05:03,127 [INFO] Filas encontradas en pagina 2: 1
2026-09-15 12:05:03,379 [INFO] Navegador cerrado.
2026-09-15 12:05:03,397 [INFO] Total registros extraidos en consultas separadas: 50
2026-09-15 12:05:03,400 [INFO] Filas fuera de las obligaciones vigentes ignoradas: 13
2026-09-15 12:05:03,404 [INFO] Reporte subsanado por duplicado exitoso: CM - Cartera Mensual (2026-08-31, ocurrencia=única)
2026-09-15 12:05:03,404 [INFO] Reporte subsanado por duplicado exitoso: CM - Cartera Mensual (2026-08-31, ocurrencia=única)
2026-09-15 12:05:03,404 [INFO] Reporte subsanado por duplicado exitoso: CM - Cartera Mensual (2026-08-31, ocurrencia=única)
2026-09-15 12:05:03,404 [INFO] Reporte subsanado por duplicado exitoso: CM - Cartera Mensual (2026-08-31, ocurrencia=única)
2026-09-15 12:05:03,405 [INFO] Reporte subsanado por duplicado exitoso: MC - Mensual Central de Información Crediticia (2026-08-31, ocurrencia=única)
2026-09-15 12:05:03,405 [INFO] Reporte subsanado por duplicado exitoso: MC - Mensual Central de Información Crediticia (2026-08-31, ocurrencia=única)
2026-09-15 12:05:03,405 [INFO] Reporte subsanado por duplicado exitoso: Detalle de solicitudes de crédito (2026-08-31, ocurrencia=única)
2026-09-15 12:05:03,445 [INFO] Validando obligaciones configuradas para 14/9/2026...
2026-09-15 12:05:03,445 [INFO] Reportes mensuales enviados fuera de plazo; se mantienen en Reportes Vencidos sin enviar alerta: ['Reporte de transacciones relativas a la compra de activos virtuales']
2026-09-15 12:05:03,445 [INFO] Estado de los reportes (37 ✅ | 0 ❌ | 0 ⚠️ | 1 ⏱️ | 0 ⏳):
2026-09-15 12:05:03,446 [INFO]   ✅ M019 IF - Mensual Tasas Pasivas (CCM | corte 2026-08-31)
2026-09-15 12:05:03,446 [INFO]   ✅ CM - Cartera Mensual (CCM | corte 2026-08-31)
2026-09-15 12:05:03,446 [INFO]   ✅ CM - Cartera Mensual (CCM | corte 2026-08-31)
2026-09-15 12:05:03,446 [INFO]   ✅ CM - Cartera Mensual (CCM | corte 2026-08-31)
2026-09-15 12:05:03,446 [INFO]   ✅ CM - Cartera Mensual (CCM | corte 2026-08-31)
2026-09-15 12:05:03,447 [INFO]   ✅ CM - Cartera Mensual (CCM | corte 2026-08-31)
2026-09-15 12:05:03,447 [INFO]   ✅ MB01-MB20 Mensual Balance (CCM | corte 2026-08-31)
2026-09-15 12:05:03,447 [INFO]   ✅ MC - Mensual Central de Información Crediticia (CCM | corte 2026-08-31)
2026-09-15 12:05:03,447 [INFO]   ✅ MC - Mensual Central de Información Crediticia (CCM | corte 2026-08-31)
2026-09-15 12:05:03,447 [INFO]   ✅ MC - Mensual Central de Información Crediticia (CCM | corte 2026-08-31)
2026-09-15 12:05:03,447 [INFO]   ✅ Depósitos y ahorristas (CCM | corte 2026-08-31)
2026-09-15 12:05:03,448 [INFO]   ✅ Depósitos a plazo fijo (CCM | corte 2026-08-31)
2026-09-15 12:05:03,448 [INFO]   ✅ Detalle de Créditos - CAPROSEN (CCM | corte 2026-08-31)
2026-09-15 12:05:03,448 [INFO]   ✅ Crédito PCD (CCM | corte 2026-08-31)
2026-09-15 12:05:03,448 [INFO]   ✅ Solicitud de Créditos - PREAMyPes - Mensual (CCM | corte 2026-08-31)
2026-09-15 12:05:03,448 [INFO]   ✅ Tarifas y n° de transacciones de servicios o productos (CCM | corte 2026-08-31)
2026-09-15 12:05:03,448 [INFO]   ✅ M020 - Mensual PR Reclamos (CCM | corte 2026-08-31)
2026-09-15 12:05:03,449 [INFO]   ✅ M021 - Mensual PR Soluciones (CCM | corte 2026-08-31)
2026-09-15 12:05:03,449 [INFO]   ✅ M029 - Información general de Personas Expuestas Políticamente (CCM | corte 2026-08-31)
2026-09-15 12:05:03,449 [INFO]   ✅ Detalle de solicitudes de crédito (CCM | corte 2026-08-31)
2026-09-15 12:05:03,449 [INFO]   ✅ Detalle de solicitudes de crédito (CCM | corte 2026-08-31)
2026-09-15 12:05:03,449 [INFO]   ✅ M030 - Reporte de tarifas (CCM | corte 2026-08-31)
2026-09-15 12:05:03,450 [INFO]   ✅ Pasivos con el Público (CCM | corte 2026-08-31)
2026-09-15 12:05:03,450 [INFO]   ✅ Operaciones prorrogadas (CCM | corte 2026-08-31)
2026-09-15 12:05:03,450 [INFO]   ✅ Reporte de transacciones relativas a la compra de activos virtuales (CCM | corte 2026-08-31)
2026-09-15 12:05:03,451 [INFO]   ✅ MI01-MI09 - Mensual Central de Información de Riesgo Operativo (CCM | corte 2026-08-31)
2026-09-15 12:05:03,451 [INFO]   ✅ Mensual Solicitudes de Créditos - PEDAEEL (CCM | corte 2026-08-31)
2026-09-15 12:05:03,452 [INFO]   ✅ D007 IF - Diario Operaciones Interbancarias (CCM | corte 2026-09-14)
2026-09-15 12:05:03,452 [INFO]   ✅ D006 IF - Diario Tasas de Interés Activas (CCM | corte 2026-09-14)
2026-09-15 12:05:03,453 [INFO]   ✅ D008 IF - Diario Tipo de Cambio (CCM | corte 2026-09-14)
2026-09-15 12:05:03,453 [INFO]   ✅ D008 IF - Diario Tipo de Cambio (CCM | corte 2026-09-14)
2026-09-15 12:05:03,453 [INFO]   ✅ Estratificación de Depósitos (CCM | corte 2026-09-14)
2026-09-15 12:05:03,454 [INFO]   ✅ Ampliación de plazo de reclamos de primera instancia (CCM | corte 2026-09-14)
2026-09-15 12:05:03,454 [INFO]   ✅ Reporte de Transacciones con el Exterior Diario (CCM | corte 2026-09-14)
2026-09-15 12:05:03,454 [INFO]   ✅ D001-D005 IF - Diario Encaje (CCM | corte 2026-09-14)
2026-09-15 12:05:03,455 [INFO]   ✅ D012 - Créditos refinanciados y/o reprogramados (CCM | corte 2026-09-14)
2026-09-15 12:05:03,455 [INFO]   ✅ REPORTE DIARIO DE RETIRO DE DEPÓSITOS EN MONEDA EXTRANJERA (CCM | corte 2026-09-14)
2026-09-15 12:05:03,455 [INFO]   ⏱️ Reporte de transacciones relativas a la compra de activos virtuales (MENSUAL ENVIADO FUERA DE PLAZO)
2026-09-15 12:05:03,456 [INFO] Resumen: 37 exitosos | 0 pendientes | 0 errores | 0 faltantes | 1 tardíos | 0 sin enviar (dentro de plazo)
2026-09-15 12:05:03,458 [INFO] Revisión completada. Próxima en 15 min.
2026-09-15 12:05:03,458 [INFO] Scheduler activo. Revisando cada 15 minutos.
2026-09-15 12:05:03,459 [INFO] Presionar Ctrl+C para detener.
2026-09-15 12:06:08,312 [INFO] ============================================================
2026-09-15 12:06:08,313 [INFO] ASFI SCIP Monitor iniciado
2026-09-15 12:06:08,313 [INFO]   Usuario  : thomas.clavijo@comarapa.coop
2026-09-15 12:06:08,314 [INFO]   Intervalo: 15 minutos
2026-09-15 12:06:08,314 [INFO]   Headless : True
2026-09-15 12:06:08,314 [INFO]   Días atrás: 1
2026-09-15 12:06:08,315 [INFO] ============================================================
2026-09-15 12:06:08,629 [INFO] [NOTIFICACION] ASFI/SCIP Monitor iniciado: Monitoreando reportes cada 15 min.
2026-09-15 12:06:20,210 [INFO] ============================================================
2026-09-15 12:06:20,211 [INFO] Iniciando revisión: 2026-09-15 12:06:20
2026-09-15 12:06:20,253 [INFO] Rangos de consulta: 31/8/2026 a 31/8/2026, 14/9/2026 a 14/9/2026
2026-09-15 12:06:20,253 [INFO] Consultas separadas a SCIP: 2
2026-09-15 12:06:20,254 [INFO] Fechas a consultar: 31/8/2026 a 31/8/2026
2026-09-15 12:06:21,156 [INFO] Iniciando navegador Chromium...
2026-09-15 12:06:30,388 [INFO] Abriendo login: https://appweb.asfi.gob.bo/SCIP/Login.aspx?ReturnUrl=%2fSCIP%2fmControlPlazos%2fControlPlazos.aspx
2026-09-15 12:06:33,390 [INFO] Ingresando credenciales...
2026-09-15 12:06:37,747 [INFO] Login exitoso
2026-09-15 12:06:54,047 [INFO] Procesando pagina 1 de la tabla...
2026-09-15 12:06:54,080 [INFO] Filas encontradas en pagina 1: 10
2026-09-15 12:06:55,850 [INFO] Procesando pagina 2 de la tabla...
2026-09-15 12:06:55,886 [INFO] Filas encontradas en pagina 2: 10
2026-09-15 12:06:57,509 [INFO] Procesando pagina 3 de la tabla...
2026-09-15 12:06:57,553 [INFO] Filas encontradas en pagina 3: 10
2026-09-15 12:06:59,173 [INFO] Procesando pagina 4 de la tabla...
2026-09-15 12:06:59,225 [INFO] Filas encontradas en pagina 4: 10
2026-09-15 12:06:59,938 [INFO] Navegador cerrado.
2026-09-15 12:06:59,959 [INFO] Fechas a consultar: 14/9/2026 a 14/9/2026
2026-09-15 12:07:00,981 [INFO] Iniciando navegador Chromium...
2026-09-15 12:07:07,233 [INFO] Abriendo login: https://appweb.asfi.gob.bo/SCIP/Login.aspx?ReturnUrl=%2fSCIP%2fmControlPlazos%2fControlPlazos.aspx
2026-09-15 12:07:10,242 [INFO] Ingresando credenciales...
2026-09-15 12:07:14,668 [INFO] Login exitoso
2026-09-15 12:07:31,293 [INFO] Procesando pagina 1 de la tabla...
2026-09-15 12:07:31,328 [INFO] Filas encontradas en pagina 1: 10
2026-09-15 12:07:33,035 [INFO] Procesando pagina 2 de la tabla...
2026-09-15 12:07:33,052 [INFO] Filas encontradas en pagina 2: 1
2026-09-15 12:07:33,206 [INFO] Navegador cerrado.
2026-09-15 12:07:33,229 [INFO] Total registros extraidos en consultas separadas: 50
2026-09-15 12:07:33,232 [INFO] Filas fuera de las obligaciones vigentes ignoradas: 13
2026-09-15 12:07:33,235 [INFO] Reporte subsanado por duplicado exitoso: CM - Cartera Mensual (2026-08-31, ocurrencia=única)
2026-09-15 12:07:33,235 [INFO] Reporte subsanado por duplicado exitoso: CM - Cartera Mensual (2026-08-31, ocurrencia=única)
2026-09-15 12:07:33,236 [INFO] Reporte subsanado por duplicado exitoso: CM - Cartera Mensual (2026-08-31, ocurrencia=única)
2026-09-15 12:07:33,236 [INFO] Reporte subsanado por duplicado exitoso: CM - Cartera Mensual (2026-08-31, ocurrencia=única)
2026-09-15 12:07:33,237 [INFO] Reporte subsanado por duplicado exitoso: MC - Mensual Central de Información Crediticia (2026-08-31, ocurrencia=única)
2026-09-15 12:07:33,237 [INFO] Reporte subsanado por duplicado exitoso: MC - Mensual Central de Información Crediticia (2026-08-31, ocurrencia=única)
2026-09-15 12:07:33,238 [INFO] Reporte subsanado por duplicado exitoso: Detalle de solicitudes de crédito (2026-08-31, ocurrencia=única)
2026-09-15 12:07:33,280 [INFO] Validando obligaciones configuradas para 14/9/2026...
2026-09-15 12:07:33,281 [INFO] Reportes mensuales enviados fuera de plazo; se mantienen en Reportes Vencidos sin enviar alerta: ['Reporte de transacciones relativas a la compra de activos virtuales']
2026-09-15 12:07:33,281 [INFO] Estado de los reportes (37 ✅ | 0 ❌ | 0 ⚠️ | 1 ⏱️ | 0 ⏳):
2026-09-15 12:07:33,281 [INFO]   ✅ M019 IF - Mensual Tasas Pasivas (CCM | corte 2026-08-31)
2026-09-15 12:07:33,281 [INFO]   ✅ CM - Cartera Mensual (CCM | corte 2026-08-31)
2026-09-15 12:07:33,282 [INFO]   ✅ CM - Cartera Mensual (CCM | corte 2026-08-31)
2026-09-15 12:07:33,282 [INFO]   ✅ CM - Cartera Mensual (CCM | corte 2026-08-31)
2026-09-15 12:07:33,282 [INFO]   ✅ CM - Cartera Mensual (CCM | corte 2026-08-31)
2026-09-15 12:07:33,282 [INFO]   ✅ CM - Cartera Mensual (CCM | corte 2026-08-31)
2026-09-15 12:07:33,282 [INFO]   ✅ MB01-MB20 Mensual Balance (CCM | corte 2026-08-31)
2026-09-15 12:07:33,282 [INFO]   ✅ MC - Mensual Central de Información Crediticia (CCM | corte 2026-08-31)
2026-09-15 12:07:33,283 [INFO]   ✅ MC - Mensual Central de Información Crediticia (CCM | corte 2026-08-31)
2026-09-15 12:07:33,283 [INFO]   ✅ MC - Mensual Central de Información Crediticia (CCM | corte 2026-08-31)
2026-09-15 12:07:33,283 [INFO]   ✅ Depósitos y ahorristas (CCM | corte 2026-08-31)
2026-09-15 12:07:33,283 [INFO]   ✅ Depósitos a plazo fijo (CCM | corte 2026-08-31)
2026-09-15 12:07:33,283 [INFO]   ✅ Detalle de Créditos - CAPROSEN (CCM | corte 2026-08-31)
2026-09-15 12:07:33,284 [INFO]   ✅ Crédito PCD (CCM | corte 2026-08-31)
2026-09-15 12:07:33,284 [INFO]   ✅ Solicitud de Créditos - PREAMyPes - Mensual (CCM | corte 2026-08-31)
2026-09-15 12:07:33,284 [INFO]   ✅ Tarifas y n° de transacciones de servicios o productos (CCM | corte 2026-08-31)
2026-09-15 12:07:33,284 [INFO]   ✅ M020 - Mensual PR Reclamos (CCM | corte 2026-08-31)
2026-09-15 12:07:33,284 [INFO]   ✅ M021 - Mensual PR Soluciones (CCM | corte 2026-08-31)
2026-09-15 12:07:33,284 [INFO]   ✅ M029 - Información general de Personas Expuestas Políticamente (CCM | corte 2026-08-31)
2026-09-15 12:07:33,285 [INFO]   ✅ Detalle de solicitudes de crédito (CCM | corte 2026-08-31)
2026-09-15 12:07:33,285 [INFO]   ✅ Detalle de solicitudes de crédito (CCM | corte 2026-08-31)
2026-09-15 12:07:33,286 [INFO]   ✅ M030 - Reporte de tarifas (CCM | corte 2026-08-31)
2026-09-15 12:07:33,286 [INFO]   ✅ Pasivos con el Público (CCM | corte 2026-08-31)
2026-09-15 12:07:33,286 [INFO]   ✅ Operaciones prorrogadas (CCM | corte 2026-08-31)
2026-09-15 12:07:33,287 [INFO]   ✅ Reporte de transacciones relativas a la compra de activos virtuales (CCM | corte 2026-08-31)
2026-09-15 12:07:33,287 [INFO]   ✅ MI01-MI09 - Mensual Central de Información de Riesgo Operativo (CCM | corte 2026-08-31)
2026-09-15 12:07:33,287 [INFO]   ✅ Mensual Solicitudes de Créditos - PEDAEEL (CCM | corte 2026-08-31)
2026-09-15 12:07:33,288 [INFO]   ✅ D007 IF - Diario Operaciones Interbancarias (CCM | corte 2026-09-14)
2026-09-15 12:07:33,288 [INFO]   ✅ D006 IF - Diario Tasas de Interés Activas (CCM | corte 2026-09-14)
2026-09-15 12:07:33,288 [INFO]   ✅ D008 IF - Diario Tipo de Cambio (CCM | corte 2026-09-14)
2026-09-15 12:07:33,288 [INFO]   ✅ D008 IF - Diario Tipo de Cambio (CCM | corte 2026-09-14)
2026-09-15 12:07:33,288 [INFO]   ✅ Estratificación de Depósitos (CCM | corte 2026-09-14)
2026-09-15 12:07:33,289 [INFO]   ✅ Ampliación de plazo de reclamos de primera instancia (CCM | corte 2026-09-14)
2026-09-15 12:07:33,289 [INFO]   ✅ Reporte de Transacciones con el Exterior Diario (CCM | corte 2026-09-14)
2026-09-15 12:07:33,289 [INFO]   ✅ D001-D005 IF - Diario Encaje (CCM | corte 2026-09-14)
2026-09-15 12:07:33,289 [INFO]   ✅ D012 - Créditos refinanciados y/o reprogramados (CCM | corte 2026-09-14)
2026-09-15 12:07:33,289 [INFO]   ✅ REPORTE DIARIO DE RETIRO DE DEPÓSITOS EN MONEDA EXTRANJERA (CCM | corte 2026-09-14)
2026-09-15 12:07:33,290 [INFO]   ⏱️ Reporte de transacciones relativas a la compra de activos virtuales (MENSUAL ENVIADO FUERA DE PLAZO)
2026-09-15 12:07:33,290 [INFO] Resumen: 37 exitosos | 0 pendientes | 0 errores | 0 faltantes | 1 tardíos | 0 sin enviar (dentro de plazo)
2026-09-15 12:07:33,291 [INFO] Revisión completada. Próxima en 15 min.
2026-09-15 12:07:33,293 [INFO] Scheduler activo. Revisando cada 15 minutos.
2026-09-15 12:07:33,293 [INFO] Presionar Ctrl+C para detener.
2026-09-15 12:20:20,918 [INFO] ============================================================
2026-09-15 12:20:20,918 [INFO] ASFI SCIP Monitor iniciado
2026-09-15 12:20:20,919 [INFO]   Usuario  : thomas.clavijo@comarapa.coop
2026-09-15 12:20:20,919 [INFO]   Intervalo: 15 minutos
2026-09-15 12:20:20,919 [INFO]   Headless : True
2026-09-15 12:20:20,920 [INFO]   Días atrás: 1
2026-09-15 12:20:20,920 [INFO] ============================================================
2026-09-15 12:20:21,391 [INFO] [NOTIFICACION] ASFI/SCIP Monitor iniciado: Monitoreando reportes cada 15 min.
2026-09-15 12:20:32,960 [INFO] ============================================================
2026-09-15 12:20:32,961 [INFO] Iniciando revisión: 2026-09-15 12:20:32
2026-09-15 12:20:32,995 [INFO] Rangos de consulta: 31/8/2026 a 31/8/2026, 14/9/2026 a 14/9/2026
2026-09-15 12:20:32,996 [INFO] Consultas separadas a SCIP: 2
2026-09-15 12:20:32,996 [INFO] Fechas a consultar: 31/8/2026 a 31/8/2026
2026-09-15 12:20:34,005 [INFO] Iniciando navegador Chromium...
2026-09-15 12:20:41,911 [INFO] Abriendo login: https://appweb.asfi.gob.bo/SCIP/Login.aspx?ReturnUrl=%2fSCIP%2fmControlPlazos%2fControlPlazos.aspx
2026-09-15 12:20:47,259 [INFO] Ingresando credenciales...
2026-09-15 12:20:51,710 [INFO] Login exitoso
2026-09-15 12:21:08,807 [INFO] Procesando pagina 1 de la tabla...
2026-09-15 12:21:08,836 [INFO] Filas encontradas en pagina 1: 10
2026-09-15 12:21:10,691 [INFO] Procesando pagina 2 de la tabla...
2026-09-15 12:21:10,715 [INFO] Filas encontradas en pagina 2: 10
2026-09-15 12:21:12,386 [INFO] Procesando pagina 3 de la tabla...
2026-09-15 12:21:12,429 [INFO] Filas encontradas en pagina 3: 10
2026-09-15 12:21:14,107 [INFO] Procesando pagina 4 de la tabla...
2026-09-15 12:21:14,149 [INFO] Filas encontradas en pagina 4: 10
2026-09-15 12:21:14,883 [INFO] Navegador cerrado.
2026-09-15 12:21:14,908 [INFO] Fechas a consultar: 14/9/2026 a 14/9/2026
2026-09-15 12:21:15,867 [INFO] Iniciando navegador Chromium...
2026-09-15 12:21:32,673 [INFO] Abriendo login: https://appweb.asfi.gob.bo/SCIP/Login.aspx?ReturnUrl=%2fSCIP%2fmControlPlazos%2fControlPlazos.aspx
2026-09-15 12:21:35,729 [INFO] Ingresando credenciales...
2026-09-15 12:21:40,500 [INFO] Login exitoso
2026-09-15 12:21:57,512 [INFO] Procesando pagina 1 de la tabla...
2026-09-15 12:21:57,543 [INFO] Filas encontradas en pagina 1: 10
2026-09-15 12:21:59,274 [INFO] Procesando pagina 2 de la tabla...
2026-09-15 12:21:59,324 [INFO] Filas encontradas en pagina 2: 1
2026-09-15 12:21:59,524 [INFO] Navegador cerrado.
2026-09-15 12:21:59,542 [INFO] Total registros extraidos en consultas separadas: 50
2026-09-15 12:21:59,550 [INFO] Filas fuera de las obligaciones vigentes ignoradas: 13
2026-09-15 12:21:59,556 [INFO] Reporte subsanado por duplicado exitoso: CM - Cartera Mensual (2026-08-31, ocurrencia=única)
2026-09-15 12:21:59,556 [INFO] Reporte subsanado por duplicado exitoso: CM - Cartera Mensual (2026-08-31, ocurrencia=única)
2026-09-15 12:21:59,556 [INFO] Reporte subsanado por duplicado exitoso: CM - Cartera Mensual (2026-08-31, ocurrencia=única)
2026-09-15 12:21:59,556 [INFO] Reporte subsanado por duplicado exitoso: CM - Cartera Mensual (2026-08-31, ocurrencia=única)
2026-09-15 12:21:59,556 [INFO] Reporte subsanado por duplicado exitoso: MC - Mensual Central de Información Crediticia (2026-08-31, ocurrencia=única)
2026-09-15 12:21:59,557 [INFO] Reporte subsanado por duplicado exitoso: MC - Mensual Central de Información Crediticia (2026-08-31, ocurrencia=única)
2026-09-15 12:21:59,557 [INFO] Reporte subsanado por duplicado exitoso: Detalle de solicitudes de crédito (2026-08-31, ocurrencia=única)
2026-09-15 12:21:59,607 [INFO] Validando obligaciones configuradas para 14/9/2026...
2026-09-15 12:21:59,607 [INFO] Reportes mensuales enviados fuera de plazo; se mantienen en Reportes Vencidos sin enviar alerta: ['Reporte de transacciones relativas a la compra de activos virtuales']
2026-09-15 12:21:59,607 [INFO] Estado de los reportes (37 ✅ | 0 ❌ | 0 ⚠️ | 1 ⏱️ | 0 ⏳):
2026-09-15 12:21:59,608 [INFO]   ✅ M019 IF - Mensual Tasas Pasivas (CCM | corte 2026-08-31)
2026-09-15 12:21:59,608 [INFO]   ✅ CM - Cartera Mensual (CCM | corte 2026-08-31)
2026-09-15 12:21:59,608 [INFO]   ✅ CM - Cartera Mensual (CCM | corte 2026-08-31)
2026-09-15 12:21:59,608 [INFO]   ✅ CM - Cartera Mensual (CCM | corte 2026-08-31)
2026-09-15 12:21:59,608 [INFO]   ✅ CM - Cartera Mensual (CCM | corte 2026-08-31)
2026-09-15 12:21:59,609 [INFO]   ✅ CM - Cartera Mensual (CCM | corte 2026-08-31)
2026-09-15 12:21:59,609 [INFO]   ✅ MB01-MB20 Mensual Balance (CCM | corte 2026-08-31)
2026-09-15 12:21:59,609 [INFO]   ✅ MC - Mensual Central de Información Crediticia (CCM | corte 2026-08-31)
2026-09-15 12:21:59,609 [INFO]   ✅ MC - Mensual Central de Información Crediticia (CCM | corte 2026-08-31)
2026-09-15 12:21:59,609 [INFO]   ✅ MC - Mensual Central de Información Crediticia (CCM | corte 2026-08-31)
2026-09-15 12:21:59,609 [INFO]   ✅ Depósitos y ahorristas (CCM | corte 2026-08-31)
2026-09-15 12:21:59,610 [INFO]   ✅ Depósitos a plazo fijo (CCM | corte 2026-08-31)
2026-09-15 12:21:59,610 [INFO]   ✅ Detalle de Créditos - CAPROSEN (CCM | corte 2026-08-31)
2026-09-15 12:21:59,610 [INFO]   ✅ Crédito PCD (CCM | corte 2026-08-31)
2026-09-15 12:21:59,610 [INFO]   ✅ Solicitud de Créditos - PREAMyPes - Mensual (CCM | corte 2026-08-31)
2026-09-15 12:21:59,610 [INFO]   ✅ Tarifas y n° de transacciones de servicios o productos (CCM | corte 2026-08-31)
2026-09-15 12:21:59,611 [INFO]   ✅ M020 - Mensual PR Reclamos (CCM | corte 2026-08-31)
2026-09-15 12:21:59,611 [INFO]   ✅ M021 - Mensual PR Soluciones (CCM | corte 2026-08-31)
2026-09-15 12:21:59,611 [INFO]   ✅ M029 - Información general de Personas Expuestas Políticamente (CCM | corte 2026-08-31)
2026-09-15 12:21:59,611 [INFO]   ✅ Detalle de solicitudes de crédito (CCM | corte 2026-08-31)
2026-09-15 12:21:59,611 [INFO]   ✅ Detalle de solicitudes de crédito (CCM | corte 2026-08-31)
2026-09-15 12:21:59,612 [INFO]   ✅ M030 - Reporte de tarifas (CCM | corte 2026-08-31)
2026-09-15 12:21:59,612 [INFO]   ✅ Pasivos con el Público (CCM | corte 2026-08-31)
2026-09-15 12:21:59,612 [INFO]   ✅ Operaciones prorrogadas (CCM | corte 2026-08-31)
2026-09-15 12:21:59,612 [INFO]   ✅ Reporte de transacciones relativas a la compra de activos virtuales (CCM | corte 2026-08-31)
2026-09-15 12:21:59,613 [INFO]   ✅ MI01-MI09 - Mensual Central de Información de Riesgo Operativo (CCM | corte 2026-08-31)
2026-09-15 12:21:59,613 [INFO]   ✅ Mensual Solicitudes de Créditos - PEDAEEL (CCM | corte 2026-08-31)
2026-09-15 12:21:59,613 [INFO]   ✅ D007 IF - Diario Operaciones Interbancarias (CCM | corte 2026-09-14)
2026-09-15 12:21:59,614 [INFO]   ✅ D006 IF - Diario Tasas de Interés Activas (CCM | corte 2026-09-14)
2026-09-15 12:21:59,614 [INFO]   ✅ D008 IF - Diario Tipo de Cambio (CCM | corte 2026-09-14)
2026-09-15 12:21:59,614 [INFO]   ✅ D008 IF - Diario Tipo de Cambio (CCM | corte 2026-09-14)
2026-09-15 12:21:59,614 [INFO]   ✅ Estratificación de Depósitos (CCM | corte 2026-09-14)
2026-09-15 12:21:59,615 [INFO]   ✅ Ampliación de plazo de reclamos de primera instancia (CCM | corte 2026-09-14)
2026-09-15 12:21:59,615 [INFO]   ✅ Reporte de Transacciones con el Exterior Diario (CCM | corte 2026-09-14)
2026-09-15 12:21:59,615 [INFO]   ✅ D001-D005 IF - Diario Encaje (CCM | corte 2026-09-14)
2026-09-15 12:21:59,615 [INFO]   ✅ D012 - Créditos refinanciados y/o reprogramados (CCM | corte 2026-09-14)
2026-09-15 12:21:59,616 [INFO]   ✅ REPORTE DIARIO DE RETIRO DE DEPÓSITOS EN MONEDA EXTRANJERA (CCM | corte 2026-09-14)
2026-09-15 12:21:59,616 [INFO]   ⏱️ Reporte de transacciones relativas a la compra de activos virtuales (MENSUAL ENVIADO FUERA DE PLAZO)
2026-09-15 12:21:59,616 [INFO] Resumen: 37 exitosos | 0 pendientes | 0 errores | 0 faltantes | 1 tardíos | 0 sin enviar (dentro de plazo)
2026-09-15 12:21:59,619 [INFO] Revisión completada. Próxima en 15 min.
2026-09-15 12:21:59,620 [INFO] Scheduler activo. Revisando cada 15 minutos.
2026-09-15 12:21:59,621 [INFO] Presionar Ctrl+C para detener.
2026-09-15 12:22:07,249 [INFO] Monitor detenido por el usuario.
2026-09-15 12:22:07,250 [INFO] [NOTIFICACION] ASFI/SCIP Monitor detenido: El monitoreo fue detenido manualmente.
2026-09-15 12:22:25,890 [INFO] ============================================================
2026-09-15 12:22:25,890 [INFO] ASFI SCIP Monitor iniciado
2026-09-15 12:22:25,891 [INFO]   Usuario  : thomas.clavijo@comarapa.coop
2026-09-15 12:22:25,891 [INFO]   Intervalo: 15 minutos
2026-09-15 12:22:25,891 [INFO]   Headless : True
2026-09-15 12:22:25,892 [INFO]   Días atrás: 1
2026-09-15 12:22:25,892 [INFO] ============================================================
2026-09-15 12:22:26,101 [INFO] [NOTIFICACION] ASFI/SCIP Monitor iniciado: Monitoreando reportes cada 15 min.
2026-09-15 12:22:37,504 [INFO] ============================================================
2026-09-15 12:22:37,504 [INFO] Iniciando revisión: 2026-09-15 12:22:37
2026-09-15 12:22:37,547 [INFO] Rangos de consulta: 31/8/2026 a 31/8/2026, 14/9/2026 a 14/9/2026
2026-09-15 12:22:37,548 [INFO] Consultas separadas a SCIP: 2
2026-09-15 12:22:37,548 [INFO] Fechas a consultar: 31/8/2026 a 31/8/2026
2026-09-15 12:22:38,523 [INFO] Iniciando navegador Chromium...
2026-09-15 12:22:43,415 [INFO] Abriendo login: https://appweb.asfi.gob.bo/SCIP/Login.aspx?ReturnUrl=%2fSCIP%2fmControlPlazos%2fControlPlazos.aspx
2026-09-15 12:22:46,421 [INFO] Ingresando credenciales...
2026-09-15 12:22:51,136 [INFO] Login exitoso
2026-09-15 12:23:07,489 [INFO] Procesando pagina 1 de la tabla...
2026-09-15 12:23:07,519 [INFO] Filas encontradas en pagina 1: 10
2026-09-15 12:23:09,188 [INFO] Procesando pagina 2 de la tabla...
2026-09-15 12:23:09,219 [INFO] Filas encontradas en pagina 2: 10
2026-09-15 12:23:10,879 [INFO] Procesando pagina 3 de la tabla...
2026-09-15 12:23:10,901 [INFO] Filas encontradas en pagina 3: 10
2026-09-15 12:23:12,580 [INFO] Procesando pagina 4 de la tabla...
2026-09-15 12:23:12,624 [INFO] Filas encontradas en pagina 4: 10
2026-09-15 12:23:13,398 [INFO] Navegador cerrado.
2026-09-15 12:23:13,421 [INFO] Fechas a consultar: 14/9/2026 a 14/9/2026
2026-09-15 12:23:14,362 [INFO] Iniciando navegador Chromium...
2026-09-15 12:23:19,261 [INFO] Abriendo login: https://appweb.asfi.gob.bo/SCIP/Login.aspx?ReturnUrl=%2fSCIP%2fmControlPlazos%2fControlPlazos.aspx
2026-09-15 12:23:22,254 [INFO] Ingresando credenciales...
2026-09-15 12:23:27,041 [INFO] Login exitoso
2026-09-15 12:23:43,243 [INFO] Procesando pagina 1 de la tabla...
2026-09-15 12:23:43,277 [INFO] Filas encontradas en pagina 1: 10
2026-09-15 12:23:44,952 [INFO] Procesando pagina 2 de la tabla...
2026-09-15 12:23:44,979 [INFO] Filas encontradas en pagina 2: 1
2026-09-15 12:23:45,127 [INFO] Navegador cerrado.
2026-09-15 12:23:45,148 [INFO] Total registros extraidos en consultas separadas: 50
2026-09-15 12:23:45,151 [INFO] Filas fuera de las obligaciones vigentes ignoradas: 13
2026-09-15 12:23:45,154 [INFO] Reporte subsanado por duplicado exitoso: CM - Cartera Mensual (2026-08-31, ocurrencia=única)
2026-09-15 12:23:45,154 [INFO] Reporte subsanado por duplicado exitoso: CM - Cartera Mensual (2026-08-31, ocurrencia=única)
2026-09-15 12:23:45,154 [INFO] Reporte subsanado por duplicado exitoso: CM - Cartera Mensual (2026-08-31, ocurrencia=única)
2026-09-15 12:23:45,154 [INFO] Reporte subsanado por duplicado exitoso: CM - Cartera Mensual (2026-08-31, ocurrencia=única)
2026-09-15 12:23:45,155 [INFO] Reporte subsanado por duplicado exitoso: MC - Mensual Central de Información Crediticia (2026-08-31, ocurrencia=única)
2026-09-15 12:23:45,155 [INFO] Reporte subsanado por duplicado exitoso: MC - Mensual Central de Información Crediticia (2026-08-31, ocurrencia=única)
2026-09-15 12:23:45,155 [INFO] Reporte subsanado por duplicado exitoso: Detalle de solicitudes de crédito (2026-08-31, ocurrencia=única)
2026-09-15 12:23:45,195 [INFO] Validando obligaciones configuradas para 14/9/2026...
2026-09-15 12:23:45,195 [INFO] Reportes mensuales enviados fuera de plazo; se mantienen en Reportes Vencidos sin enviar alerta: ['Reporte de transacciones relativas a la compra de activos virtuales']
2026-09-15 12:23:45,195 [INFO] Estado de los reportes (37 ✅ | 0 ❌ | 0 ⚠️ | 1 ⏱️ | 0 ⏳):
2026-09-15 12:23:45,196 [INFO]   ✅ M019 IF - Mensual Tasas Pasivas (CCM | corte 2026-08-31)
2026-09-15 12:23:45,196 [INFO]   ✅ CM - Cartera Mensual (CCM | corte 2026-08-31)
2026-09-15 12:23:45,196 [INFO]   ✅ CM - Cartera Mensual (CCM | corte 2026-08-31)
2026-09-15 12:23:45,196 [INFO]   ✅ CM - Cartera Mensual (CCM | corte 2026-08-31)
2026-09-15 12:23:45,196 [INFO]   ✅ CM - Cartera Mensual (CCM | corte 2026-08-31)
2026-09-15 12:23:45,196 [INFO]   ✅ CM - Cartera Mensual (CCM | corte 2026-08-31)
2026-09-15 12:23:45,196 [INFO]   ✅ MB01-MB20 Mensual Balance (CCM | corte 2026-08-31)
2026-09-15 12:23:45,197 [INFO]   ✅ MC - Mensual Central de Información Crediticia (CCM | corte 2026-08-31)
2026-09-15 12:23:45,197 [INFO]   ✅ MC - Mensual Central de Información Crediticia (CCM | corte 2026-08-31)
2026-09-15 12:23:45,197 [INFO]   ✅ MC - Mensual Central de Información Crediticia (CCM | corte 2026-08-31)
2026-09-15 12:23:45,197 [INFO]   ✅ Depósitos y ahorristas (CCM | corte 2026-08-31)
2026-09-15 12:23:45,197 [INFO]   ✅ Depósitos a plazo fijo (CCM | corte 2026-08-31)
2026-09-15 12:23:45,198 [INFO]   ✅ Detalle de Créditos - CAPROSEN (CCM | corte 2026-08-31)
2026-09-15 12:23:45,198 [INFO]   ✅ Crédito PCD (CCM | corte 2026-08-31)
2026-09-15 12:23:45,198 [INFO]   ✅ Solicitud de Créditos - PREAMyPes - Mensual (CCM | corte 2026-08-31)
2026-09-15 12:23:45,198 [INFO]   ✅ Tarifas y n° de transacciones de servicios o productos (CCM | corte 2026-08-31)
2026-09-15 12:23:45,198 [INFO]   ✅ M020 - Mensual PR Reclamos (CCM | corte 2026-08-31)
2026-09-15 12:23:45,199 [INFO]   ✅ M021 - Mensual PR Soluciones (CCM | corte 2026-08-31)
2026-09-15 12:23:45,199 [INFO]   ✅ M029 - Información general de Personas Expuestas Políticamente (CCM | corte 2026-08-31)
2026-09-15 12:23:45,199 [INFO]   ✅ Detalle de solicitudes de crédito (CCM | corte 2026-08-31)
2026-09-15 12:23:45,199 [INFO]   ✅ Detalle de solicitudes de crédito (CCM | corte 2026-08-31)
2026-09-15 12:23:45,199 [INFO]   ✅ M030 - Reporte de tarifas (CCM | corte 2026-08-31)
2026-09-15 12:23:45,200 [INFO]   ✅ Pasivos con el Público (CCM | corte 2026-08-31)
2026-09-15 12:23:45,200 [INFO]   ✅ Operaciones prorrogadas (CCM | corte 2026-08-31)
2026-09-15 12:23:45,201 [INFO]   ✅ Reporte de transacciones relativas a la compra de activos virtuales (CCM | corte 2026-08-31)
2026-09-15 12:23:45,201 [INFO]   ✅ MI01-MI09 - Mensual Central de Información de Riesgo Operativo (CCM | corte 2026-08-31)
2026-09-15 12:23:45,201 [INFO]   ✅ Mensual Solicitudes de Créditos - PEDAEEL (CCM | corte 2026-08-31)
2026-09-15 12:23:45,202 [INFO]   ✅ D007 IF - Diario Operaciones Interbancarias (CCM | corte 2026-09-14)
2026-09-15 12:23:45,202 [INFO]   ✅ D006 IF - Diario Tasas de Interés Activas (CCM | corte 2026-09-14)
2026-09-15 12:23:45,202 [INFO]   ✅ D008 IF - Diario Tipo de Cambio (CCM | corte 2026-09-14)
2026-09-15 12:23:45,202 [INFO]   ✅ D008 IF - Diario Tipo de Cambio (CCM | corte 2026-09-14)
2026-09-15 12:23:45,203 [INFO]   ✅ Estratificación de Depósitos (CCM | corte 2026-09-14)
2026-09-15 12:23:45,203 [INFO]   ✅ Ampliación de plazo de reclamos de primera instancia (CCM | corte 2026-09-14)
2026-09-15 12:23:45,203 [INFO]   ✅ Reporte de Transacciones con el Exterior Diario (CCM | corte 2026-09-14)
2026-09-15 12:23:45,203 [INFO]   ✅ D001-D005 IF - Diario Encaje (CCM | corte 2026-09-14)
2026-09-15 12:23:45,203 [INFO]   ✅ D012 - Créditos refinanciados y/o reprogramados (CCM | corte 2026-09-14)
2026-09-15 12:23:45,204 [INFO]   ✅ REPORTE DIARIO DE RETIRO DE DEPÓSITOS EN MONEDA EXTRANJERA (CCM | corte 2026-09-14)
2026-09-15 12:23:45,204 [INFO]   ⏱️ Reporte de transacciones relativas a la compra de activos virtuales (MENSUAL ENVIADO FUERA DE PLAZO)
2026-09-15 12:23:45,204 [INFO] Resumen: 37 exitosos | 0 pendientes | 0 errores | 0 faltantes | 1 tardíos | 0 sin enviar (dentro de plazo)
2026-09-15 12:23:45,206 [INFO] Revisión completada. Próxima en 15 min.
2026-09-15 12:23:45,207 [INFO] Scheduler activo. Revisando cada 15 minutos.
2026-09-15 12:23:45,207 [INFO] Presionar Ctrl+C para detener.
2026-09-15 12:23:56,065 [INFO] Monitor detenido por el usuario.
2026-09-15 12:23:56,066 [INFO] [NOTIFICACION] ASFI/SCIP Monitor detenido: El monitoreo fue detenido manualmente.
2026-09-15 12:24:10,435 [INFO] ============================================================
2026-09-15 12:24:10,436 [INFO] ASFI SCIP Monitor iniciado
2026-09-15 12:24:10,436 [INFO]   Usuario  : thomas.clavijo@comarapa.coop
2026-09-15 12:24:10,436 [INFO]   Intervalo: 15 minutos
2026-09-15 12:24:10,437 [INFO]   Headless : True
2026-09-15 12:24:10,437 [INFO]   Días atrás: 1
2026-09-15 12:24:10,437 [INFO] ============================================================
2026-09-15 12:24:10,600 [INFO] [NOTIFICACION] ASFI/SCIP Monitor iniciado: Monitoreando reportes cada 15 min.
2026-09-15 12:24:22,014 [INFO] ============================================================
2026-09-15 12:24:22,014 [INFO] Iniciando revisión: 2026-09-15 12:24:22
2026-09-15 12:24:22,059 [INFO] Rangos de consulta: 31/8/2026 a 31/8/2026, 14/9/2026 a 14/9/2026
2026-09-15 12:24:22,060 [INFO] Consultas separadas a SCIP: 2
2026-09-15 12:24:22,060 [INFO] Fechas a consultar: 31/8/2026 a 31/8/2026
2026-09-15 12:24:23,253 [INFO] Iniciando navegador Chromium...
2026-09-15 12:24:28,158 [INFO] Abriendo login: https://appweb.asfi.gob.bo/SCIP/Login.aspx?ReturnUrl=%2fSCIP%2fmControlPlazos%2fControlPlazos.aspx
2026-09-15 12:24:31,154 [INFO] Ingresando credenciales...
2026-09-15 12:24:36,006 [INFO] Login exitoso
2026-09-15 12:24:52,885 [INFO] Procesando pagina 1 de la tabla...
2026-09-15 12:24:52,930 [INFO] Filas encontradas en pagina 1: 10
2026-09-15 12:24:54,619 [INFO] Procesando pagina 2 de la tabla...
2026-09-15 12:24:54,665 [INFO] Filas encontradas en pagina 2: 10
2026-09-15 12:24:56,381 [INFO] Procesando pagina 3 de la tabla...
2026-09-15 12:24:56,422 [INFO] Filas encontradas en pagina 3: 10
2026-09-15 12:24:58,144 [INFO] Procesando pagina 4 de la tabla...
2026-09-15 12:24:58,196 [INFO] Filas encontradas en pagina 4: 10
2026-09-15 12:24:58,953 [INFO] Navegador cerrado.
2026-09-15 12:24:58,971 [INFO] Fechas a consultar: 14/9/2026 a 14/9/2026
2026-09-15 12:24:59,899 [INFO] Iniciando navegador Chromium...
2026-09-15 12:25:04,811 [INFO] Abriendo login: https://appweb.asfi.gob.bo/SCIP/Login.aspx?ReturnUrl=%2fSCIP%2fmControlPlazos%2fControlPlazos.aspx
2026-09-15 12:25:07,879 [INFO] Ingresando credenciales...
2026-09-15 12:25:12,274 [INFO] Login exitoso
2026-09-15 12:25:32,030 [INFO] Procesando pagina 1 de la tabla...
2026-09-15 12:25:32,061 [INFO] Filas encontradas en pagina 1: 10
2026-09-15 12:25:33,825 [INFO] Procesando pagina 2 de la tabla...
2026-09-15 12:25:33,866 [INFO] Filas encontradas en pagina 2: 1
2026-09-15 12:25:34,060 [INFO] Navegador cerrado.
2026-09-15 12:25:34,081 [INFO] Total registros extraidos en consultas separadas: 50
2026-09-15 12:25:34,085 [INFO] Filas fuera de las obligaciones vigentes ignoradas: 13
2026-09-15 12:25:34,091 [INFO] Reporte subsanado por duplicado exitoso: CM - Cartera Mensual (2026-08-31, ocurrencia=única)
2026-09-15 12:25:34,095 [INFO] Reporte subsanado por duplicado exitoso: CM - Cartera Mensual (2026-08-31, ocurrencia=única)
2026-09-15 12:25:34,096 [INFO] Reporte subsanado por duplicado exitoso: CM - Cartera Mensual (2026-08-31, ocurrencia=única)
2026-09-15 12:25:34,096 [INFO] Reporte subsanado por duplicado exitoso: CM - Cartera Mensual (2026-08-31, ocurrencia=única)
2026-09-15 12:25:34,097 [INFO] Reporte subsanado por duplicado exitoso: MC - Mensual Central de Información Crediticia (2026-08-31, ocurrencia=única)
2026-09-15 12:25:34,097 [INFO] Reporte subsanado por duplicado exitoso: MC - Mensual Central de Información Crediticia (2026-08-31, ocurrencia=única)
2026-09-15 12:25:34,098 [INFO] Reporte subsanado por duplicado exitoso: Detalle de solicitudes de crédito (2026-08-31, ocurrencia=única)
2026-09-15 12:25:34,149 [INFO] Validando obligaciones configuradas para 14/9/2026...
2026-09-15 12:25:34,149 [INFO] Reportes mensuales enviados fuera de plazo; se mantienen en Reportes Vencidos sin enviar alerta: ['Reporte de transacciones relativas a la compra de activos virtuales']
2026-09-15 12:25:34,150 [INFO] Estado de los reportes (37 ✅ | 0 ❌ | 0 ⚠️ | 1 ⏱️ | 0 ⏳):
2026-09-15 12:25:34,150 [INFO]   ✅ M019 IF - Mensual Tasas Pasivas (CCM | corte 2026-08-31)
2026-09-15 12:25:34,150 [INFO]   ✅ CM - Cartera Mensual (CCM | corte 2026-08-31)
2026-09-15 12:25:34,150 [INFO]   ✅ CM - Cartera Mensual (CCM | corte 2026-08-31)
2026-09-15 12:25:34,151 [INFO]   ✅ CM - Cartera Mensual (CCM | corte 2026-08-31)
2026-09-15 12:25:34,151 [INFO]   ✅ CM - Cartera Mensual (CCM | corte 2026-08-31)
2026-09-15 12:25:34,151 [INFO]   ✅ CM - Cartera Mensual (CCM | corte 2026-08-31)
2026-09-15 12:25:34,151 [INFO]   ✅ MB01-MB20 Mensual Balance (CCM | corte 2026-08-31)
2026-09-15 12:25:34,152 [INFO]   ✅ MC - Mensual Central de Información Crediticia (CCM | corte 2026-08-31)
2026-09-15 12:25:34,152 [INFO]   ✅ MC - Mensual Central de Información Crediticia (CCM | corte 2026-08-31)
2026-09-15 12:25:34,152 [INFO]   ✅ MC - Mensual Central de Información Crediticia (CCM | corte 2026-08-31)
2026-09-15 12:25:34,152 [INFO]   ✅ Depósitos y ahorristas (CCM | corte 2026-08-31)
2026-09-15 12:25:34,152 [INFO]   ✅ Depósitos a plazo fijo (CCM | corte 2026-08-31)
2026-09-15 12:25:34,153 [INFO]   ✅ Detalle de Créditos - CAPROSEN (CCM | corte 2026-08-31)
2026-09-15 12:25:34,153 [INFO]   ✅ Crédito PCD (CCM | corte 2026-08-31)
2026-09-15 12:25:34,153 [INFO]   ✅ Solicitud de Créditos - PREAMyPes - Mensual (CCM | corte 2026-08-31)
2026-09-15 12:25:34,153 [INFO]   ✅ Tarifas y n° de transacciones de servicios o productos (CCM | corte 2026-08-31)
2026-09-15 12:25:34,154 [INFO]   ✅ M020 - Mensual PR Reclamos (CCM | corte 2026-08-31)
2026-09-15 12:25:34,154 [INFO]   ✅ M021 - Mensual PR Soluciones (CCM | corte 2026-08-31)
2026-09-15 12:25:34,154 [INFO]   ✅ M029 - Información general de Personas Expuestas Políticamente (CCM | corte 2026-08-31)
2026-09-15 12:25:34,154 [INFO]   ✅ Detalle de solicitudes de crédito (CCM | corte 2026-08-31)
2026-09-15 12:25:34,155 [INFO]   ✅ Detalle de solicitudes de crédito (CCM | corte 2026-08-31)
2026-09-15 12:25:34,155 [INFO]   ✅ M030 - Reporte de tarifas (CCM | corte 2026-08-31)
2026-09-15 12:25:34,155 [INFO]   ✅ Pasivos con el Público (CCM | corte 2026-08-31)
2026-09-15 12:25:34,156 [INFO]   ✅ Operaciones prorrogadas (CCM | corte 2026-08-31)
2026-09-15 12:25:34,156 [INFO]   ✅ Reporte de transacciones relativas a la compra de activos virtuales (CCM | corte 2026-08-31)
2026-09-15 12:25:34,157 [INFO]   ✅ MI01-MI09 - Mensual Central de Información de Riesgo Operativo (CCM | corte 2026-08-31)
2026-09-15 12:25:34,157 [INFO]   ✅ Mensual Solicitudes de Créditos - PEDAEEL (CCM | corte 2026-08-31)
2026-09-15 12:25:34,157 [INFO]   ✅ D007 IF - Diario Operaciones Interbancarias (CCM | corte 2026-09-14)
2026-09-15 12:25:34,157 [INFO]   ✅ D006 IF - Diario Tasas de Interés Activas (CCM | corte 2026-09-14)
2026-09-15 12:25:34,158 [INFO]   ✅ D008 IF - Diario Tipo de Cambio (CCM | corte 2026-09-14)
2026-09-15 12:25:34,158 [INFO]   ✅ D008 IF - Diario Tipo de Cambio (CCM | corte 2026-09-14)
2026-09-15 12:25:34,158 [INFO]   ✅ Estratificación de Depósitos (CCM | corte 2026-09-14)
2026-09-15 12:25:34,159 [INFO]   ✅ Ampliación de plazo de reclamos de primera instancia (CCM | corte 2026-09-14)
2026-09-15 12:25:34,159 [INFO]   ✅ Reporte de Transacciones con el Exterior Diario (CCM | corte 2026-09-14)
2026-09-15 12:25:34,159 [INFO]   ✅ D001-D005 IF - Diario Encaje (CCM | corte 2026-09-14)
2026-09-15 12:25:34,159 [INFO]   ✅ D012 - Créditos refinanciados y/o reprogramados (CCM | corte 2026-09-14)
2026-09-15 12:25:34,160 [INFO]   ✅ REPORTE DIARIO DE RETIRO DE DEPÓSITOS EN MONEDA EXTRANJERA (CCM | corte 2026-09-14)
2026-09-15 12:25:34,160 [INFO]   ⏱️ Reporte de transacciones relativas a la compra de activos virtuales (MENSUAL ENVIADO FUERA DE PLAZO)
2026-09-15 12:25:34,160 [INFO] Resumen: 37 exitosos | 0 pendientes | 0 errores | 0 faltantes | 1 tardíos | 0 sin enviar (dentro de plazo)
2026-09-15 12:25:34,163 [INFO] Revisión completada. Próxima en 15 min.
2026-09-15 12:25:34,165 [INFO] Scheduler activo. Revisando cada 15 minutos.
2026-09-15 12:25:34,165 [INFO] Presionar Ctrl+C para detener.
2026-09-15 12:40:34,190 [INFO] ============================================================
2026-09-15 12:40:34,191 [INFO] Iniciando revisión: 2026-09-15 12:40:34
2026-09-15 12:40:34,239 [INFO] Rangos de consulta: 31/8/2026 a 31/8/2026, 14/9/2026 a 14/9/2026
2026-09-15 12:40:34,240 [INFO] Consultas separadas a SCIP: 2
2026-09-15 12:40:34,240 [INFO] Fechas a consultar: 31/8/2026 a 31/8/2026
2026-09-15 12:40:35,591 [INFO] Iniciando navegador Chromium...
2026-09-15 12:40:45,289 [INFO] Abriendo login: https://appweb.asfi.gob.bo/SCIP/Login.aspx?ReturnUrl=%2fSCIP%2fmControlPlazos%2fControlPlazos.aspx
2026-09-15 12:40:51,017 [INFO] Ingresando credenciales...
2026-09-15 12:40:55,555 [INFO] Login exitoso
2026-09-15 12:41:13,612 [INFO] Procesando pagina 1 de la tabla...
2026-09-15 12:41:13,648 [INFO] Filas encontradas en pagina 1: 10
2026-09-15 12:41:15,578 [INFO] Procesando pagina 2 de la tabla...
2026-09-15 12:41:15,590 [INFO] Filas encontradas en pagina 2: 10
2026-09-15 12:41:17,228 [INFO] Procesando pagina 3 de la tabla...
2026-09-15 12:41:17,271 [INFO] Filas encontradas en pagina 3: 10
2026-09-15 12:41:18,970 [INFO] Procesando pagina 4 de la tabla...
2026-09-15 12:41:19,012 [INFO] Filas encontradas en pagina 4: 10
2026-09-15 12:41:19,871 [INFO] Navegador cerrado.
2026-09-15 12:41:19,903 [INFO] Fechas a consultar: 14/9/2026 a 14/9/2026
2026-09-15 12:41:20,847 [INFO] Iniciando navegador Chromium...
2026-09-15 12:41:29,120 [INFO] Abriendo login: https://appweb.asfi.gob.bo/SCIP/Login.aspx?ReturnUrl=%2fSCIP%2fmControlPlazos%2fControlPlazos.aspx
2026-09-15 12:41:32,153 [INFO] Ingresando credenciales...
2026-09-15 12:41:36,590 [INFO] Login exitoso
2026-09-15 12:41:53,262 [INFO] Procesando pagina 1 de la tabla...
2026-09-15 12:41:53,290 [INFO] Filas encontradas en pagina 1: 10
2026-09-15 12:41:55,526 [INFO] Procesando pagina 2 de la tabla...
2026-09-15 12:41:55,548 [INFO] Filas encontradas en pagina 2: 1
2026-09-15 12:41:55,754 [INFO] Navegador cerrado.
2026-09-15 12:41:55,776 [INFO] Total registros extraidos en consultas separadas: 50
2026-09-15 12:41:55,779 [INFO] Filas fuera de las obligaciones vigentes ignoradas: 13
2026-09-15 12:41:55,784 [INFO] Reporte subsanado por duplicado exitoso: CM - Cartera Mensual (2026-08-31, ocurrencia=única)
2026-09-15 12:41:55,784 [INFO] Reporte subsanado por duplicado exitoso: CM - Cartera Mensual (2026-08-31, ocurrencia=única)
2026-09-15 12:41:55,784 [INFO] Reporte subsanado por duplicado exitoso: CM - Cartera Mensual (2026-08-31, ocurrencia=única)
2026-09-15 12:41:55,784 [INFO] Reporte subsanado por duplicado exitoso: CM - Cartera Mensual (2026-08-31, ocurrencia=única)
2026-09-15 12:41:55,785 [INFO] Reporte subsanado por duplicado exitoso: MC - Mensual Central de Información Crediticia (2026-08-31, ocurrencia=única)
2026-09-15 12:41:55,785 [INFO] Reporte subsanado por duplicado exitoso: MC - Mensual Central de Información Crediticia (2026-08-31, ocurrencia=única)
2026-09-15 12:41:55,785 [INFO] Reporte subsanado por duplicado exitoso: Detalle de solicitudes de crédito (2026-08-31, ocurrencia=única)
2026-09-15 12:41:55,849 [INFO] Validando obligaciones configuradas para 14/9/2026...
2026-09-15 12:41:55,850 [INFO] Reportes mensuales enviados fuera de plazo; se mantienen en Reportes Vencidos sin enviar alerta: ['Reporte de transacciones relativas a la compra de activos virtuales']
2026-09-15 12:41:55,850 [INFO] Estado de los reportes (37 ✅ | 0 ❌ | 0 ⚠️ | 1 ⏱️ | 0 ⏳):
2026-09-15 12:41:55,850 [INFO]   ✅ M019 IF - Mensual Tasas Pasivas (CCM | corte 2026-08-31)
2026-09-15 12:41:55,850 [INFO]   ✅ CM - Cartera Mensual (CCM | corte 2026-08-31)
2026-09-15 12:41:55,851 [INFO]   ✅ CM - Cartera Mensual (CCM | corte 2026-08-31)
2026-09-15 12:41:55,851 [INFO]   ✅ CM - Cartera Mensual (CCM | corte 2026-08-31)
2026-09-15 12:41:55,851 [INFO]   ✅ CM - Cartera Mensual (CCM | corte 2026-08-31)
2026-09-15 12:41:55,851 [INFO]   ✅ CM - Cartera Mensual (CCM | corte 2026-08-31)
2026-09-15 12:41:55,852 [INFO]   ✅ MB01-MB20 Mensual Balance (CCM | corte 2026-08-31)
2026-09-15 12:41:55,852 [INFO]   ✅ MC - Mensual Central de Información Crediticia (CCM | corte 2026-08-31)
2026-09-15 12:41:55,852 [INFO]   ✅ MC - Mensual Central de Información Crediticia (CCM | corte 2026-08-31)
2026-09-15 12:41:55,852 [INFO]   ✅ MC - Mensual Central de Información Crediticia (CCM | corte 2026-08-31)
2026-09-15 12:41:55,852 [INFO]   ✅ Depósitos y ahorristas (CCM | corte 2026-08-31)
2026-09-15 12:41:55,853 [INFO]   ✅ Depósitos a plazo fijo (CCM | corte 2026-08-31)
2026-09-15 12:41:55,853 [INFO]   ✅ Detalle de Créditos - CAPROSEN (CCM | corte 2026-08-31)
2026-09-15 12:41:55,853 [INFO]   ✅ Crédito PCD (CCM | corte 2026-08-31)
2026-09-15 12:41:55,853 [INFO]   ✅ Solicitud de Créditos - PREAMyPes - Mensual (CCM | corte 2026-08-31)
2026-09-15 12:41:55,853 [INFO]   ✅ Tarifas y n° de transacciones de servicios o productos (CCM | corte 2026-08-31)
2026-09-15 12:41:55,854 [INFO]   ✅ M020 - Mensual PR Reclamos (CCM | corte 2026-08-31)
2026-09-15 12:41:55,854 [INFO]   ✅ M021 - Mensual PR Soluciones (CCM | corte 2026-08-31)
2026-09-15 12:41:55,854 [INFO]   ✅ M029 - Información general de Personas Expuestas Políticamente (CCM | corte 2026-08-31)
2026-09-15 12:41:55,854 [INFO]   ✅ Detalle de solicitudes de crédito (CCM | corte 2026-08-31)
2026-09-15 12:41:55,855 [INFO]   ✅ Detalle de solicitudes de crédito (CCM | corte 2026-08-31)
2026-09-15 12:41:55,855 [INFO]   ✅ M030 - Reporte de tarifas (CCM | corte 2026-08-31)
2026-09-15 12:41:55,855 [INFO]   ✅ Pasivos con el Público (CCM | corte 2026-08-31)
2026-09-15 12:41:55,856 [INFO]   ✅ Operaciones prorrogadas (CCM | corte 2026-08-31)
2026-09-15 12:41:55,857 [INFO]   ✅ Reporte de transacciones relativas a la compra de activos virtuales (CCM | corte 2026-08-31)
2026-09-15 12:41:55,857 [INFO]   ✅ MI01-MI09 - Mensual Central de Información de Riesgo Operativo (CCM | corte 2026-08-31)
2026-09-15 12:41:55,857 [INFO]   ✅ Mensual Solicitudes de Créditos - PEDAEEL (CCM | corte 2026-08-31)
2026-09-15 12:41:55,858 [INFO]   ✅ D007 IF - Diario Operaciones Interbancarias (CCM | corte 2026-09-14)
2026-09-15 12:41:55,858 [INFO]   ✅ D006 IF - Diario Tasas de Interés Activas (CCM | corte 2026-09-14)
2026-09-15 12:41:55,858 [INFO]   ✅ D008 IF - Diario Tipo de Cambio (CCM | corte 2026-09-14)
2026-09-15 12:41:55,858 [INFO]   ✅ D008 IF - Diario Tipo de Cambio (CCM | corte 2026-09-14)
2026-09-15 12:41:55,858 [INFO]   ✅ Estratificación de Depósitos (CCM | corte 2026-09-14)
2026-09-15 12:41:55,859 [INFO]   ✅ Ampliación de plazo de reclamos de primera instancia (CCM | corte 2026-09-14)
2026-09-15 12:41:55,859 [INFO]   ✅ Reporte de Transacciones con el Exterior Diario (CCM | corte 2026-09-14)
2026-09-15 12:41:55,859 [INFO]   ✅ D001-D005 IF - Diario Encaje (CCM | corte 2026-09-14)
2026-09-15 12:41:55,860 [INFO]   ✅ D012 - Créditos refinanciados y/o reprogramados (CCM | corte 2026-09-14)
2026-09-15 12:41:55,860 [INFO]   ✅ REPORTE DIARIO DE RETIRO DE DEPÓSITOS EN MONEDA EXTRANJERA (CCM | corte 2026-09-14)
2026-09-15 12:41:55,860 [INFO]   ⏱️ Reporte de transacciones relativas a la compra de activos virtuales (MENSUAL ENVIADO FUERA DE PLAZO)
2026-09-15 12:41:55,861 [INFO] Resumen: 37 exitosos | 0 pendientes | 0 errores | 0 faltantes | 1 tardíos | 0 sin enviar (dentro de plazo)
2026-09-15 12:41:55,863 [INFO] Revisión completada. Próxima en 15 min.
2026-09-15 12:56:55,880 [INFO] ============================================================
2026-09-15 12:56:55,882 [INFO] Iniciando revisión: 2026-09-15 12:56:55
2026-09-15 12:56:55,947 [INFO] Rangos de consulta: 31/8/2026 a 31/8/2026, 14/9/2026 a 14/9/2026
2026-09-15 12:56:55,948 [INFO] Consultas separadas a SCIP: 2
2026-09-15 12:56:55,948 [INFO] Fechas a consultar: 31/8/2026 a 31/8/2026
2026-09-15 12:56:56,885 [INFO] Iniciando navegador Chromium...
2026-09-15 12:57:01,701 [INFO] Abriendo login: https://appweb.asfi.gob.bo/SCIP/Login.aspx?ReturnUrl=%2fSCIP%2fmControlPlazos%2fControlPlazos.aspx
2026-09-15 12:57:07,021 [INFO] Ingresando credenciales...
2026-09-15 12:57:11,560 [INFO] Login exitoso
2026-09-15 12:57:28,157 [INFO] Procesando pagina 1 de la tabla...
2026-09-15 12:57:28,189 [INFO] Filas encontradas en pagina 1: 10
2026-09-15 12:57:29,866 [INFO] Procesando pagina 2 de la tabla...
2026-09-15 12:57:29,907 [INFO] Filas encontradas en pagina 2: 10
2026-09-15 12:57:31,623 [INFO] Procesando pagina 3 de la tabla...
2026-09-15 12:57:31,667 [INFO] Filas encontradas en pagina 3: 10
2026-09-15 12:57:33,331 [INFO] Procesando pagina 4 de la tabla...
2026-09-15 12:57:33,373 [INFO] Filas encontradas en pagina 4: 10
2026-09-15 12:57:34,051 [INFO] Navegador cerrado.
2026-09-15 12:57:34,073 [INFO] Fechas a consultar: 14/9/2026 a 14/9/2026
2026-09-15 12:57:34,966 [INFO] Iniciando navegador Chromium...
2026-09-15 12:57:39,293 [INFO] Abriendo login: https://appweb.asfi.gob.bo/SCIP/Login.aspx?ReturnUrl=%2fSCIP%2fmControlPlazos%2fControlPlazos.aspx
2026-09-15 12:57:42,281 [INFO] Ingresando credenciales...
2026-09-15 12:57:46,691 [INFO] Login exitoso
2026-09-15 12:58:03,239 [INFO] Procesando pagina 1 de la tabla...
2026-09-15 12:58:03,279 [INFO] Filas encontradas en pagina 1: 10
2026-09-15 12:58:05,237 [INFO] Procesando pagina 2 de la tabla...
2026-09-15 12:58:05,254 [INFO] Filas encontradas en pagina 2: 1
2026-09-15 12:58:05,434 [INFO] Navegador cerrado.
2026-09-15 12:58:05,469 [INFO] Total registros extraidos en consultas separadas: 50
2026-09-15 12:58:05,472 [INFO] Filas fuera de las obligaciones vigentes ignoradas: 13
2026-09-15 12:58:05,477 [INFO] Reporte subsanado por duplicado exitoso: CM - Cartera Mensual (2026-08-31, ocurrencia=única)
2026-09-15 12:58:05,477 [INFO] Reporte subsanado por duplicado exitoso: CM - Cartera Mensual (2026-08-31, ocurrencia=única)
2026-09-15 12:58:05,478 [INFO] Reporte subsanado por duplicado exitoso: CM - Cartera Mensual (2026-08-31, ocurrencia=única)
2026-09-15 12:58:05,478 [INFO] Reporte subsanado por duplicado exitoso: CM - Cartera Mensual (2026-08-31, ocurrencia=única)
2026-09-15 12:58:05,478 [INFO] Reporte subsanado por duplicado exitoso: MC - Mensual Central de Información Crediticia (2026-08-31, ocurrencia=única)
2026-09-15 12:58:05,478 [INFO] Reporte subsanado por duplicado exitoso: MC - Mensual Central de Información Crediticia (2026-08-31, ocurrencia=única)
2026-09-15 12:58:05,479 [INFO] Reporte subsanado por duplicado exitoso: Detalle de solicitudes de crédito (2026-08-31, ocurrencia=única)
2026-09-15 12:58:05,531 [INFO] Validando obligaciones configuradas para 14/9/2026...
2026-09-15 12:58:05,531 [INFO] Reportes mensuales enviados fuera de plazo; se mantienen en Reportes Vencidos sin enviar alerta: ['Reporte de transacciones relativas a la compra de activos virtuales']
2026-09-15 12:58:05,532 [INFO] Estado de los reportes (37 ✅ | 0 ❌ | 0 ⚠️ | 1 ⏱️ | 0 ⏳):
2026-09-15 12:58:05,532 [INFO]   ✅ M019 IF - Mensual Tasas Pasivas (CCM | corte 2026-08-31)
2026-09-15 12:58:05,532 [INFO]   ✅ CM - Cartera Mensual (CCM | corte 2026-08-31)
2026-09-15 12:58:05,532 [INFO]   ✅ CM - Cartera Mensual (CCM | corte 2026-08-31)
2026-09-15 12:58:05,532 [INFO]   ✅ CM - Cartera Mensual (CCM | corte 2026-08-31)
2026-09-15 12:58:05,532 [INFO]   ✅ CM - Cartera Mensual (CCM | corte 2026-08-31)
2026-09-15 12:58:05,533 [INFO]   ✅ CM - Cartera Mensual (CCM | corte 2026-08-31)
2026-09-15 12:58:05,533 [INFO]   ✅ MB01-MB20 Mensual Balance (CCM | corte 2026-08-31)
2026-09-15 12:58:05,533 [INFO]   ✅ MC - Mensual Central de Información Crediticia (CCM | corte 2026-08-31)
2026-09-15 12:58:05,533 [INFO]   ✅ MC - Mensual Central de Información Crediticia (CCM | corte 2026-08-31)
2026-09-15 12:58:05,533 [INFO]   ✅ MC - Mensual Central de Información Crediticia (CCM | corte 2026-08-31)
2026-09-15 12:58:05,534 [INFO]   ✅ Depósitos y ahorristas (CCM | corte 2026-08-31)
2026-09-15 12:58:05,534 [INFO]   ✅ Depósitos a plazo fijo (CCM | corte 2026-08-31)
2026-09-15 12:58:05,534 [INFO]   ✅ Detalle de Créditos - CAPROSEN (CCM | corte 2026-08-31)
2026-09-15 12:58:05,534 [INFO]   ✅ Crédito PCD (CCM | corte 2026-08-31)
2026-09-15 12:58:05,534 [INFO]   ✅ Solicitud de Créditos - PREAMyPes - Mensual (CCM | corte 2026-08-31)
2026-09-15 12:58:05,534 [INFO]   ✅ Tarifas y n° de transacciones de servicios o productos (CCM | corte 2026-08-31)
2026-09-15 12:58:05,535 [INFO]   ✅ M020 - Mensual PR Reclamos (CCM | corte 2026-08-31)
2026-09-15 12:58:05,535 [INFO]   ✅ M021 - Mensual PR Soluciones (CCM | corte 2026-08-31)
2026-09-15 12:58:05,535 [INFO]   ✅ M029 - Información general de Personas Expuestas Políticamente (CCM | corte 2026-08-31)
2026-09-15 12:58:05,535 [INFO]   ✅ Detalle de solicitudes de crédito (CCM | corte 2026-08-31)
2026-09-15 12:58:05,535 [INFO]   ✅ Detalle de solicitudes de crédito (CCM | corte 2026-08-31)
2026-09-15 12:58:05,536 [INFO]   ✅ M030 - Reporte de tarifas (CCM | corte 2026-08-31)
2026-09-15 12:58:05,536 [INFO]   ✅ Pasivos con el Público (CCM | corte 2026-08-31)
2026-09-15 12:58:05,536 [INFO]   ✅ Operaciones prorrogadas (CCM | corte 2026-08-31)
2026-09-15 12:58:05,536 [INFO]   ✅ Reporte de transacciones relativas a la compra de activos virtuales (CCM | corte 2026-08-31)
2026-09-15 12:58:05,536 [INFO]   ✅ MI01-MI09 - Mensual Central de Información de Riesgo Operativo (CCM | corte 2026-08-31)
2026-09-15 12:58:05,536 [INFO]   ✅ Mensual Solicitudes de Créditos - PEDAEEL (CCM | corte 2026-08-31)
2026-09-15 12:58:05,537 [INFO]   ✅ D007 IF - Diario Operaciones Interbancarias (CCM | corte 2026-09-14)
2026-09-15 12:58:05,537 [INFO]   ✅ D006 IF - Diario Tasas de Interés Activas (CCM | corte 2026-09-14)
2026-09-15 12:58:05,537 [INFO]   ✅ D008 IF - Diario Tipo de Cambio (CCM | corte 2026-09-14)
2026-09-15 12:58:05,538 [INFO]   ✅ D008 IF - Diario Tipo de Cambio (CCM | corte 2026-09-14)
2026-09-15 12:58:05,538 [INFO]   ✅ Estratificación de Depósitos (CCM | corte 2026-09-14)
2026-09-15 12:58:05,539 [INFO]   ✅ Ampliación de plazo de reclamos de primera instancia (CCM | corte 2026-09-14)
2026-09-15 12:58:05,539 [INFO]   ✅ Reporte de Transacciones con el Exterior Diario (CCM | corte 2026-09-14)
2026-09-15 12:58:05,539 [INFO]   ✅ D001-D005 IF - Diario Encaje (CCM | corte 2026-09-14)
2026-09-15 12:58:05,539 [INFO]   ✅ D012 - Créditos refinanciados y/o reprogramados (CCM | corte 2026-09-14)
2026-09-15 12:58:05,539 [INFO]   ✅ REPORTE DIARIO DE RETIRO DE DEPÓSITOS EN MONEDA EXTRANJERA (CCM | corte 2026-09-14)
2026-09-15 12:58:05,540 [INFO]   ⏱️ Reporte de transacciones relativas a la compra de activos virtuales (MENSUAL ENVIADO FUERA DE PLAZO)
2026-09-15 12:58:05,540 [INFO] Resumen: 37 exitosos | 0 pendientes | 0 errores | 0 faltantes | 1 tardíos | 0 sin enviar (dentro de plazo)
2026-09-15 12:58:05,542 [INFO] Revisión completada. Próxima en 15 min.
2026-09-15 13:13:05,557 [INFO] ============================================================
2026-09-15 13:13:05,559 [INFO] Iniciando revisión: 2026-09-15 13:13:05
2026-09-15 13:13:05,614 [INFO] Rangos de consulta: 31/8/2026 a 31/8/2026, 14/9/2026 a 14/9/2026
2026-09-15 13:13:05,614 [INFO] Consultas separadas a SCIP: 2
2026-09-15 13:13:05,615 [INFO] Fechas a consultar: 31/8/2026 a 31/8/2026
2026-09-15 13:13:06,546 [INFO] Iniciando navegador Chromium...
2026-09-15 13:13:10,917 [INFO] Abriendo login: https://appweb.asfi.gob.bo/SCIP/Login.aspx?ReturnUrl=%2fSCIP%2fmControlPlazos%2fControlPlazos.aspx
2026-09-15 13:13:16,297 [INFO] Ingresando credenciales...
2026-09-15 13:13:20,791 [INFO] Login exitoso
2026-09-15 13:13:37,614 [INFO] Procesando pagina 1 de la tabla...
2026-09-15 13:13:37,651 [INFO] Filas encontradas en pagina 1: 10
2026-09-15 13:13:39,300 [INFO] Procesando pagina 2 de la tabla...
2026-09-15 13:13:39,344 [INFO] Filas encontradas en pagina 2: 10
2026-09-15 13:13:40,962 [INFO] Procesando pagina 3 de la tabla...
2026-09-15 13:13:41,000 [INFO] Filas encontradas en pagina 3: 10
2026-09-15 13:13:42,671 [INFO] Procesando pagina 4 de la tabla...
2026-09-15 13:13:42,708 [INFO] Filas encontradas en pagina 4: 10
2026-09-15 13:13:43,405 [INFO] Navegador cerrado.
2026-09-15 13:13:43,422 [INFO] Fechas a consultar: 14/9/2026 a 14/9/2026
2026-09-15 13:13:44,128 [INFO] Iniciando navegador Chromium...
2026-09-15 13:13:48,410 [INFO] Abriendo login: https://appweb.asfi.gob.bo/SCIP/Login.aspx?ReturnUrl=%2fSCIP%2fmControlPlazos%2fControlPlazos.aspx
2026-09-15 13:13:51,480 [INFO] Ingresando credenciales...
2026-09-15 13:13:55,905 [INFO] Login exitoso
2026-09-15 13:14:13,347 [INFO] Procesando pagina 1 de la tabla...
2026-09-15 13:14:13,375 [INFO] Filas encontradas en pagina 1: 10
2026-09-15 13:14:15,048 [INFO] Procesando pagina 2 de la tabla...
2026-09-15 13:14:15,086 [INFO] Filas encontradas en pagina 2: 1
2026-09-15 13:14:15,255 [INFO] Navegador cerrado.
2026-09-15 13:14:15,273 [INFO] Total registros extraidos en consultas separadas: 50
2026-09-15 13:14:15,275 [INFO] Filas fuera de las obligaciones vigentes ignoradas: 13
2026-09-15 13:14:15,278 [INFO] Reporte subsanado por duplicado exitoso: CM - Cartera Mensual (2026-08-31, ocurrencia=única)
2026-09-15 13:14:15,278 [INFO] Reporte subsanado por duplicado exitoso: CM - Cartera Mensual (2026-08-31, ocurrencia=única)
2026-09-15 13:14:15,279 [INFO] Reporte subsanado por duplicado exitoso: CM - Cartera Mensual (2026-08-31, ocurrencia=única)
2026-09-15 13:14:15,279 [INFO] Reporte subsanado por duplicado exitoso: CM - Cartera Mensual (2026-08-31, ocurrencia=única)
2026-09-15 13:14:15,279 [INFO] Reporte subsanado por duplicado exitoso: MC - Mensual Central de Información Crediticia (2026-08-31, ocurrencia=única)
2026-09-15 13:14:15,279 [INFO] Reporte subsanado por duplicado exitoso: MC - Mensual Central de Información Crediticia (2026-08-31, ocurrencia=única)
2026-09-15 13:14:15,280 [INFO] Reporte subsanado por duplicado exitoso: Detalle de solicitudes de crédito (2026-08-31, ocurrencia=única)
2026-09-15 13:14:15,324 [INFO] Validando obligaciones configuradas para 14/9/2026...
2026-09-15 13:14:15,324 [INFO] Reportes mensuales enviados fuera de plazo; se mantienen en Reportes Vencidos sin enviar alerta: ['Reporte de transacciones relativas a la compra de activos virtuales']
2026-09-15 13:14:15,324 [INFO] Estado de los reportes (37 ✅ | 0 ❌ | 0 ⚠️ | 1 ⏱️ | 0 ⏳):
2026-09-15 13:14:15,325 [INFO]   ✅ M019 IF - Mensual Tasas Pasivas (CCM | corte 2026-08-31)
2026-09-15 13:14:15,325 [INFO]   ✅ CM - Cartera Mensual (CCM | corte 2026-08-31)
2026-09-15 13:14:15,325 [INFO]   ✅ CM - Cartera Mensual (CCM | corte 2026-08-31)
2026-09-15 13:14:15,325 [INFO]   ✅ CM - Cartera Mensual (CCM | corte 2026-08-31)
2026-09-15 13:14:15,326 [INFO]   ✅ CM - Cartera Mensual (CCM | corte 2026-08-31)
2026-09-15 13:14:15,326 [INFO]   ✅ CM - Cartera Mensual (CCM | corte 2026-08-31)
2026-09-15 13:14:15,326 [INFO]   ✅ MB01-MB20 Mensual Balance (CCM | corte 2026-08-31)
2026-09-15 13:14:15,326 [INFO]   ✅ MC - Mensual Central de Información Crediticia (CCM | corte 2026-08-31)
2026-09-15 13:14:15,327 [INFO]   ✅ MC - Mensual Central de Información Crediticia (CCM | corte 2026-08-31)
2026-09-15 13:14:15,327 [INFO]   ✅ MC - Mensual Central de Información Crediticia (CCM | corte 2026-08-31)
2026-09-15 13:14:15,327 [INFO]   ✅ Depósitos y ahorristas (CCM | corte 2026-08-31)
2026-09-15 13:14:15,327 [INFO]   ✅ Depósitos a plazo fijo (CCM | corte 2026-08-31)
2026-09-15 13:14:15,327 [INFO]   ✅ Detalle de Créditos - CAPROSEN (CCM | corte 2026-08-31)
2026-09-15 13:14:15,328 [INFO]   ✅ Crédito PCD (CCM | corte 2026-08-31)
2026-09-15 13:14:15,328 [INFO]   ✅ Solicitud de Créditos - PREAMyPes - Mensual (CCM | corte 2026-08-31)
2026-09-15 13:14:15,328 [INFO]   ✅ Tarifas y n° de transacciones de servicios o productos (CCM | corte 2026-08-31)
2026-09-15 13:14:15,328 [INFO]   ✅ M020 - Mensual PR Reclamos (CCM | corte 2026-08-31)
2026-09-15 13:14:15,328 [INFO]   ✅ M021 - Mensual PR Soluciones (CCM | corte 2026-08-31)
2026-09-15 13:14:15,329 [INFO]   ✅ M029 - Información general de Personas Expuestas Políticamente (CCM | corte 2026-08-31)
2026-09-15 13:14:15,329 [INFO]   ✅ Detalle de solicitudes de crédito (CCM | corte 2026-08-31)
2026-09-15 13:14:15,329 [INFO]   ✅ Detalle de solicitudes de crédito (CCM | corte 2026-08-31)
2026-09-15 13:14:15,329 [INFO]   ✅ M030 - Reporte de tarifas (CCM | corte 2026-08-31)
2026-09-15 13:14:15,329 [INFO]   ✅ Pasivos con el Público (CCM | corte 2026-08-31)
2026-09-15 13:14:15,330 [INFO]   ✅ Operaciones prorrogadas (CCM | corte 2026-08-31)
2026-09-15 13:14:15,330 [INFO]   ✅ Reporte de transacciones relativas a la compra de activos virtuales (CCM | corte 2026-08-31)
2026-09-15 13:14:15,330 [INFO]   ✅ MI01-MI09 - Mensual Central de Información de Riesgo Operativo (CCM | corte 2026-08-31)
2026-09-15 13:14:15,330 [INFO]   ✅ Mensual Solicitudes de Créditos - PEDAEEL (CCM | corte 2026-08-31)
2026-09-15 13:14:15,331 [INFO]   ✅ D007 IF - Diario Operaciones Interbancarias (CCM | corte 2026-09-14)
2026-09-15 13:14:15,331 [INFO]   ✅ D006 IF - Diario Tasas de Interés Activas (CCM | corte 2026-09-14)
2026-09-15 13:14:15,331 [INFO]   ✅ D008 IF - Diario Tipo de Cambio (CCM | corte 2026-09-14)
2026-09-15 13:14:15,331 [INFO]   ✅ D008 IF - Diario Tipo de Cambio (CCM | corte 2026-09-14)
2026-09-15 13:14:15,332 [INFO]   ✅ Estratificación de Depósitos (CCM | corte 2026-09-14)
2026-09-15 13:14:15,332 [INFO]   ✅ Ampliación de plazo de reclamos de primera instancia (CCM | corte 2026-09-14)
2026-09-15 13:14:15,332 [INFO]   ✅ Reporte de Transacciones con el Exterior Diario (CCM | corte 2026-09-14)
2026-09-15 13:14:15,332 [INFO]   ✅ D001-D005 IF - Diario Encaje (CCM | corte 2026-09-14)
2026-09-15 13:14:15,332 [INFO]   ✅ D012 - Créditos refinanciados y/o reprogramados (CCM | corte 2026-09-14)
2026-09-15 13:14:15,333 [INFO]   ✅ REPORTE DIARIO DE RETIRO DE DEPÓSITOS EN MONEDA EXTRANJERA (CCM | corte 2026-09-14)
2026-09-15 13:14:15,333 [INFO]   ⏱️ Reporte de transacciones relativas a la compra de activos virtuales (MENSUAL ENVIADO FUERA DE PLAZO)
2026-09-15 13:14:15,333 [INFO] Resumen: 37 exitosos | 0 pendientes | 0 errores | 0 faltantes | 1 tardíos | 0 sin enviar (dentro de plazo)
2026-09-15 13:14:15,335 [INFO] Revisión completada. Próxima en 15 min.
2026-09-15 13:29:15,352 [INFO] ============================================================
2026-09-15 13:29:15,353 [INFO] Iniciando revisión: 2026-09-15 13:29:15
2026-09-15 13:29:15,423 [INFO] Rangos de consulta: 31/8/2026 a 31/8/2026, 14/9/2026 a 14/9/2026
2026-09-15 13:29:15,424 [INFO] Consultas separadas a SCIP: 2
2026-09-15 13:29:15,424 [INFO] Fechas a consultar: 31/8/2026 a 31/8/2026
2026-09-15 13:29:16,730 [INFO] Iniciando navegador Chromium...
2026-09-15 13:29:29,227 [INFO] Abriendo login: https://appweb.asfi.gob.bo/SCIP/Login.aspx?ReturnUrl=%2fSCIP%2fmControlPlazos%2fControlPlazos.aspx
2026-09-15 13:29:34,906 [INFO] Ingresando credenciales...
2026-09-15 13:29:39,503 [INFO] Login exitoso
2026-09-15 13:29:55,627 [INFO] Procesando pagina 1 de la tabla...
2026-09-15 13:29:55,658 [INFO] Filas encontradas en pagina 1: 10
2026-09-15 13:29:57,361 [INFO] Procesando pagina 2 de la tabla...
2026-09-15 13:29:57,403 [INFO] Filas encontradas en pagina 2: 10
2026-09-15 13:29:59,070 [INFO] Procesando pagina 3 de la tabla...
2026-09-15 13:29:59,112 [INFO] Filas encontradas en pagina 3: 10
2026-09-15 13:30:00,798 [INFO] Procesando pagina 4 de la tabla...
2026-09-15 13:30:00,847 [INFO] Filas encontradas en pagina 4: 10
2026-09-15 13:30:01,574 [INFO] Navegador cerrado.
2026-09-15 13:30:01,599 [INFO] Fechas a consultar: 14/9/2026 a 14/9/2026
2026-09-15 13:30:02,525 [INFO] Iniciando navegador Chromium...
2026-09-15 13:30:10,581 [INFO] Abriendo login: https://appweb.asfi.gob.bo/SCIP/Login.aspx?ReturnUrl=%2fSCIP%2fmControlPlazos%2fControlPlazos.aspx
2026-09-15 13:30:13,603 [INFO] Ingresando credenciales...
2026-09-15 13:30:18,035 [INFO] Login exitoso
2026-09-15 13:30:34,650 [INFO] Procesando pagina 1 de la tabla...
2026-09-15 13:30:34,681 [INFO] Filas encontradas en pagina 1: 10
2026-09-15 13:30:36,404 [INFO] Procesando pagina 2 de la tabla...
2026-09-15 13:30:36,444 [INFO] Filas encontradas en pagina 2: 1
2026-09-15 13:30:36,661 [INFO] Navegador cerrado.
2026-09-15 13:30:36,688 [INFO] Total registros extraidos en consultas separadas: 50
2026-09-15 13:30:36,691 [INFO] Filas fuera de las obligaciones vigentes ignoradas: 13
2026-09-15 13:30:36,693 [INFO] Reporte subsanado por duplicado exitoso: CM - Cartera Mensual (2026-08-31, ocurrencia=única)
2026-09-15 13:30:36,694 [INFO] Reporte subsanado por duplicado exitoso: CM - Cartera Mensual (2026-08-31, ocurrencia=única)
2026-09-15 13:30:36,694 [INFO] Reporte subsanado por duplicado exitoso: CM - Cartera Mensual (2026-08-31, ocurrencia=única)
2026-09-15 13:30:36,694 [INFO] Reporte subsanado por duplicado exitoso: CM - Cartera Mensual (2026-08-31, ocurrencia=única)
2026-09-15 13:30:36,695 [INFO] Reporte subsanado por duplicado exitoso: MC - Mensual Central de Información Crediticia (2026-08-31, ocurrencia=única)
2026-09-15 13:30:36,695 [INFO] Reporte subsanado por duplicado exitoso: MC - Mensual Central de Información Crediticia (2026-08-31, ocurrencia=única)
2026-09-15 13:30:36,695 [INFO] Reporte subsanado por duplicado exitoso: Detalle de solicitudes de crédito (2026-08-31, ocurrencia=única)
2026-09-15 13:30:36,758 [INFO] Validando obligaciones configuradas para 14/9/2026...
2026-09-15 13:30:36,758 [INFO] Reportes mensuales enviados fuera de plazo; se mantienen en Reportes Vencidos sin enviar alerta: ['Reporte de transacciones relativas a la compra de activos virtuales']
2026-09-15 13:30:36,758 [INFO] Estado de los reportes (37 ✅ | 0 ❌ | 0 ⚠️ | 1 ⏱️ | 0 ⏳):
2026-09-15 13:30:36,758 [INFO]   ✅ M019 IF - Mensual Tasas Pasivas (CCM | corte 2026-08-31)
2026-09-15 13:30:36,759 [INFO]   ✅ CM - Cartera Mensual (CCM | corte 2026-08-31)
2026-09-15 13:30:36,759 [INFO]   ✅ CM - Cartera Mensual (CCM | corte 2026-08-31)
2026-09-15 13:30:36,759 [INFO]   ✅ CM - Cartera Mensual (CCM | corte 2026-08-31)
2026-09-15 13:30:36,759 [INFO]   ✅ CM - Cartera Mensual (CCM | corte 2026-08-31)
2026-09-15 13:30:36,759 [INFO]   ✅ CM - Cartera Mensual (CCM | corte 2026-08-31)
2026-09-15 13:30:36,760 [INFO]   ✅ MB01-MB20 Mensual Balance (CCM | corte 2026-08-31)
2026-09-15 13:30:36,760 [INFO]   ✅ MC - Mensual Central de Información Crediticia (CCM | corte 2026-08-31)
2026-09-15 13:30:36,760 [INFO]   ✅ MC - Mensual Central de Información Crediticia (CCM | corte 2026-08-31)
2026-09-15 13:30:36,761 [INFO]   ✅ MC - Mensual Central de Información Crediticia (CCM | corte 2026-08-31)
2026-09-15 13:30:36,761 [INFO]   ✅ Depósitos y ahorristas (CCM | corte 2026-08-31)
2026-09-15 13:30:36,761 [INFO]   ✅ Depósitos a plazo fijo (CCM | corte 2026-08-31)
2026-09-15 13:30:36,761 [INFO]   ✅ Detalle de Créditos - CAPROSEN (CCM | corte 2026-08-31)
2026-09-15 13:30:36,761 [INFO]   ✅ Crédito PCD (CCM | corte 2026-08-31)
2026-09-15 13:30:36,762 [INFO]   ✅ Solicitud de Créditos - PREAMyPes - Mensual (CCM | corte 2026-08-31)
2026-09-15 13:30:36,762 [INFO]   ✅ Tarifas y n° de transacciones de servicios o productos (CCM | corte 2026-08-31)
2026-09-15 13:30:36,762 [INFO]   ✅ M020 - Mensual PR Reclamos (CCM | corte 2026-08-31)
2026-09-15 13:30:36,762 [INFO]   ✅ M021 - Mensual PR Soluciones (CCM | corte 2026-08-31)
2026-09-15 13:30:36,762 [INFO]   ✅ M029 - Información general de Personas Expuestas Políticamente (CCM | corte 2026-08-31)
2026-09-15 13:30:36,763 [INFO]   ✅ Detalle de solicitudes de crédito (CCM | corte 2026-08-31)
2026-09-15 13:30:36,763 [INFO]   ✅ Detalle de solicitudes de crédito (CCM | corte 2026-08-31)
2026-09-15 13:30:36,763 [INFO]   ✅ M030 - Reporte de tarifas (CCM | corte 2026-08-31)
2026-09-15 13:30:36,763 [INFO]   ✅ Pasivos con el Público (CCM | corte 2026-08-31)
2026-09-15 13:30:36,764 [INFO]   ✅ Operaciones prorrogadas (CCM | corte 2026-08-31)
2026-09-15 13:30:36,764 [INFO]   ✅ Reporte de transacciones relativas a la compra de activos virtuales (CCM | corte 2026-08-31)
2026-09-15 13:30:36,764 [INFO]   ✅ MI01-MI09 - Mensual Central de Información de Riesgo Operativo (CCM | corte 2026-08-31)
2026-09-15 13:30:36,765 [INFO]   ✅ Mensual Solicitudes de Créditos - PEDAEEL (CCM | corte 2026-08-31)
2026-09-15 13:30:36,765 [INFO]   ✅ D007 IF - Diario Operaciones Interbancarias (CCM | corte 2026-09-14)
2026-09-15 13:30:36,766 [INFO]   ✅ D006 IF - Diario Tasas de Interés Activas (CCM | corte 2026-09-14)
2026-09-15 13:30:36,766 [INFO]   ✅ D008 IF - Diario Tipo de Cambio (CCM | corte 2026-09-14)
2026-09-15 13:30:36,766 [INFO]   ✅ D008 IF - Diario Tipo de Cambio (CCM | corte 2026-09-14)
2026-09-15 13:30:36,767 [INFO]   ✅ Estratificación de Depósitos (CCM | corte 2026-09-14)
2026-09-15 13:30:36,767 [INFO]   ✅ Ampliación de plazo de reclamos de primera instancia (CCM | corte 2026-09-14)
2026-09-15 13:30:36,767 [INFO]   ✅ Reporte de Transacciones con el Exterior Diario (CCM | corte 2026-09-14)
2026-09-15 13:30:36,767 [INFO]   ✅ D001-D005 IF - Diario Encaje (CCM | corte 2026-09-14)
2026-09-15 13:30:36,767 [INFO]   ✅ D012 - Créditos refinanciados y/o reprogramados (CCM | corte 2026-09-14)
2026-09-15 13:30:36,768 [INFO]   ✅ REPORTE DIARIO DE RETIRO DE DEPÓSITOS EN MONEDA EXTRANJERA (CCM | corte 2026-09-14)
2026-09-15 13:30:36,768 [INFO]   ⏱️ Reporte de transacciones relativas a la compra de activos virtuales (MENSUAL ENVIADO FUERA DE PLAZO)
2026-09-15 13:30:36,768 [INFO] Resumen: 37 exitosos | 0 pendientes | 0 errores | 0 faltantes | 1 tardíos | 0 sin enviar (dentro de plazo)
2026-09-15 13:30:36,770 [INFO] Revisión completada. Próxima en 15 min.
2026-09-15 13:45:36,786 [INFO] ============================================================
2026-09-15 13:45:36,786 [INFO] Iniciando revisión: 2026-09-15 13:45:36
2026-09-15 13:45:36,831 [INFO] Rangos de consulta: 31/8/2026 a 31/8/2026, 14/9/2026 a 14/9/2026
2026-09-15 13:45:36,831 [INFO] Consultas separadas a SCIP: 2
2026-09-15 13:45:36,832 [INFO] Fechas a consultar: 31/8/2026 a 31/8/2026
2026-09-15 13:45:38,258 [INFO] Iniciando navegador Chromium...
2026-09-15 13:45:47,228 [INFO] Abriendo login: https://appweb.asfi.gob.bo/SCIP/Login.aspx?ReturnUrl=%2fSCIP%2fmControlPlazos%2fControlPlazos.aspx
2026-09-15 13:45:52,772 [INFO] Ingresando credenciales...
2026-09-15 13:45:58,823 [INFO] Login exitoso
2026-09-15 13:46:16,729 [INFO] Procesando pagina 1 de la tabla...
2026-09-15 13:46:16,758 [INFO] Filas encontradas en pagina 1: 10
2026-09-15 13:46:18,634 [INFO] Procesando pagina 2 de la tabla...
2026-09-15 13:46:18,652 [INFO] Filas encontradas en pagina 2: 10
2026-09-15 13:46:20,493 [INFO] Procesando pagina 3 de la tabla...
2026-09-15 13:46:20,508 [INFO] Filas encontradas en pagina 3: 10
2026-09-15 13:46:22,244 [INFO] Procesando pagina 4 de la tabla...
2026-09-15 13:46:22,282 [INFO] Filas encontradas en pagina 4: 10
2026-09-15 13:46:22,984 [INFO] Navegador cerrado.
2026-09-15 13:46:23,013 [INFO] Fechas a consultar: 14/9/2026 a 14/9/2026
2026-09-15 13:46:23,963 [INFO] Iniciando navegador Chromium...
2026-09-15 13:46:32,346 [INFO] Abriendo login: https://appweb.asfi.gob.bo/SCIP/Login.aspx?ReturnUrl=%2fSCIP%2fmControlPlazos%2fControlPlazos.aspx
2026-09-15 13:46:37,195 [INFO] Ingresando credenciales...
2026-09-15 13:46:41,774 [INFO] Login exitoso
2026-09-15 13:46:58,849 [INFO] Procesando pagina 1 de la tabla...
2026-09-15 13:46:58,878 [INFO] Filas encontradas en pagina 1: 10
2026-09-15 13:47:00,667 [INFO] Procesando pagina 2 de la tabla...
2026-09-15 13:47:00,694 [INFO] Filas encontradas en pagina 2: 1
2026-09-15 13:47:00,872 [INFO] Navegador cerrado.
2026-09-15 13:47:00,891 [INFO] Total registros extraidos en consultas separadas: 50
2026-09-15 13:47:00,893 [INFO] Filas fuera de las obligaciones vigentes ignoradas: 13
2026-09-15 13:47:00,897 [INFO] Reporte subsanado por duplicado exitoso: CM - Cartera Mensual (2026-08-31, ocurrencia=única)
2026-09-15 13:47:00,897 [INFO] Reporte subsanado por duplicado exitoso: CM - Cartera Mensual (2026-08-31, ocurrencia=única)
2026-09-15 13:47:00,897 [INFO] Reporte subsanado por duplicado exitoso: CM - Cartera Mensual (2026-08-31, ocurrencia=única)
2026-09-15 13:47:00,897 [INFO] Reporte subsanado por duplicado exitoso: CM - Cartera Mensual (2026-08-31, ocurrencia=única)
2026-09-15 13:47:00,898 [INFO] Reporte subsanado por duplicado exitoso: MC - Mensual Central de Información Crediticia (2026-08-31, ocurrencia=única)
2026-09-15 13:47:00,898 [INFO] Reporte subsanado por duplicado exitoso: MC - Mensual Central de Información Crediticia (2026-08-31, ocurrencia=única)
2026-09-15 13:47:00,898 [INFO] Reporte subsanado por duplicado exitoso: Detalle de solicitudes de crédito (2026-08-31, ocurrencia=única)
2026-09-15 13:47:00,940 [INFO] Validando obligaciones configuradas para 14/9/2026...
2026-09-15 13:47:00,940 [INFO] Reportes mensuales enviados fuera de plazo; se mantienen en Reportes Vencidos sin enviar alerta: ['Reporte de transacciones relativas a la compra de activos virtuales']
2026-09-15 13:47:00,940 [INFO] Estado de los reportes (37 ✅ | 0 ❌ | 0 ⚠️ | 1 ⏱️ | 0 ⏳):
2026-09-15 13:47:00,940 [INFO]   ✅ M019 IF - Mensual Tasas Pasivas (CCM | corte 2026-08-31)
2026-09-15 13:47:00,941 [INFO]   ✅ CM - Cartera Mensual (CCM | corte 2026-08-31)
2026-09-15 13:47:00,941 [INFO]   ✅ CM - Cartera Mensual (CCM | corte 2026-08-31)
2026-09-15 13:47:00,941 [INFO]   ✅ CM - Cartera Mensual (CCM | corte 2026-08-31)
2026-09-15 13:47:00,941 [INFO]   ✅ CM - Cartera Mensual (CCM | corte 2026-08-31)
2026-09-15 13:47:00,942 [INFO]   ✅ CM - Cartera Mensual (CCM | corte 2026-08-31)
2026-09-15 13:47:00,942 [INFO]   ✅ MB01-MB20 Mensual Balance (CCM | corte 2026-08-31)
2026-09-15 13:47:00,942 [INFO]   ✅ MC - Mensual Central de Información Crediticia (CCM | corte 2026-08-31)
2026-09-15 13:47:00,942 [INFO]   ✅ MC - Mensual Central de Información Crediticia (CCM | corte 2026-08-31)
2026-09-15 13:47:00,943 [INFO]   ✅ MC - Mensual Central de Información Crediticia (CCM | corte 2026-08-31)
2026-09-15 13:47:00,943 [INFO]   ✅ Depósitos y ahorristas (CCM | corte 2026-08-31)
2026-09-15 13:47:00,943 [INFO]   ✅ Depósitos a plazo fijo (CCM | corte 2026-08-31)
2026-09-15 13:47:00,943 [INFO]   ✅ Detalle de Créditos - CAPROSEN (CCM | corte 2026-08-31)
2026-09-15 13:47:00,943 [INFO]   ✅ Crédito PCD (CCM | corte 2026-08-31)
2026-09-15 13:47:00,944 [INFO]   ✅ Solicitud de Créditos - PREAMyPes - Mensual (CCM | corte 2026-08-31)
2026-09-15 13:47:00,944 [INFO]   ✅ Tarifas y n° de transacciones de servicios o productos (CCM | corte 2026-08-31)
2026-09-15 13:47:00,944 [INFO]   ✅ M020 - Mensual PR Reclamos (CCM | corte 2026-08-31)
2026-09-15 13:47:00,944 [INFO]   ✅ M021 - Mensual PR Soluciones (CCM | corte 2026-08-31)
2026-09-15 13:47:00,944 [INFO]   ✅ M029 - Información general de Personas Expuestas Políticamente (CCM | corte 2026-08-31)
2026-09-15 13:47:00,944 [INFO]   ✅ Detalle de solicitudes de crédito (CCM | corte 2026-08-31)
2026-09-15 13:47:00,945 [INFO]   ✅ Detalle de solicitudes de crédito (CCM | corte 2026-08-31)
2026-09-15 13:47:00,945 [INFO]   ✅ M030 - Reporte de tarifas (CCM | corte 2026-08-31)
2026-09-15 13:47:00,945 [INFO]   ✅ Pasivos con el Público (CCM | corte 2026-08-31)
2026-09-15 13:47:00,946 [INFO]   ✅ Operaciones prorrogadas (CCM | corte 2026-08-31)
2026-09-15 13:47:00,946 [INFO]   ✅ Reporte de transacciones relativas a la compra de activos virtuales (CCM | corte 2026-08-31)
2026-09-15 13:47:00,946 [INFO]   ✅ MI01-MI09 - Mensual Central de Información de Riesgo Operativo (CCM | corte 2026-08-31)
2026-09-15 13:47:00,947 [INFO]   ✅ Mensual Solicitudes de Créditos - PEDAEEL (CCM | corte 2026-08-31)
2026-09-15 13:47:00,947 [INFO]   ✅ D007 IF - Diario Operaciones Interbancarias (CCM | corte 2026-09-14)
2026-09-15 13:47:00,947 [INFO]   ✅ D006 IF - Diario Tasas de Interés Activas (CCM | corte 2026-09-14)
2026-09-15 13:47:00,947 [INFO]   ✅ D008 IF - Diario Tipo de Cambio (CCM | corte 2026-09-14)
2026-09-15 13:47:00,947 [INFO]   ✅ D008 IF - Diario Tipo de Cambio (CCM | corte 2026-09-14)
2026-09-15 13:47:00,948 [INFO]   ✅ Estratificación de Depósitos (CCM | corte 2026-09-14)
2026-09-15 13:47:00,948 [INFO]   ✅ Ampliación de plazo de reclamos de primera instancia (CCM | corte 2026-09-14)
2026-09-15 13:47:00,948 [INFO]   ✅ Reporte de Transacciones con el Exterior Diario (CCM | corte 2026-09-14)
2026-09-15 13:47:00,948 [INFO]   ✅ D001-D005 IF - Diario Encaje (CCM | corte 2026-09-14)
2026-09-15 13:47:00,948 [INFO]   ✅ D012 - Créditos refinanciados y/o reprogramados (CCM | corte 2026-09-14)
2026-09-15 13:47:00,949 [INFO]   ✅ REPORTE DIARIO DE RETIRO DE DEPÓSITOS EN MONEDA EXTRANJERA (CCM | corte 2026-09-14)
2026-09-15 13:47:00,949 [INFO]   ⏱️ Reporte de transacciones relativas a la compra de activos virtuales (MENSUAL ENVIADO FUERA DE PLAZO)
2026-09-15 13:47:00,949 [INFO] Resumen: 37 exitosos | 0 pendientes | 0 errores | 0 faltantes | 1 tardíos | 0 sin enviar (dentro de plazo)
2026-09-15 13:47:00,951 [INFO] Revisión completada. Próxima en 15 min.
2026-09-15 14:02:00,966 [INFO] ============================================================
2026-09-15 14:02:00,967 [INFO] Iniciando revisión: 2026-09-15 14:02:00
2026-09-15 14:02:01,038 [INFO] Rangos de consulta: 31/8/2026 a 31/8/2026, 14/9/2026 a 14/9/2026
2026-09-15 14:02:01,038 [INFO] Consultas separadas a SCIP: 2
2026-09-15 14:02:01,039 [INFO] Fechas a consultar: 31/8/2026 a 31/8/2026
2026-09-15 14:02:01,978 [INFO] Iniciando navegador Chromium...
2026-09-15 14:02:06,978 [INFO] Abriendo login: https://appweb.asfi.gob.bo/SCIP/Login.aspx?ReturnUrl=%2fSCIP%2fmControlPlazos%2fControlPlazos.aspx
2026-09-15 14:02:12,354 [INFO] Ingresando credenciales...
2026-09-15 14:02:17,263 [INFO] Login exitoso
2026-09-15 14:02:34,233 [INFO] Procesando pagina 1 de la tabla...
2026-09-15 14:02:34,274 [INFO] Filas encontradas en pagina 1: 10
2026-09-15 14:02:35,927 [INFO] Procesando pagina 2 de la tabla...
2026-09-15 14:02:35,965 [INFO] Filas encontradas en pagina 2: 10
2026-09-15 14:02:37,595 [INFO] Procesando pagina 3 de la tabla...
2026-09-15 14:02:37,637 [INFO] Filas encontradas en pagina 3: 10
2026-09-15 14:02:39,294 [INFO] Procesando pagina 4 de la tabla...
2026-09-15 14:02:39,336 [INFO] Filas encontradas en pagina 4: 10
2026-09-15 14:02:40,041 [INFO] Navegador cerrado.
2026-09-15 14:02:40,062 [INFO] Fechas a consultar: 14/9/2026 a 14/9/2026
2026-09-15 14:02:40,911 [INFO] Iniciando navegador Chromium...
2026-09-15 14:02:45,180 [INFO] Abriendo login: https://appweb.asfi.gob.bo/SCIP/Login.aspx?ReturnUrl=%2fSCIP%2fmControlPlazos%2fControlPlazos.aspx
2026-09-15 14:02:48,581 [INFO] Ingresando credenciales...
2026-09-15 14:02:53,190 [INFO] Login exitoso
2026-09-15 14:03:09,795 [INFO] Procesando pagina 1 de la tabla...
2026-09-15 14:03:09,823 [INFO] Filas encontradas en pagina 1: 10
2026-09-15 14:03:11,502 [INFO] Procesando pagina 2 de la tabla...
2026-09-15 14:03:11,542 [INFO] Filas encontradas en pagina 2: 1
2026-09-15 14:03:11,713 [INFO] Navegador cerrado.
2026-09-15 14:03:11,732 [INFO] Total registros extraidos en consultas separadas: 50
2026-09-15 14:03:11,734 [INFO] Filas fuera de las obligaciones vigentes ignoradas: 13
2026-09-15 14:03:11,737 [INFO] Reporte subsanado por duplicado exitoso: CM - Cartera Mensual (2026-08-31, ocurrencia=única)
2026-09-15 14:03:11,737 [INFO] Reporte subsanado por duplicado exitoso: CM - Cartera Mensual (2026-08-31, ocurrencia=única)
2026-09-15 14:03:11,737 [INFO] Reporte subsanado por duplicado exitoso: CM - Cartera Mensual (2026-08-31, ocurrencia=única)
2026-09-15 14:03:11,738 [INFO] Reporte subsanado por duplicado exitoso: CM - Cartera Mensual (2026-08-31, ocurrencia=única)
2026-09-15 14:03:11,738 [INFO] Reporte subsanado por duplicado exitoso: MC - Mensual Central de Información Crediticia (2026-08-31, ocurrencia=única)
2026-09-15 14:03:11,738 [INFO] Reporte subsanado por duplicado exitoso: MC - Mensual Central de Información Crediticia (2026-08-31, ocurrencia=única)
2026-09-15 14:03:11,738 [INFO] Reporte subsanado por duplicado exitoso: Detalle de solicitudes de crédito (2026-08-31, ocurrencia=única)
2026-09-15 14:03:11,776 [INFO] Validando obligaciones configuradas para 14/9/2026...
2026-09-15 14:03:11,776 [INFO] Reportes mensuales enviados fuera de plazo; se mantienen en Reportes Vencidos sin enviar alerta: ['Reporte de transacciones relativas a la compra de activos virtuales']
2026-09-15 14:03:11,777 [INFO] Estado de los reportes (37 ✅ | 0 ❌ | 0 ⚠️ | 1 ⏱️ | 0 ⏳):
2026-09-15 14:03:11,777 [INFO]   ✅ M019 IF - Mensual Tasas Pasivas (CCM | corte 2026-08-31)
2026-09-15 14:03:11,777 [INFO]   ✅ CM - Cartera Mensual (CCM | corte 2026-08-31)
2026-09-15 14:03:11,777 [INFO]   ✅ CM - Cartera Mensual (CCM | corte 2026-08-31)
2026-09-15 14:03:11,777 [INFO]   ✅ CM - Cartera Mensual (CCM | corte 2026-08-31)
2026-09-15 14:03:11,777 [INFO]   ✅ CM - Cartera Mensual (CCM | corte 2026-08-31)
2026-09-15 14:03:11,778 [INFO]   ✅ CM - Cartera Mensual (CCM | corte 2026-08-31)
2026-09-15 14:03:11,778 [INFO]   ✅ MB01-MB20 Mensual Balance (CCM | corte 2026-08-31)
2026-09-15 14:03:11,778 [INFO]   ✅ MC - Mensual Central de Información Crediticia (CCM | corte 2026-08-31)
2026-09-15 14:03:11,778 [INFO]   ✅ MC - Mensual Central de Información Crediticia (CCM | corte 2026-08-31)
2026-09-15 14:03:11,778 [INFO]   ✅ MC - Mensual Central de Información Crediticia (CCM | corte 2026-08-31)
2026-09-15 14:03:11,779 [INFO]   ✅ Depósitos y ahorristas (CCM | corte 2026-08-31)
2026-09-15 14:03:11,779 [INFO]   ✅ Depósitos a plazo fijo (CCM | corte 2026-08-31)
2026-09-15 14:03:11,779 [INFO]   ✅ Detalle de Créditos - CAPROSEN (CCM | corte 2026-08-31)
2026-09-15 14:03:11,779 [INFO]   ✅ Crédito PCD (CCM | corte 2026-08-31)
2026-09-15 14:03:11,779 [INFO]   ✅ Solicitud de Créditos - PREAMyPes - Mensual (CCM | corte 2026-08-31)
2026-09-15 14:03:11,780 [INFO]   ✅ Tarifas y n° de transacciones de servicios o productos (CCM | corte 2026-08-31)
2026-09-15 14:03:11,780 [INFO]   ✅ M020 - Mensual PR Reclamos (CCM | corte 2026-08-31)
2026-09-15 14:03:11,780 [INFO]   ✅ M021 - Mensual PR Soluciones (CCM | corte 2026-08-31)
2026-09-15 14:03:11,780 [INFO]   ✅ M029 - Información general de Personas Expuestas Políticamente (CCM | corte 2026-08-31)
2026-09-15 14:03:11,780 [INFO]   ✅ Detalle de solicitudes de crédito (CCM | corte 2026-08-31)
2026-09-15 14:03:11,780 [INFO]   ✅ Detalle de solicitudes de crédito (CCM | corte 2026-08-31)
2026-09-15 14:03:11,781 [INFO]   ✅ M030 - Reporte de tarifas (CCM | corte 2026-08-31)
2026-09-15 14:03:11,781 [INFO]   ✅ Pasivos con el Público (CCM | corte 2026-08-31)
2026-09-15 14:03:11,781 [INFO]   ✅ Operaciones prorrogadas (CCM | corte 2026-08-31)
2026-09-15 14:03:11,781 [INFO]   ✅ Reporte de transacciones relativas a la compra de activos virtuales (CCM | corte 2026-08-31)
2026-09-15 14:03:11,781 [INFO]   ✅ MI01-MI09 - Mensual Central de Información de Riesgo Operativo (CCM | corte 2026-08-31)
2026-09-15 14:03:11,781 [INFO]   ✅ Mensual Solicitudes de Créditos - PEDAEEL (CCM | corte 2026-08-31)
2026-09-15 14:03:11,782 [INFO]   ✅ D007 IF - Diario Operaciones Interbancarias (CCM | corte 2026-09-14)
2026-09-15 14:03:11,782 [INFO]   ✅ D006 IF - Diario Tasas de Interés Activas (CCM | corte 2026-09-14)
2026-09-15 14:03:11,782 [INFO]   ✅ D008 IF - Diario Tipo de Cambio (CCM | corte 2026-09-14)
2026-09-15 14:03:11,782 [INFO]   ✅ D008 IF - Diario Tipo de Cambio (CCM | corte 2026-09-14)
2026-09-15 14:03:11,782 [INFO]   ✅ Estratificación de Depósitos (CCM | corte 2026-09-14)
2026-09-15 14:03:11,783 [INFO]   ✅ Ampliación de plazo de reclamos de primera instancia (CCM | corte 2026-09-14)
2026-09-15 14:03:11,783 [INFO]   ✅ Reporte de Transacciones con el Exterior Diario (CCM | corte 2026-09-14)
2026-09-15 14:03:11,783 [INFO]   ✅ D001-D005 IF - Diario Encaje (CCM | corte 2026-09-14)
2026-09-15 14:03:11,783 [INFO]   ✅ D012 - Créditos refinanciados y/o reprogramados (CCM | corte 2026-09-14)
2026-09-15 14:03:11,784 [INFO]   ✅ REPORTE DIARIO DE RETIRO DE DEPÓSITOS EN MONEDA EXTRANJERA (CCM | corte 2026-09-14)
2026-09-15 14:03:11,784 [INFO]   ⏱️ Reporte de transacciones relativas a la compra de activos virtuales (MENSUAL ENVIADO FUERA DE PLAZO)
2026-09-15 14:03:11,784 [INFO] Resumen: 37 exitosos | 0 pendientes | 0 errores | 0 faltantes | 1 tardíos | 0 sin enviar (dentro de plazo)
2026-09-15 14:03:11,786 [INFO] Revisión completada. Próxima en 15 min.
2026-09-15 14:18:11,802 [INFO] ============================================================
2026-09-15 14:18:11,804 [INFO] Iniciando revisión: 2026-09-15 14:18:11
2026-09-15 14:18:11,879 [INFO] Rangos de consulta: 31/8/2026 a 31/8/2026, 14/9/2026 a 14/9/2026
2026-09-15 14:18:11,879 [INFO] Consultas separadas a SCIP: 2
2026-09-15 14:18:11,879 [INFO] Fechas a consultar: 31/8/2026 a 31/8/2026
2026-09-15 14:18:12,928 [INFO] Iniciando navegador Chromium...
2026-09-15 14:18:18,137 [INFO] Abriendo login: https://appweb.asfi.gob.bo/SCIP/Login.aspx?ReturnUrl=%2fSCIP%2fmControlPlazos%2fControlPlazos.aspx
2026-09-15 14:18:23,534 [INFO] Ingresando credenciales...
2026-09-15 14:18:28,090 [INFO] Login exitoso
2026-09-15 14:18:44,817 [INFO] Procesando pagina 1 de la tabla...
2026-09-15 14:18:44,850 [INFO] Filas encontradas en pagina 1: 10
2026-09-15 14:18:46,550 [INFO] Procesando pagina 2 de la tabla...
2026-09-15 14:18:46,567 [INFO] Filas encontradas en pagina 2: 10
2026-09-15 14:18:48,171 [INFO] Procesando pagina 3 de la tabla...
2026-09-15 14:18:48,205 [INFO] Filas encontradas en pagina 3: 10
2026-09-15 14:18:49,870 [INFO] Procesando pagina 4 de la tabla...
2026-09-15 14:18:49,910 [INFO] Filas encontradas en pagina 4: 10
2026-09-15 14:18:50,608 [INFO] Navegador cerrado.
2026-09-15 14:18:50,634 [INFO] Fechas a consultar: 14/9/2026 a 14/9/2026
2026-09-15 14:18:51,536 [INFO] Iniciando navegador Chromium...
2026-09-15 14:18:56,325 [INFO] Abriendo login: https://appweb.asfi.gob.bo/SCIP/Login.aspx?ReturnUrl=%2fSCIP%2fmControlPlazos%2fControlPlazos.aspx
2026-09-15 14:18:59,334 [INFO] Ingresando credenciales...
2026-09-15 14:19:07,543 [INFO] Login exitoso
2026-09-15 14:19:23,546 [INFO] Procesando pagina 1 de la tabla...
2026-09-15 14:19:23,578 [INFO] Filas encontradas en pagina 1: 10
2026-09-15 14:19:25,262 [INFO] Procesando pagina 2 de la tabla...
2026-09-15 14:19:25,307 [INFO] Filas encontradas en pagina 2: 1
2026-09-15 14:19:25,477 [INFO] Navegador cerrado.
2026-09-15 14:19:25,493 [INFO] Total registros extraidos en consultas separadas: 50
2026-09-15 14:19:25,497 [INFO] Filas fuera de las obligaciones vigentes ignoradas: 13
2026-09-15 14:19:25,499 [INFO] Reporte subsanado por duplicado exitoso: CM - Cartera Mensual (2026-08-31, ocurrencia=única)
2026-09-15 14:19:25,499 [INFO] Reporte subsanado por duplicado exitoso: CM - Cartera Mensual (2026-08-31, ocurrencia=única)
2026-09-15 14:19:25,499 [INFO] Reporte subsanado por duplicado exitoso: CM - Cartera Mensual (2026-08-31, ocurrencia=única)
2026-09-15 14:19:25,500 [INFO] Reporte subsanado por duplicado exitoso: CM - Cartera Mensual (2026-08-31, ocurrencia=única)
2026-09-15 14:19:25,500 [INFO] Reporte subsanado por duplicado exitoso: MC - Mensual Central de Información Crediticia (2026-08-31, ocurrencia=única)
2026-09-15 14:19:25,500 [INFO] Reporte subsanado por duplicado exitoso: MC - Mensual Central de Información Crediticia (2026-08-31, ocurrencia=única)
2026-09-15 14:19:25,500 [INFO] Reporte subsanado por duplicado exitoso: Detalle de solicitudes de crédito (2026-08-31, ocurrencia=única)
2026-09-15 14:19:25,539 [INFO] Validando obligaciones configuradas para 14/9/2026...
2026-09-15 14:19:25,539 [INFO] Reportes mensuales enviados fuera de plazo; se mantienen en Reportes Vencidos sin enviar alerta: ['Reporte de transacciones relativas a la compra de activos virtuales']
2026-09-15 14:19:25,540 [INFO] Estado de los reportes (37 ✅ | 0 ❌ | 0 ⚠️ | 1 ⏱️ | 0 ⏳):
2026-09-15 14:19:25,540 [INFO]   ✅ M019 IF - Mensual Tasas Pasivas (CCM | corte 2026-08-31)
2026-09-15 14:19:25,540 [INFO]   ✅ CM - Cartera Mensual (CCM | corte 2026-08-31)
2026-09-15 14:19:25,540 [INFO]   ✅ CM - Cartera Mensual (CCM | corte 2026-08-31)
2026-09-15 14:19:25,540 [INFO]   ✅ CM - Cartera Mensual (CCM | corte 2026-08-31)
2026-09-15 14:19:25,541 [INFO]   ✅ CM - Cartera Mensual (CCM | corte 2026-08-31)
2026-09-15 14:19:25,541 [INFO]   ✅ CM - Cartera Mensual (CCM | corte 2026-08-31)
2026-09-15 14:19:25,541 [INFO]   ✅ MB01-MB20 Mensual Balance (CCM | corte 2026-08-31)
2026-09-15 14:19:25,541 [INFO]   ✅ MC - Mensual Central de Información Crediticia (CCM | corte 2026-08-31)
2026-09-15 14:19:25,541 [INFO]   ✅ MC - Mensual Central de Información Crediticia (CCM | corte 2026-08-31)
2026-09-15 14:19:25,541 [INFO]   ✅ MC - Mensual Central de Información Crediticia (CCM | corte 2026-08-31)
2026-09-15 14:19:25,542 [INFO]   ✅ Depósitos y ahorristas (CCM | corte 2026-08-31)
2026-09-15 14:19:25,542 [INFO]   ✅ Depósitos a plazo fijo (CCM | corte 2026-08-31)
2026-09-15 14:19:25,542 [INFO]   ✅ Detalle de Créditos - CAPROSEN (CCM | corte 2026-08-31)
2026-09-15 14:19:25,542 [INFO]   ✅ Crédito PCD (CCM | corte 2026-08-31)
2026-09-15 14:19:25,542 [INFO]   ✅ Solicitud de Créditos - PREAMyPes - Mensual (CCM | corte 2026-08-31)
2026-09-15 14:19:25,543 [INFO]   ✅ Tarifas y n° de transacciones de servicios o productos (CCM | corte 2026-08-31)
2026-09-15 14:19:25,543 [INFO]   ✅ M020 - Mensual PR Reclamos (CCM | corte 2026-08-31)
2026-09-15 14:19:25,543 [INFO]   ✅ M021 - Mensual PR Soluciones (CCM | corte 2026-08-31)
2026-09-15 14:19:25,543 [INFO]   ✅ M029 - Información general de Personas Expuestas Políticamente (CCM | corte 2026-08-31)
2026-09-15 14:19:25,543 [INFO]   ✅ Detalle de solicitudes de crédito (CCM | corte 2026-08-31)
2026-09-15 14:19:25,543 [INFO]   ✅ Detalle de solicitudes de crédito (CCM | corte 2026-08-31)
2026-09-15 14:19:25,544 [INFO]   ✅ M030 - Reporte de tarifas (CCM | corte 2026-08-31)
2026-09-15 14:19:25,544 [INFO]   ✅ Pasivos con el Público (CCM | corte 2026-08-31)
2026-09-15 14:19:25,544 [INFO]   ✅ Operaciones prorrogadas (CCM | corte 2026-08-31)
2026-09-15 14:19:25,544 [INFO]   ✅ Reporte de transacciones relativas a la compra de activos virtuales (CCM | corte 2026-08-31)
2026-09-15 14:19:25,544 [INFO]   ✅ MI01-MI09 - Mensual Central de Información de Riesgo Operativo (CCM | corte 2026-08-31)
2026-09-15 14:19:25,545 [INFO]   ✅ Mensual Solicitudes de Créditos - PEDAEEL (CCM | corte 2026-08-31)
2026-09-15 14:19:25,545 [INFO]   ✅ D007 IF - Diario Operaciones Interbancarias (CCM | corte 2026-09-14)
2026-09-15 14:19:25,545 [INFO]   ✅ D006 IF - Diario Tasas de Interés Activas (CCM | corte 2026-09-14)
2026-09-15 14:19:25,545 [INFO]   ✅ D008 IF - Diario Tipo de Cambio (CCM | corte 2026-09-14)
2026-09-15 14:19:25,545 [INFO]   ✅ D008 IF - Diario Tipo de Cambio (CCM | corte 2026-09-14)
2026-09-15 14:19:25,546 [INFO]   ✅ Estratificación de Depósitos (CCM | corte 2026-09-14)
2026-09-15 14:19:25,546 [INFO]   ✅ Ampliación de plazo de reclamos de primera instancia (CCM | corte 2026-09-14)
2026-09-15 14:19:25,546 [INFO]   ✅ Reporte de Transacciones con el Exterior Diario (CCM | corte 2026-09-14)
2026-09-15 14:19:25,546 [INFO]   ✅ D001-D005 IF - Diario Encaje (CCM | corte 2026-09-14)
2026-09-15 14:19:25,547 [INFO]   ✅ D012 - Créditos refinanciados y/o reprogramados (CCM | corte 2026-09-14)
2026-09-15 14:19:25,547 [INFO]   ✅ REPORTE DIARIO DE RETIRO DE DEPÓSITOS EN MONEDA EXTRANJERA (CCM | corte 2026-09-14)
2026-09-15 14:19:25,547 [INFO]   ⏱️ Reporte de transacciones relativas a la compra de activos virtuales (MENSUAL ENVIADO FUERA DE PLAZO)
2026-09-15 14:19:25,547 [INFO] Resumen: 37 exitosos | 0 pendientes | 0 errores | 0 faltantes | 1 tardíos | 0 sin enviar (dentro de plazo)
2026-09-15 14:19:25,549 [INFO] Revisión completada. Próxima en 15 min.
2026-09-15 14:34:25,567 [INFO] ============================================================
2026-09-15 14:34:25,569 [INFO] Iniciando revisión: 2026-09-15 14:34:25
2026-09-15 14:34:25,648 [INFO] Rangos de consulta: 31/8/2026 a 31/8/2026, 14/9/2026 a 14/9/2026
2026-09-15 14:34:25,649 [INFO] Consultas separadas a SCIP: 2
2026-09-15 14:34:25,649 [INFO] Fechas a consultar: 31/8/2026 a 31/8/2026
2026-09-15 14:34:26,856 [INFO] Iniciando navegador Chromium...
2026-09-15 14:34:36,007 [INFO] Abriendo login: https://appweb.asfi.gob.bo/SCIP/Login.aspx?ReturnUrl=%2fSCIP%2fmControlPlazos%2fControlPlazos.aspx
2026-09-15 14:34:41,631 [INFO] Ingresando credenciales...
2026-09-15 14:34:46,158 [INFO] Login exitoso
2026-09-15 14:35:02,960 [INFO] Procesando pagina 1 de la tabla...
2026-09-15 14:35:02,991 [INFO] Filas encontradas en pagina 1: 10
2026-09-15 14:35:04,682 [INFO] Procesando pagina 2 de la tabla...
2026-09-15 14:35:04,718 [INFO] Filas encontradas en pagina 2: 10
2026-09-15 14:35:06,406 [INFO] Procesando pagina 3 de la tabla...
2026-09-15 14:35:06,431 [INFO] Filas encontradas en pagina 3: 10
2026-09-15 14:35:08,215 [INFO] Procesando pagina 4 de la tabla...
2026-09-15 14:35:08,250 [INFO] Filas encontradas en pagina 4: 10
2026-09-15 14:35:09,080 [INFO] Navegador cerrado.
2026-09-15 14:35:09,104 [INFO] Fechas a consultar: 14/9/2026 a 14/9/2026
2026-09-15 14:35:10,075 [INFO] Iniciando navegador Chromium...
2026-09-15 14:35:24,565 [INFO] Abriendo login: https://appweb.asfi.gob.bo/SCIP/Login.aspx?ReturnUrl=%2fSCIP%2fmControlPlazos%2fControlPlazos.aspx
2026-09-15 14:35:27,557 [INFO] Ingresando credenciales...
2026-09-15 14:35:32,207 [INFO] Login exitoso
2026-09-15 14:35:49,621 [INFO] Procesando pagina 1 de la tabla...
2026-09-15 14:35:49,658 [INFO] Filas encontradas en pagina 1: 10
2026-09-15 14:35:51,398 [INFO] Procesando pagina 2 de la tabla...
2026-09-15 14:35:51,420 [INFO] Filas encontradas en pagina 2: 1
2026-09-15 14:35:51,584 [INFO] Navegador cerrado.
2026-09-15 14:35:51,609 [INFO] Total registros extraidos en consultas separadas: 50
2026-09-15 14:35:51,612 [INFO] Filas fuera de las obligaciones vigentes ignoradas: 13
2026-09-15 14:35:51,615 [INFO] Reporte subsanado por duplicado exitoso: CM - Cartera Mensual (2026-08-31, ocurrencia=única)
2026-09-15 14:35:51,615 [INFO] Reporte subsanado por duplicado exitoso: CM - Cartera Mensual (2026-08-31, ocurrencia=única)
2026-09-15 14:35:51,616 [INFO] Reporte subsanado por duplicado exitoso: CM - Cartera Mensual (2026-08-31, ocurrencia=única)
2026-09-15 14:35:51,616 [INFO] Reporte subsanado por duplicado exitoso: CM - Cartera Mensual (2026-08-31, ocurrencia=única)
2026-09-15 14:35:51,616 [INFO] Reporte subsanado por duplicado exitoso: MC - Mensual Central de Información Crediticia (2026-08-31, ocurrencia=única)
2026-09-15 14:35:51,617 [INFO] Reporte subsanado por duplicado exitoso: MC - Mensual Central de Información Crediticia (2026-08-31, ocurrencia=única)
2026-09-15 14:35:51,617 [INFO] Reporte subsanado por duplicado exitoso: Detalle de solicitudes de crédito (2026-08-31, ocurrencia=única)
2026-09-15 14:35:51,680 [INFO] Validando obligaciones configuradas para 14/9/2026...
2026-09-15 14:35:51,680 [INFO] Reportes mensuales enviados fuera de plazo; se mantienen en Reportes Vencidos sin enviar alerta: ['Reporte de transacciones relativas a la compra de activos virtuales']
2026-09-15 14:35:51,681 [INFO] Estado de los reportes (37 ✅ | 0 ❌ | 0 ⚠️ | 1 ⏱️ | 0 ⏳):
2026-09-15 14:35:51,681 [INFO]   ✅ M019 IF - Mensual Tasas Pasivas (CCM | corte 2026-08-31)
2026-09-15 14:35:51,681 [INFO]   ✅ CM - Cartera Mensual (CCM | corte 2026-08-31)
2026-09-15 14:35:51,681 [INFO]   ✅ CM - Cartera Mensual (CCM | corte 2026-08-31)
2026-09-15 14:35:51,681 [INFO]   ✅ CM - Cartera Mensual (CCM | corte 2026-08-31)
2026-09-15 14:35:51,682 [INFO]   ✅ CM - Cartera Mensual (CCM | corte 2026-08-31)
2026-09-15 14:35:51,682 [INFO]   ✅ CM - Cartera Mensual (CCM | corte 2026-08-31)
2026-09-15 14:35:51,682 [INFO]   ✅ MB01-MB20 Mensual Balance (CCM | corte 2026-08-31)
2026-09-15 14:35:51,682 [INFO]   ✅ MC - Mensual Central de Información Crediticia (CCM | corte 2026-08-31)
2026-09-15 14:35:51,682 [INFO]   ✅ MC - Mensual Central de Información Crediticia (CCM | corte 2026-08-31)
2026-09-15 14:35:51,682 [INFO]   ✅ MC - Mensual Central de Información Crediticia (CCM | corte 2026-08-31)
2026-09-15 14:35:51,683 [INFO]   ✅ Depósitos y ahorristas (CCM | corte 2026-08-31)
2026-09-15 14:35:51,683 [INFO]   ✅ Depósitos a plazo fijo (CCM | corte 2026-08-31)
2026-09-15 14:35:51,683 [INFO]   ✅ Detalle de Créditos - CAPROSEN (CCM | corte 2026-08-31)
2026-09-15 14:35:51,683 [INFO]   ✅ Crédito PCD (CCM | corte 2026-08-31)
2026-09-15 14:35:51,683 [INFO]   ✅ Solicitud de Créditos - PREAMyPes - Mensual (CCM | corte 2026-08-31)
2026-09-15 14:35:51,683 [INFO]   ✅ Tarifas y n° de transacciones de servicios o productos (CCM | corte 2026-08-31)
2026-09-15 14:35:51,684 [INFO]   ✅ M020 - Mensual PR Reclamos (CCM | corte 2026-08-31)
2026-09-15 14:35:51,684 [INFO]   ✅ M021 - Mensual PR Soluciones (CCM | corte 2026-08-31)
2026-09-15 14:35:51,684 [INFO]   ✅ M029 - Información general de Personas Expuestas Políticamente (CCM | corte 2026-08-31)
2026-09-15 14:35:51,684 [INFO]   ✅ Detalle de solicitudes de crédito (CCM | corte 2026-08-31)
2026-09-15 14:35:51,684 [INFO]   ✅ Detalle de solicitudes de crédito (CCM | corte 2026-08-31)
2026-09-15 14:35:51,684 [INFO]   ✅ M030 - Reporte de tarifas (CCM | corte 2026-08-31)
2026-09-15 14:35:51,685 [INFO]   ✅ Pasivos con el Público (CCM | corte 2026-08-31)
2026-09-15 14:35:51,685 [INFO]   ✅ Operaciones prorrogadas (CCM | corte 2026-08-31)
2026-09-15 14:35:51,685 [INFO]   ✅ Reporte de transacciones relativas a la compra de activos virtuales (CCM | corte 2026-08-31)
2026-09-15 14:35:51,685 [INFO]   ✅ MI01-MI09 - Mensual Central de Información de Riesgo Operativo (CCM | corte 2026-08-31)
2026-09-15 14:35:51,686 [INFO]   ✅ Mensual Solicitudes de Créditos - PEDAEEL (CCM | corte 2026-08-31)
2026-09-15 14:35:51,686 [INFO]   ✅ D007 IF - Diario Operaciones Interbancarias (CCM | corte 2026-09-14)
2026-09-15 14:35:51,686 [INFO]   ✅ D006 IF - Diario Tasas de Interés Activas (CCM | corte 2026-09-14)
2026-09-15 14:35:51,686 [INFO]   ✅ D008 IF - Diario Tipo de Cambio (CCM | corte 2026-09-14)
2026-09-15 14:35:51,687 [INFO]   ✅ D008 IF - Diario Tipo de Cambio (CCM | corte 2026-09-14)
2026-09-15 14:35:51,687 [INFO]   ✅ Estratificación de Depósitos (CCM | corte 2026-09-14)
2026-09-15 14:35:51,687 [INFO]   ✅ Ampliación de plazo de reclamos de primera instancia (CCM | corte 2026-09-14)
2026-09-15 14:35:51,687 [INFO]   ✅ Reporte de Transacciones con el Exterior Diario (CCM | corte 2026-09-14)
2026-09-15 14:35:51,687 [INFO]   ✅ D001-D005 IF - Diario Encaje (CCM | corte 2026-09-14)
2026-09-15 14:35:51,688 [INFO]   ✅ D012 - Créditos refinanciados y/o reprogramados (CCM | corte 2026-09-14)
2026-09-15 14:35:51,688 [INFO]   ✅ REPORTE DIARIO DE RETIRO DE DEPÓSITOS EN MONEDA EXTRANJERA (CCM | corte 2026-09-14)
2026-09-15 14:35:51,688 [INFO]   ⏱️ Reporte de transacciones relativas a la compra de activos virtuales (MENSUAL ENVIADO FUERA DE PLAZO)
2026-09-15 14:35:51,688 [INFO] Resumen: 37 exitosos | 0 pendientes | 0 errores | 0 faltantes | 1 tardíos | 0 sin enviar (dentro de plazo)
2026-09-15 14:35:51,690 [INFO] Revisión completada. Próxima en 15 min.
2026-09-15 14:50:51,710 [INFO] ============================================================
2026-09-15 14:50:51,711 [INFO] Iniciando revisión: 2026-09-15 14:50:51
2026-09-15 14:50:51,752 [INFO] Rangos de consulta: 31/8/2026 a 31/8/2026, 14/9/2026 a 14/9/2026
2026-09-15 14:50:51,753 [INFO] Consultas separadas a SCIP: 2
2026-09-15 14:50:51,753 [INFO] Fechas a consultar: 31/8/2026 a 31/8/2026
2026-09-15 14:50:52,813 [INFO] Iniciando navegador Chromium...
2026-09-15 14:50:57,987 [INFO] Abriendo login: https://appweb.asfi.gob.bo/SCIP/Login.aspx?ReturnUrl=%2fSCIP%2fmControlPlazos%2fControlPlazos.aspx
2026-09-15 14:51:03,692 [INFO] Ingresando credenciales...
2026-09-15 14:51:08,247 [INFO] Login exitoso
2026-09-15 14:51:24,622 [INFO] Procesando pagina 1 de la tabla...
2026-09-15 14:51:24,650 [INFO] Filas encontradas en pagina 1: 10
2026-09-15 14:51:26,369 [INFO] Procesando pagina 2 de la tabla...
2026-09-15 14:51:26,403 [INFO] Filas encontradas en pagina 2: 10
2026-09-15 14:51:28,126 [INFO] Procesando pagina 3 de la tabla...
2026-09-15 14:51:28,144 [INFO] Filas encontradas en pagina 3: 10
2026-09-15 14:51:29,866 [INFO] Procesando pagina 4 de la tabla...
2026-09-15 14:51:29,879 [INFO] Filas encontradas en pagina 4: 10
2026-09-15 14:51:30,632 [INFO] Navegador cerrado.
2026-09-15 14:51:30,657 [INFO] Fechas a consultar: 14/9/2026 a 14/9/2026
2026-09-15 14:51:31,741 [INFO] Iniciando navegador Chromium...
2026-09-15 14:51:40,028 [INFO] Abriendo login: https://appweb.asfi.gob.bo/SCIP/Login.aspx?ReturnUrl=%2fSCIP%2fmControlPlazos%2fControlPlazos.aspx
2026-09-15 14:51:43,044 [INFO] Ingresando credenciales...
2026-09-15 14:51:47,785 [INFO] Login exitoso
2026-09-15 14:52:05,124 [INFO] Procesando pagina 1 de la tabla...
2026-09-15 14:52:05,154 [INFO] Filas encontradas en pagina 1: 10
2026-09-15 14:52:06,864 [INFO] Procesando pagina 2 de la tabla...
2026-09-15 14:52:06,876 [INFO] Filas encontradas en pagina 2: 1
2026-09-15 14:52:07,067 [INFO] Navegador cerrado.
2026-09-15 14:52:07,084 [INFO] Total registros extraidos en consultas separadas: 50
2026-09-15 14:52:07,087 [INFO] Filas fuera de las obligaciones vigentes ignoradas: 13
2026-09-15 14:52:07,090 [INFO] Reporte subsanado por duplicado exitoso: CM - Cartera Mensual (2026-08-31, ocurrencia=única)
2026-09-15 14:52:07,091 [INFO] Reporte subsanado por duplicado exitoso: CM - Cartera Mensual (2026-08-31, ocurrencia=única)
2026-09-15 14:52:07,091 [INFO] Reporte subsanado por duplicado exitoso: CM - Cartera Mensual (2026-08-31, ocurrencia=única)
2026-09-15 14:52:07,091 [INFO] Reporte subsanado por duplicado exitoso: CM - Cartera Mensual (2026-08-31, ocurrencia=única)
2026-09-15 14:52:07,092 [INFO] Reporte subsanado por duplicado exitoso: MC - Mensual Central de Información Crediticia (2026-08-31, ocurrencia=única)
2026-09-15 14:52:07,092 [INFO] Reporte subsanado por duplicado exitoso: MC - Mensual Central de Información Crediticia (2026-08-31, ocurrencia=única)
2026-09-15 14:52:07,092 [INFO] Reporte subsanado por duplicado exitoso: Detalle de solicitudes de crédito (2026-08-31, ocurrencia=única)
2026-09-15 14:52:07,143 [INFO] Validando obligaciones configuradas para 14/9/2026...
2026-09-15 14:52:07,144 [INFO] Reportes mensuales enviados fuera de plazo; se mantienen en Reportes Vencidos sin enviar alerta: ['Reporte de transacciones relativas a la compra de activos virtuales']
2026-09-15 14:52:07,144 [INFO] Estado de los reportes (37 ✅ | 0 ❌ | 0 ⚠️ | 1 ⏱️ | 0 ⏳):
2026-09-15 14:52:07,144 [INFO]   ✅ M019 IF - Mensual Tasas Pasivas (CCM | corte 2026-08-31)
2026-09-15 14:52:07,144 [INFO]   ✅ CM - Cartera Mensual (CCM | corte 2026-08-31)
2026-09-15 14:52:07,144 [INFO]   ✅ CM - Cartera Mensual (CCM | corte 2026-08-31)
2026-09-15 14:52:07,145 [INFO]   ✅ CM - Cartera Mensual (CCM | corte 2026-08-31)
2026-09-15 14:52:07,145 [INFO]   ✅ CM - Cartera Mensual (CCM | corte 2026-08-31)
2026-09-15 14:52:07,145 [INFO]   ✅ CM - Cartera Mensual (CCM | corte 2026-08-31)
2026-09-15 14:52:07,146 [INFO]   ✅ MB01-MB20 Mensual Balance (CCM | corte 2026-08-31)
2026-09-15 14:52:07,146 [INFO]   ✅ MC - Mensual Central de Información Crediticia (CCM | corte 2026-08-31)
2026-09-15 14:52:07,147 [INFO]   ✅ MC - Mensual Central de Información Crediticia (CCM | corte 2026-08-31)
2026-09-15 14:52:07,147 [INFO]   ✅ MC - Mensual Central de Información Crediticia (CCM | corte 2026-08-31)
2026-09-15 14:52:07,147 [INFO]   ✅ Depósitos y ahorristas (CCM | corte 2026-08-31)
2026-09-15 14:52:07,147 [INFO]   ✅ Depósitos a plazo fijo (CCM | corte 2026-08-31)
2026-09-15 14:52:07,147 [INFO]   ✅ Detalle de Créditos - CAPROSEN (CCM | corte 2026-08-31)
2026-09-15 14:52:07,148 [INFO]   ✅ Crédito PCD (CCM | corte 2026-08-31)
2026-09-15 14:52:07,148 [INFO]   ✅ Solicitud de Créditos - PREAMyPes - Mensual (CCM | corte 2026-08-31)
2026-09-15 14:52:07,148 [INFO]   ✅ Tarifas y n° de transacciones de servicios o productos (CCM | corte 2026-08-31)
2026-09-15 14:52:07,148 [INFO]   ✅ M020 - Mensual PR Reclamos (CCM | corte 2026-08-31)
2026-09-15 14:52:07,148 [INFO]   ✅ M021 - Mensual PR Soluciones (CCM | corte 2026-08-31)
2026-09-15 14:52:07,149 [INFO]   ✅ M029 - Información general de Personas Expuestas Políticamente (CCM | corte 2026-08-31)
2026-09-15 14:52:07,150 [INFO]   ✅ Detalle de solicitudes de crédito (CCM | corte 2026-08-31)
2026-09-15 14:52:07,150 [INFO]   ✅ Detalle de solicitudes de crédito (CCM | corte 2026-08-31)
2026-09-15 14:52:07,150 [INFO]   ✅ M030 - Reporte de tarifas (CCM | corte 2026-08-31)
2026-09-15 14:52:07,151 [INFO]   ✅ Pasivos con el Público (CCM | corte 2026-08-31)
2026-09-15 14:52:07,151 [INFO]   ✅ Operaciones prorrogadas (CCM | corte 2026-08-31)
2026-09-15 14:52:07,152 [INFO]   ✅ Reporte de transacciones relativas a la compra de activos virtuales (CCM | corte 2026-08-31)
2026-09-15 14:52:07,152 [INFO]   ✅ MI01-MI09 - Mensual Central de Información de Riesgo Operativo (CCM | corte 2026-08-31)
2026-09-15 14:52:07,153 [INFO]   ✅ Mensual Solicitudes de Créditos - PEDAEEL (CCM | corte 2026-08-31)
2026-09-15 14:52:07,153 [INFO]   ✅ D007 IF - Diario Operaciones Interbancarias (CCM | corte 2026-09-14)
2026-09-15 14:52:07,154 [INFO]   ✅ D006 IF - Diario Tasas de Interés Activas (CCM | corte 2026-09-14)
2026-09-15 14:52:07,154 [INFO]   ✅ D008 IF - Diario Tipo de Cambio (CCM | corte 2026-09-14)
2026-09-15 14:52:07,155 [INFO]   ✅ D008 IF - Diario Tipo de Cambio (CCM | corte 2026-09-14)
2026-09-15 14:52:07,155 [INFO]   ✅ Estratificación de Depósitos (CCM | corte 2026-09-14)
2026-09-15 14:52:07,155 [INFO]   ✅ Ampliación de plazo de reclamos de primera instancia (CCM | corte 2026-09-14)
2026-09-15 14:52:07,155 [INFO]   ✅ Reporte de Transacciones con el Exterior Diario (CCM | corte 2026-09-14)
2026-09-15 14:52:07,156 [INFO]   ✅ D001-D005 IF - Diario Encaje (CCM | corte 2026-09-14)
2026-09-15 14:52:07,156 [INFO]   ✅ D012 - Créditos refinanciados y/o reprogramados (CCM | corte 2026-09-14)
2026-09-15 14:52:07,156 [INFO]   ✅ REPORTE DIARIO DE RETIRO DE DEPÓSITOS EN MONEDA EXTRANJERA (CCM | corte 2026-09-14)
2026-09-15 14:52:07,157 [INFO]   ⏱️ Reporte de transacciones relativas a la compra de activos virtuales (MENSUAL ENVIADO FUERA DE PLAZO)
2026-09-15 14:52:07,157 [INFO] Resumen: 37 exitosos | 0 pendientes | 0 errores | 0 faltantes | 1 tardíos | 0 sin enviar (dentro de plazo)
2026-09-15 14:52:07,158 [INFO] Revisión completada. Próxima en 15 min.
2026-09-15 15:07:07,176 [INFO] ============================================================
2026-09-15 15:07:07,178 [INFO] Iniciando revisión: 2026-09-15 15:07:07
2026-09-15 15:07:07,254 [INFO] Rangos de consulta: 31/8/2026 a 31/8/2026, 14/9/2026 a 14/9/2026
2026-09-15 15:07:07,254 [INFO] Consultas separadas a SCIP: 2
2026-09-15 15:07:07,254 [INFO] Fechas a consultar: 31/8/2026 a 31/8/2026
2026-09-15 15:07:08,214 [INFO] Iniciando navegador Chromium...
2026-09-15 15:07:16,545 [INFO] Abriendo login: https://appweb.asfi.gob.bo/SCIP/Login.aspx?ReturnUrl=%2fSCIP%2fmControlPlazos%2fControlPlazos.aspx
2026-09-15 15:07:21,924 [INFO] Ingresando credenciales...
2026-09-15 15:07:26,369 [INFO] Login exitoso
2026-09-15 15:07:43,025 [INFO] Procesando pagina 1 de la tabla...
2026-09-15 15:07:43,061 [INFO] Filas encontradas en pagina 1: 10
2026-09-15 15:07:44,750 [INFO] Procesando pagina 2 de la tabla...
2026-09-15 15:07:44,789 [INFO] Filas encontradas en pagina 2: 10
2026-09-15 15:07:46,504 [INFO] Procesando pagina 3 de la tabla...
2026-09-15 15:07:46,530 [INFO] Filas encontradas en pagina 3: 10
2026-09-15 15:07:48,277 [INFO] Procesando pagina 4 de la tabla...
2026-09-15 15:07:48,314 [INFO] Filas encontradas en pagina 4: 10
2026-09-15 15:07:49,025 [INFO] Navegador cerrado.
2026-09-15 15:07:49,047 [INFO] Fechas a consultar: 14/9/2026 a 14/9/2026
2026-09-15 15:07:50,096 [INFO] Iniciando navegador Chromium...
2026-09-15 15:08:01,740 [INFO] Abriendo login: https://appweb.asfi.gob.bo/SCIP/Login.aspx?ReturnUrl=%2fSCIP%2fmControlPlazos%2fControlPlazos.aspx
2026-09-15 15:08:04,782 [INFO] Ingresando credenciales...
2026-09-15 15:08:09,334 [INFO] Login exitoso
2026-09-15 15:08:25,793 [INFO] Procesando pagina 1 de la tabla...
2026-09-15 15:08:25,825 [INFO] Filas encontradas en pagina 1: 10
2026-09-15 15:08:27,617 [INFO] Procesando pagina 2 de la tabla...
2026-09-15 15:08:27,633 [INFO] Filas encontradas en pagina 2: 1
2026-09-15 15:08:27,790 [INFO] Navegador cerrado.
2026-09-15 15:08:27,807 [INFO] Total registros extraidos en consultas separadas: 50
2026-09-15 15:08:27,810 [INFO] Filas fuera de las obligaciones vigentes ignoradas: 13
2026-09-15 15:08:27,812 [INFO] Reporte subsanado por duplicado exitoso: CM - Cartera Mensual (2026-08-31, ocurrencia=única)
2026-09-15 15:08:27,812 [INFO] Reporte subsanado por duplicado exitoso: CM - Cartera Mensual (2026-08-31, ocurrencia=única)
2026-09-15 15:08:27,813 [INFO] Reporte subsanado por duplicado exitoso: CM - Cartera Mensual (2026-08-31, ocurrencia=única)
2026-09-15 15:08:27,813 [INFO] Reporte subsanado por duplicado exitoso: CM - Cartera Mensual (2026-08-31, ocurrencia=única)
2026-09-15 15:08:27,813 [INFO] Reporte subsanado por duplicado exitoso: MC - Mensual Central de Información Crediticia (2026-08-31, ocurrencia=única)
2026-09-15 15:08:27,813 [INFO] Reporte subsanado por duplicado exitoso: MC - Mensual Central de Información Crediticia (2026-08-31, ocurrencia=única)
2026-09-15 15:08:27,813 [INFO] Reporte subsanado por duplicado exitoso: Detalle de solicitudes de crédito (2026-08-31, ocurrencia=única)
2026-09-15 15:08:27,858 [INFO] Validando obligaciones configuradas para 14/9/2026...
2026-09-15 15:08:27,858 [INFO] Reportes mensuales enviados fuera de plazo; se mantienen en Reportes Vencidos sin enviar alerta: ['Reporte de transacciones relativas a la compra de activos virtuales']
2026-09-15 15:08:27,858 [INFO] Estado de los reportes (37 ✅ | 0 ❌ | 0 ⚠️ | 1 ⏱️ | 0 ⏳):
2026-09-15 15:08:27,858 [INFO]   ✅ M019 IF - Mensual Tasas Pasivas (CCM | corte 2026-08-31)
2026-09-15 15:08:27,859 [INFO]   ✅ CM - Cartera Mensual (CCM | corte 2026-08-31)
2026-09-15 15:08:27,859 [INFO]   ✅ CM - Cartera Mensual (CCM | corte 2026-08-31)
2026-09-15 15:08:27,859 [INFO]   ✅ CM - Cartera Mensual (CCM | corte 2026-08-31)
2026-09-15 15:08:27,859 [INFO]   ✅ CM - Cartera Mensual (CCM | corte 2026-08-31)
2026-09-15 15:08:27,859 [INFO]   ✅ CM - Cartera Mensual (CCM | corte 2026-08-31)
2026-09-15 15:08:27,859 [INFO]   ✅ MB01-MB20 Mensual Balance (CCM | corte 2026-08-31)
2026-09-15 15:08:27,860 [INFO]   ✅ MC - Mensual Central de Información Crediticia (CCM | corte 2026-08-31)
2026-09-15 15:08:27,860 [INFO]   ✅ MC - Mensual Central de Información Crediticia (CCM | corte 2026-08-31)
2026-09-15 15:08:27,860 [INFO]   ✅ MC - Mensual Central de Información Crediticia (CCM | corte 2026-08-31)
2026-09-15 15:08:27,860 [INFO]   ✅ Depósitos y ahorristas (CCM | corte 2026-08-31)
2026-09-15 15:08:27,860 [INFO]   ✅ Depósitos a plazo fijo (CCM | corte 2026-08-31)
2026-09-15 15:08:27,860 [INFO]   ✅ Detalle de Créditos - CAPROSEN (CCM | corte 2026-08-31)
2026-09-15 15:08:27,861 [INFO]   ✅ Crédito PCD (CCM | corte 2026-08-31)
2026-09-15 15:08:27,861 [INFO]   ✅ Solicitud de Créditos - PREAMyPes - Mensual (CCM | corte 2026-08-31)
2026-09-15 15:08:27,861 [INFO]   ✅ Tarifas y n° de transacciones de servicios o productos (CCM | corte 2026-08-31)
2026-09-15 15:08:27,861 [INFO]   ✅ M020 - Mensual PR Reclamos (CCM | corte 2026-08-31)
2026-09-15 15:08:27,861 [INFO]   ✅ M021 - Mensual PR Soluciones (CCM | corte 2026-08-31)
2026-09-15 15:08:27,862 [INFO]   ✅ M029 - Información general de Personas Expuestas Políticamente (CCM | corte 2026-08-31)
2026-09-15 15:08:27,862 [INFO]   ✅ Detalle de solicitudes de crédito (CCM | corte 2026-08-31)
2026-09-15 15:08:27,862 [INFO]   ✅ Detalle de solicitudes de crédito (CCM | corte 2026-08-31)
2026-09-15 15:08:27,862 [INFO]   ✅ M030 - Reporte de tarifas (CCM | corte 2026-08-31)
2026-09-15 15:08:27,862 [INFO]   ✅ Pasivos con el Público (CCM | corte 2026-08-31)
2026-09-15 15:08:27,862 [INFO]   ✅ Operaciones prorrogadas (CCM | corte 2026-08-31)
2026-09-15 15:08:27,863 [INFO]   ✅ Reporte de transacciones relativas a la compra de activos virtuales (CCM | corte 2026-08-31)
2026-09-15 15:08:27,863 [INFO]   ✅ MI01-MI09 - Mensual Central de Información de Riesgo Operativo (CCM | corte 2026-08-31)
2026-09-15 15:08:27,863 [INFO]   ✅ Mensual Solicitudes de Créditos - PEDAEEL (CCM | corte 2026-08-31)
2026-09-15 15:08:27,863 [INFO]   ✅ D007 IF - Diario Operaciones Interbancarias (CCM | corte 2026-09-14)
2026-09-15 15:08:27,863 [INFO]   ✅ D006 IF - Diario Tasas de Interés Activas (CCM | corte 2026-09-14)
2026-09-15 15:08:27,864 [INFO]   ✅ D008 IF - Diario Tipo de Cambio (CCM | corte 2026-09-14)
2026-09-15 15:08:27,864 [INFO]   ✅ D008 IF - Diario Tipo de Cambio (CCM | corte 2026-09-14)
2026-09-15 15:08:27,864 [INFO]   ✅ Estratificación de Depósitos (CCM | corte 2026-09-14)
2026-09-15 15:08:27,864 [INFO]   ✅ Ampliación de plazo de reclamos de primera instancia (CCM | corte 2026-09-14)
2026-09-15 15:08:27,865 [INFO]   ✅ Reporte de Transacciones con el Exterior Diario (CCM | corte 2026-09-14)
2026-09-15 15:08:27,865 [INFO]   ✅ D001-D005 IF - Diario Encaje (CCM | corte 2026-09-14)
2026-09-15 15:08:27,865 [INFO]   ✅ D012 - Créditos refinanciados y/o reprogramados (CCM | corte 2026-09-14)
2026-09-15 15:08:27,865 [INFO]   ✅ REPORTE DIARIO DE RETIRO DE DEPÓSITOS EN MONEDA EXTRANJERA (CCM | corte 2026-09-14)
2026-09-15 15:08:27,866 [INFO]   ⏱️ Reporte de transacciones relativas a la compra de activos virtuales (MENSUAL ENVIADO FUERA DE PLAZO)
2026-09-15 15:08:27,866 [INFO] Resumen: 37 exitosos | 0 pendientes | 0 errores | 0 faltantes | 1 tardíos | 0 sin enviar (dentro de plazo)
2026-09-15 15:08:27,868 [INFO] Revisión completada. Próxima en 15 min.
2026-09-15 15:23:27,888 [INFO] ============================================================
2026-09-15 15:23:27,889 [INFO] Iniciando revisión: 2026-09-15 15:23:27
2026-09-15 15:23:27,961 [INFO] Rangos de consulta: 31/8/2026 a 31/8/2026, 14/9/2026 a 14/9/2026
2026-09-15 15:23:27,962 [INFO] Consultas separadas a SCIP: 2
2026-09-15 15:23:27,962 [INFO] Fechas a consultar: 31/8/2026 a 31/8/2026
2026-09-15 15:23:29,025 [INFO] Iniciando navegador Chromium...
2026-09-15 15:23:34,130 [INFO] Abriendo login: https://appweb.asfi.gob.bo/SCIP/Login.aspx?ReturnUrl=%2fSCIP%2fmControlPlazos%2fControlPlazos.aspx
2026-09-15 15:23:39,572 [INFO] Ingresando credenciales...
2026-09-15 15:23:44,252 [INFO] Login exitoso
2026-09-15 15:24:00,698 [INFO] Procesando pagina 1 de la tabla...
2026-09-15 15:24:00,734 [INFO] Filas encontradas en pagina 1: 10
2026-09-15 15:24:02,418 [INFO] Procesando pagina 2 de la tabla...
2026-09-15 15:24:02,448 [INFO] Filas encontradas en pagina 2: 10
2026-09-15 15:24:04,101 [INFO] Procesando pagina 3 de la tabla...
2026-09-15 15:24:04,134 [INFO] Filas encontradas en pagina 3: 10
2026-09-15 15:24:05,804 [INFO] Procesando pagina 4 de la tabla...
2026-09-15 15:24:05,845 [INFO] Filas encontradas en pagina 4: 10
2026-09-15 15:24:06,574 [INFO] Navegador cerrado.
2026-09-15 15:24:06,598 [INFO] Fechas a consultar: 14/9/2026 a 14/9/2026
2026-09-15 15:24:07,550 [INFO] Iniciando navegador Chromium...
2026-09-15 15:24:15,337 [INFO] Abriendo login: https://appweb.asfi.gob.bo/SCIP/Login.aspx?ReturnUrl=%2fSCIP%2fmControlPlazos%2fControlPlazos.aspx
2026-09-15 15:24:18,455 [INFO] Ingresando credenciales...
2026-09-15 15:24:22,957 [INFO] Login exitoso
2026-09-15 15:24:39,693 [INFO] Procesando pagina 1 de la tabla...
2026-09-15 15:24:39,741 [INFO] Filas encontradas en pagina 1: 10
2026-09-15 15:24:41,449 [INFO] Procesando pagina 2 de la tabla...
2026-09-15 15:24:41,495 [INFO] Filas encontradas en pagina 2: 1
2026-09-15 15:24:41,684 [INFO] Navegador cerrado.
2026-09-15 15:24:41,702 [INFO] Total registros extraidos en consultas separadas: 50
2026-09-15 15:24:41,705 [INFO] Filas fuera de las obligaciones vigentes ignoradas: 13
2026-09-15 15:24:41,709 [INFO] Reporte subsanado por duplicado exitoso: CM - Cartera Mensual (2026-08-31, ocurrencia=única)
2026-09-15 15:24:41,709 [INFO] Reporte subsanado por duplicado exitoso: CM - Cartera Mensual (2026-08-31, ocurrencia=única)
2026-09-15 15:24:41,710 [INFO] Reporte subsanado por duplicado exitoso: CM - Cartera Mensual (2026-08-31, ocurrencia=única)
2026-09-15 15:24:41,711 [INFO] Reporte subsanado por duplicado exitoso: CM - Cartera Mensual (2026-08-31, ocurrencia=única)
2026-09-15 15:24:41,711 [INFO] Reporte subsanado por duplicado exitoso: MC - Mensual Central de Información Crediticia (2026-08-31, ocurrencia=única)
2026-09-15 15:24:41,711 [INFO] Reporte subsanado por duplicado exitoso: MC - Mensual Central de Información Crediticia (2026-08-31, ocurrencia=única)
2026-09-15 15:24:41,712 [INFO] Reporte subsanado por duplicado exitoso: Detalle de solicitudes de crédito (2026-08-31, ocurrencia=única)
2026-09-15 15:24:41,766 [INFO] Validando obligaciones configuradas para 14/9/2026...
2026-09-15 15:24:41,767 [INFO] Reportes mensuales enviados fuera de plazo; se mantienen en Reportes Vencidos sin enviar alerta: ['Reporte de transacciones relativas a la compra de activos virtuales']
2026-09-15 15:24:41,767 [INFO] Estado de los reportes (37 ✅ | 0 ❌ | 0 ⚠️ | 1 ⏱️ | 0 ⏳):
2026-09-15 15:24:41,767 [INFO]   ✅ M019 IF - Mensual Tasas Pasivas (CCM | corte 2026-08-31)
2026-09-15 15:24:41,767 [INFO]   ✅ CM - Cartera Mensual (CCM | corte 2026-08-31)
2026-09-15 15:24:41,767 [INFO]   ✅ CM - Cartera Mensual (CCM | corte 2026-08-31)
2026-09-15 15:24:41,768 [INFO]   ✅ CM - Cartera Mensual (CCM | corte 2026-08-31)
2026-09-15 15:24:41,768 [INFO]   ✅ CM - Cartera Mensual (CCM | corte 2026-08-31)
2026-09-15 15:24:41,768 [INFO]   ✅ CM - Cartera Mensual (CCM | corte 2026-08-31)
2026-09-15 15:24:41,768 [INFO]   ✅ MB01-MB20 Mensual Balance (CCM | corte 2026-08-31)
2026-09-15 15:24:41,768 [INFO]   ✅ MC - Mensual Central de Información Crediticia (CCM | corte 2026-08-31)
2026-09-15 15:24:41,768 [INFO]   ✅ MC - Mensual Central de Información Crediticia (CCM | corte 2026-08-31)
2026-09-15 15:24:41,769 [INFO]   ✅ MC - Mensual Central de Información Crediticia (CCM | corte 2026-08-31)
2026-09-15 15:24:41,769 [INFO]   ✅ Depósitos y ahorristas (CCM | corte 2026-08-31)
2026-09-15 15:24:41,769 [INFO]   ✅ Depósitos a plazo fijo (CCM | corte 2026-08-31)
2026-09-15 15:24:41,769 [INFO]   ✅ Detalle de Créditos - CAPROSEN (CCM | corte 2026-08-31)
2026-09-15 15:24:41,769 [INFO]   ✅ Crédito PCD (CCM | corte 2026-08-31)
2026-09-15 15:24:41,770 [INFO]   ✅ Solicitud de Créditos - PREAMyPes - Mensual (CCM | corte 2026-08-31)
2026-09-15 15:24:41,770 [INFO]   ✅ Tarifas y n° de transacciones de servicios o productos (CCM | corte 2026-08-31)
2026-09-15 15:24:41,770 [INFO]   ✅ M020 - Mensual PR Reclamos (CCM | corte 2026-08-31)
2026-09-15 15:24:41,770 [INFO]   ✅ M021 - Mensual PR Soluciones (CCM | corte 2026-08-31)
2026-09-15 15:24:41,770 [INFO]   ✅ M029 - Información general de Personas Expuestas Políticamente (CCM | corte 2026-08-31)
2026-09-15 15:24:41,770 [INFO]   ✅ Detalle de solicitudes de crédito (CCM | corte 2026-08-31)
2026-09-15 15:24:41,770 [INFO]   ✅ Detalle de solicitudes de crédito (CCM | corte 2026-08-31)
2026-09-15 15:24:41,771 [INFO]   ✅ M030 - Reporte de tarifas (CCM | corte 2026-08-31)
2026-09-15 15:24:41,771 [INFO]   ✅ Pasivos con el Público (CCM | corte 2026-08-31)
2026-09-15 15:24:41,771 [INFO]   ✅ Operaciones prorrogadas (CCM | corte 2026-08-31)
2026-09-15 15:24:41,771 [INFO]   ✅ Reporte de transacciones relativas a la compra de activos virtuales (CCM | corte 2026-08-31)
2026-09-15 15:24:41,772 [INFO]   ✅ MI01-MI09 - Mensual Central de Información de Riesgo Operativo (CCM | corte 2026-08-31)
2026-09-15 15:24:41,772 [INFO]   ✅ Mensual Solicitudes de Créditos - PEDAEEL (CCM | corte 2026-08-31)
2026-09-15 15:24:41,772 [INFO]   ✅ D007 IF - Diario Operaciones Interbancarias (CCM | corte 2026-09-14)
2026-09-15 15:24:41,772 [INFO]   ✅ D006 IF - Diario Tasas de Interés Activas (CCM | corte 2026-09-14)
2026-09-15 15:24:41,773 [INFO]   ✅ D008 IF - Diario Tipo de Cambio (CCM | corte 2026-09-14)
2026-09-15 15:24:41,773 [INFO]   ✅ D008 IF - Diario Tipo de Cambio (CCM | corte 2026-09-14)
2026-09-15 15:24:41,773 [INFO]   ✅ Estratificación de Depósitos (CCM | corte 2026-09-14)
2026-09-15 15:24:41,773 [INFO]   ✅ Ampliación de plazo de reclamos de primera instancia (CCM | corte 2026-09-14)
2026-09-15 15:24:41,774 [INFO]   ✅ Reporte de Transacciones con el Exterior Diario (CCM | corte 2026-09-14)
2026-09-15 15:24:41,774 [INFO]   ✅ D001-D005 IF - Diario Encaje (CCM | corte 2026-09-14)
2026-09-15 15:24:41,774 [INFO]   ✅ D012 - Créditos refinanciados y/o reprogramados (CCM | corte 2026-09-14)
2026-09-15 15:24:41,775 [INFO]   ✅ REPORTE DIARIO DE RETIRO DE DEPÓSITOS EN MONEDA EXTRANJERA (CCM | corte 2026-09-14)
2026-09-15 15:24:41,775 [INFO]   ⏱️ Reporte de transacciones relativas a la compra de activos virtuales (MENSUAL ENVIADO FUERA DE PLAZO)
2026-09-15 15:24:41,775 [INFO] Resumen: 37 exitosos | 0 pendientes | 0 errores | 0 faltantes | 1 tardíos | 0 sin enviar (dentro de plazo)
2026-09-15 15:24:41,778 [INFO] Revisión completada. Próxima en 15 min.
2026-09-15 15:33:12,957 [INFO] Monitor detenido por el usuario.
2026-09-15 15:33:12,958 [INFO] [NOTIFICACION] ASFI/SCIP Monitor detenido: El monitoreo fue detenido manualmente.
2026-09-15 15:33:29,070 [INFO] ============================================================
2026-09-15 15:33:29,071 [INFO] ASFI SCIP Monitor iniciado
2026-09-15 15:33:29,071 [INFO]   Usuario  : thomas.clavijo@comarapa.coop
2026-09-15 15:33:29,071 [INFO]   Intervalo: 15 minutos
2026-09-15 15:33:29,072 [INFO]   Headless : True
2026-09-15 15:33:29,072 [INFO]   Días atrás: 1
2026-09-15 15:33:29,072 [INFO] ============================================================
2026-09-15 15:33:29,319 [INFO] [NOTIFICACION] ASFI/SCIP Monitor iniciado: Monitoreando reportes cada 15 min.
2026-09-15 15:33:40,788 [INFO] ============================================================
2026-09-15 15:33:40,789 [INFO] Iniciando revisión: 2026-09-15 15:33:40
2026-09-15 15:33:40,836 [INFO] Rangos de consulta: 31/8/2026 a 31/8/2026, 14/9/2026 a 14/9/2026
2026-09-15 15:33:40,837 [INFO] Consultas separadas a SCIP: 2
2026-09-15 15:33:40,838 [INFO] Fechas a consultar: 31/8/2026 a 31/8/2026
2026-09-15 15:33:41,993 [INFO] Iniciando navegador Chromium...
2026-09-15 15:33:59,952 [INFO] Abriendo login: https://appweb.asfi.gob.bo/SCIP/Login.aspx?ReturnUrl=%2fSCIP%2fmControlPlazos%2fControlPlazos.aspx
2026-09-15 15:34:05,779 [INFO] Ingresando credenciales...
2026-09-15 15:34:10,328 [INFO] Login exitoso
2026-09-15 15:34:27,059 [INFO] Procesando pagina 1 de la tabla...
2026-09-15 15:34:27,091 [INFO] Filas encontradas en pagina 1: 10
2026-09-15 15:34:28,843 [INFO] Procesando pagina 2 de la tabla...
2026-09-15 15:34:28,883 [INFO] Filas encontradas en pagina 2: 10
2026-09-15 15:34:30,543 [INFO] Procesando pagina 3 de la tabla...
2026-09-15 15:34:30,569 [INFO] Filas encontradas en pagina 3: 10
2026-09-15 15:34:32,412 [INFO] Procesando pagina 4 de la tabla...
2026-09-15 15:34:32,438 [INFO] Filas encontradas en pagina 4: 10
2026-09-15 15:34:33,311 [INFO] Navegador cerrado.
2026-09-15 15:34:33,345 [INFO] Fechas a consultar: 14/9/2026 a 14/9/2026
2026-09-15 15:34:34,349 [INFO] Iniciando navegador Chromium...
2026-09-15 15:34:42,592 [INFO] Abriendo login: https://appweb.asfi.gob.bo/SCIP/Login.aspx?ReturnUrl=%2fSCIP%2fmControlPlazos%2fControlPlazos.aspx
2026-09-15 15:34:45,769 [INFO] Ingresando credenciales...
2026-09-15 15:34:50,191 [INFO] Login exitoso
2026-09-15 15:35:06,609 [INFO] Procesando pagina 1 de la tabla...
2026-09-15 15:35:06,641 [INFO] Filas encontradas en pagina 1: 10
2026-09-15 15:35:08,412 [INFO] Procesando pagina 2 de la tabla...
2026-09-15 15:35:08,459 [INFO] Filas encontradas en pagina 2: 1
2026-09-15 15:35:08,614 [INFO] Navegador cerrado.
2026-09-15 15:35:08,637 [INFO] Total registros extraidos en consultas separadas: 50
2026-09-15 15:35:08,641 [INFO] Filas fuera de las obligaciones vigentes ignoradas: 13
2026-09-15 15:35:08,644 [INFO] Reporte subsanado por duplicado exitoso: CM - Cartera Mensual (2026-08-31, ocurrencia=única)
2026-09-15 15:35:08,645 [INFO] Reporte subsanado por duplicado exitoso: CM - Cartera Mensual (2026-08-31, ocurrencia=única)
2026-09-15 15:35:08,645 [INFO] Reporte subsanado por duplicado exitoso: CM - Cartera Mensual (2026-08-31, ocurrencia=única)
2026-09-15 15:35:08,645 [INFO] Reporte subsanado por duplicado exitoso: CM - Cartera Mensual (2026-08-31, ocurrencia=única)
2026-09-15 15:35:08,645 [INFO] Reporte subsanado por duplicado exitoso: MC - Mensual Central de Información Crediticia (2026-08-31, ocurrencia=única)
2026-09-15 15:35:08,645 [INFO] Reporte subsanado por duplicado exitoso: MC - Mensual Central de Información Crediticia (2026-08-31, ocurrencia=única)
2026-09-15 15:35:08,646 [INFO] Reporte subsanado por duplicado exitoso: Detalle de solicitudes de crédito (2026-08-31, ocurrencia=única)
2026-09-15 15:35:08,710 [INFO] Validando obligaciones configuradas para 14/9/2026...
2026-09-15 15:35:08,710 [INFO] Reportes mensuales enviados fuera de plazo; se mantienen en Reportes Vencidos sin enviar alerta: ['Reporte de transacciones relativas a la compra de activos virtuales']
2026-09-15 15:35:08,710 [INFO] Estado de los reportes (37 ✅ | 0 ❌ | 0 ⚠️ | 1 ⏱️ | 0 ⏳):
2026-09-15 15:35:08,710 [INFO]   ✅ M019 IF - Mensual Tasas Pasivas (CCM | corte 2026-08-31)
2026-09-15 15:35:08,711 [INFO]   ✅ CM - Cartera Mensual (CCM | corte 2026-08-31)
2026-09-15 15:35:08,711 [INFO]   ✅ CM - Cartera Mensual (CCM | corte 2026-08-31)
2026-09-15 15:35:08,711 [INFO]   ✅ CM - Cartera Mensual (CCM | corte 2026-08-31)
2026-09-15 15:35:08,711 [INFO]   ✅ CM - Cartera Mensual (CCM | corte 2026-08-31)
2026-09-15 15:35:08,711 [INFO]   ✅ CM - Cartera Mensual (CCM | corte 2026-08-31)
2026-09-15 15:35:08,712 [INFO]   ✅ MB01-MB20 Mensual Balance (CCM | corte 2026-08-31)
2026-09-15 15:35:08,712 [INFO]   ✅ MC - Mensual Central de Información Crediticia (CCM | corte 2026-08-31)
2026-09-15 15:35:08,712 [INFO]   ✅ MC - Mensual Central de Información Crediticia (CCM | corte 2026-08-31)
2026-09-15 15:35:08,712 [INFO]   ✅ MC - Mensual Central de Información Crediticia (CCM | corte 2026-08-31)
2026-09-15 15:35:08,712 [INFO]   ✅ Depósitos y ahorristas (CCM | corte 2026-08-31)
2026-09-15 15:35:08,713 [INFO]   ✅ Depósitos a plazo fijo (CCM | corte 2026-08-31)
2026-09-15 15:35:08,713 [INFO]   ✅ Detalle de Créditos - CAPROSEN (CCM | corte 2026-08-31)
2026-09-15 15:35:08,713 [INFO]   ✅ Crédito PCD (CCM | corte 2026-08-31)
2026-09-15 15:35:08,713 [INFO]   ✅ Solicitud de Créditos - PREAMyPes - Mensual (CCM | corte 2026-08-31)
2026-09-15 15:35:08,713 [INFO]   ✅ Tarifas y n° de transacciones de servicios o productos (CCM | corte 2026-08-31)
2026-09-15 15:35:08,713 [INFO]   ✅ M020 - Mensual PR Reclamos (CCM | corte 2026-08-31)
2026-09-15 15:35:08,714 [INFO]   ✅ M021 - Mensual PR Soluciones (CCM | corte 2026-08-31)
2026-09-15 15:35:08,714 [INFO]   ✅ M029 - Información general de Personas Expuestas Políticamente (CCM | corte 2026-08-31)
2026-09-15 15:35:08,714 [INFO]   ✅ Detalle de solicitudes de crédito (CCM | corte 2026-08-31)
2026-09-15 15:35:08,714 [INFO]   ✅ Detalle de solicitudes de crédito (CCM | corte 2026-08-31)
2026-09-15 15:35:08,714 [INFO]   ✅ M030 - Reporte de tarifas (CCM | corte 2026-08-31)
2026-09-15 15:35:08,714 [INFO]   ✅ Pasivos con el Público (CCM | corte 2026-08-31)
2026-09-15 15:35:08,715 [INFO]   ✅ Operaciones prorrogadas (CCM | corte 2026-08-31)
2026-09-15 15:35:08,715 [INFO]   ✅ Reporte de transacciones relativas a la compra de activos virtuales (CCM | corte 2026-08-31)
2026-09-15 15:35:08,715 [INFO]   ✅ MI01-MI09 - Mensual Central de Información de Riesgo Operativo (CCM | corte 2026-08-31)
2026-09-15 15:35:08,716 [INFO]   ✅ Mensual Solicitudes de Créditos - PEDAEEL (CCM | corte 2026-08-31)
2026-09-15 15:35:08,716 [INFO]   ✅ D007 IF - Diario Operaciones Interbancarias (CCM | corte 2026-09-14)
2026-09-15 15:35:08,716 [INFO]   ✅ D006 IF - Diario Tasas de Interés Activas (CCM | corte 2026-09-14)
2026-09-15 15:35:08,716 [INFO]   ✅ D008 IF - Diario Tipo de Cambio (CCM | corte 2026-09-14)
2026-09-15 15:35:08,717 [INFO]   ✅ D008 IF - Diario Tipo de Cambio (CCM | corte 2026-09-14)
2026-09-15 15:35:08,717 [INFO]   ✅ Estratificación de Depósitos (CCM | corte 2026-09-14)
2026-09-15 15:35:08,717 [INFO]   ✅ Ampliación de plazo de reclamos de primera instancia (CCM | corte 2026-09-14)
2026-09-15 15:35:08,717 [INFO]   ✅ Reporte de Transacciones con el Exterior Diario (CCM | corte 2026-09-14)
2026-09-15 15:35:08,718 [INFO]   ✅ D001-D005 IF - Diario Encaje (CCM | corte 2026-09-14)
2026-09-15 15:35:08,718 [INFO]   ✅ D012 - Créditos refinanciados y/o reprogramados (CCM | corte 2026-09-14)
2026-09-15 15:35:08,718 [INFO]   ✅ REPORTE DIARIO DE RETIRO DE DEPÓSITOS EN MONEDA EXTRANJERA (CCM | corte 2026-09-14)
2026-09-15 15:35:08,718 [INFO]   ⏱️ Reporte de transacciones relativas a la compra de activos virtuales (MENSUAL ENVIADO FUERA DE PLAZO)
2026-09-15 15:35:08,719 [INFO] Resumen: 37 exitosos | 0 pendientes | 0 errores | 0 faltantes | 1 tardíos | 0 sin enviar (dentro de plazo)
2026-09-15 15:35:08,720 [INFO] Revisión completada. Próxima en 15 min.
2026-09-15 15:35:08,721 [INFO] Scheduler activo. Revisando cada 15 minutos.
2026-09-15 15:35:08,721 [INFO] Presionar Ctrl+C para detener.
2026-09-15 15:37:30,100 [INFO] Monitor detenido por el usuario.
2026-09-15 15:37:30,101 [INFO] [NOTIFICACION] ASFI/SCIP Monitor detenido: El monitoreo fue detenido manualmente.
2026-09-15 15:37:43,884 [INFO] ============================================================
2026-09-15 15:37:43,884 [INFO] ASFI SCIP Monitor iniciado
2026-09-15 15:37:43,885 [INFO]   Usuario  : thomas.clavijo@comarapa.coop
2026-09-15 15:37:43,885 [INFO]   Intervalo: 15 minutos
2026-09-15 15:37:43,885 [INFO]   Headless : True
2026-09-15 15:37:43,886 [INFO]   Días atrás: 1
2026-09-15 15:37:43,886 [INFO] ============================================================
2026-09-15 15:37:44,069 [INFO] [NOTIFICACION] ASFI/SCIP Monitor iniciado: Monitoreando reportes cada 15 min.
2026-09-15 15:37:55,530 [INFO] ============================================================
2026-09-15 15:37:55,531 [INFO] Iniciando revisión: 2026-09-15 15:37:55
2026-09-15 15:37:55,584 [INFO] Rangos de consulta: 31/8/2026 a 31/8/2026, 14/9/2026 a 14/9/2026
2026-09-15 15:37:55,585 [INFO] Consultas separadas a SCIP: 2
2026-09-15 15:37:55,585 [INFO] Fechas a consultar: 31/8/2026 a 31/8/2026
2026-09-15 15:37:56,543 [INFO] Iniciando navegador Chromium...
2026-09-15 15:38:05,426 [INFO] Abriendo login: https://appweb.asfi.gob.bo/SCIP/Login.aspx?ReturnUrl=%2fSCIP%2fmControlPlazos%2fControlPlazos.aspx
2026-09-15 15:38:08,471 [INFO] Ingresando credenciales...
2026-09-15 15:38:13,000 [INFO] Login exitoso
2026-09-15 15:38:29,953 [INFO] Procesando pagina 1 de la tabla...
2026-09-15 15:38:29,982 [INFO] Filas encontradas en pagina 1: 10
2026-09-15 15:38:31,794 [INFO] Procesando pagina 2 de la tabla...
2026-09-15 15:38:31,832 [INFO] Filas encontradas en pagina 2: 10
2026-09-15 15:38:33,538 [INFO] Procesando pagina 3 de la tabla...
2026-09-15 15:38:33,576 [INFO] Filas encontradas en pagina 3: 10
2026-09-15 15:38:35,253 [INFO] Procesando pagina 4 de la tabla...
2026-09-15 15:38:35,291 [INFO] Filas encontradas en pagina 4: 10
2026-09-15 15:38:36,025 [INFO] Navegador cerrado.
2026-09-15 15:38:36,045 [INFO] Fechas a consultar: 14/9/2026 a 14/9/2026
2026-09-15 15:38:37,763 [INFO] Iniciando navegador Chromium...
2026-09-15 15:38:44,013 [INFO] Abriendo login: https://appweb.asfi.gob.bo/SCIP/Login.aspx?ReturnUrl=%2fSCIP%2fmControlPlazos%2fControlPlazos.aspx
2026-09-15 15:38:47,029 [INFO] Ingresando credenciales...
2026-09-15 15:38:51,511 [INFO] Login exitoso
2026-09-15 15:39:07,750 [INFO] Procesando pagina 1 de la tabla...
2026-09-15 15:39:07,789 [INFO] Filas encontradas en pagina 1: 10
2026-09-15 15:39:09,647 [INFO] Procesando pagina 2 de la tabla...
2026-09-15 15:39:09,681 [INFO] Filas encontradas en pagina 2: 1
2026-09-15 15:39:09,848 [INFO] Navegador cerrado.
2026-09-15 15:39:09,874 [INFO] Total registros extraidos en consultas separadas: 50
2026-09-15 15:39:09,878 [INFO] Filas fuera de las obligaciones vigentes ignoradas: 13
2026-09-15 15:39:09,881 [INFO] Reporte subsanado por duplicado exitoso: CM - Cartera Mensual (2026-08-31, ocurrencia=única)
2026-09-15 15:39:09,881 [INFO] Reporte subsanado por duplicado exitoso: CM - Cartera Mensual (2026-08-31, ocurrencia=única)
2026-09-15 15:39:09,881 [INFO] Reporte subsanado por duplicado exitoso: CM - Cartera Mensual (2026-08-31, ocurrencia=única)
2026-09-15 15:39:09,882 [INFO] Reporte subsanado por duplicado exitoso: CM - Cartera Mensual (2026-08-31, ocurrencia=única)
2026-09-15 15:39:09,882 [INFO] Reporte subsanado por duplicado exitoso: MC - Mensual Central de Información Crediticia (2026-08-31, ocurrencia=única)
2026-09-15 15:39:09,882 [INFO] Reporte subsanado por duplicado exitoso: MC - Mensual Central de Información Crediticia (2026-08-31, ocurrencia=única)
2026-09-15 15:39:09,882 [INFO] Reporte subsanado por duplicado exitoso: Detalle de solicitudes de crédito (2026-08-31, ocurrencia=única)
2026-09-15 15:39:09,934 [INFO] Validando obligaciones configuradas para 14/9/2026...
2026-09-15 15:39:09,934 [INFO] Reportes mensuales enviados fuera de plazo; se mantienen en Reportes Vencidos sin enviar alerta: ['Reporte de transacciones relativas a la compra de activos virtuales']
2026-09-15 15:39:09,935 [INFO] Estado de los reportes (37 ✅ | 0 ❌ | 0 ⚠️ | 1 ⏱️ | 0 ⏳):
2026-09-15 15:39:09,935 [INFO]   ✅ M019 IF - Mensual Tasas Pasivas (CCM | corte 2026-08-31)
2026-09-15 15:39:09,935 [INFO]   ✅ CM - Cartera Mensual (CCM | corte 2026-08-31)
2026-09-15 15:39:09,935 [INFO]   ✅ CM - Cartera Mensual (CCM | corte 2026-08-31)
2026-09-15 15:39:09,936 [INFO]   ✅ CM - Cartera Mensual (CCM | corte 2026-08-31)
2026-09-15 15:39:09,936 [INFO]   ✅ CM - Cartera Mensual (CCM | corte 2026-08-31)
2026-09-15 15:39:09,936 [INFO]   ✅ CM - Cartera Mensual (CCM | corte 2026-08-31)
2026-09-15 15:39:09,936 [INFO]   ✅ MB01-MB20 Mensual Balance (CCM | corte 2026-08-31)
2026-09-15 15:39:09,936 [INFO]   ✅ MC - Mensual Central de Información Crediticia (CCM | corte 2026-08-31)
2026-09-15 15:39:09,938 [INFO]   ✅ MC - Mensual Central de Información Crediticia (CCM | corte 2026-08-31)
2026-09-15 15:39:09,938 [INFO]   ✅ MC - Mensual Central de Información Crediticia (CCM | corte 2026-08-31)
2026-09-15 15:39:09,939 [INFO]   ✅ Depósitos y ahorristas (CCM | corte 2026-08-31)
2026-09-15 15:39:09,939 [INFO]   ✅ Depósitos a plazo fijo (CCM | corte 2026-08-31)
2026-09-15 15:39:09,939 [INFO]   ✅ Detalle de Créditos - CAPROSEN (CCM | corte 2026-08-31)
2026-09-15 15:39:09,939 [INFO]   ✅ Crédito PCD (CCM | corte 2026-08-31)
2026-09-15 15:39:09,940 [INFO]   ✅ Solicitud de Créditos - PREAMyPes - Mensual (CCM | corte 2026-08-31)
2026-09-15 15:39:09,940 [INFO]   ✅ Tarifas y n° de transacciones de servicios o productos (CCM | corte 2026-08-31)
2026-09-15 15:39:09,940 [INFO]   ✅ M020 - Mensual PR Reclamos (CCM | corte 2026-08-31)
2026-09-15 15:39:09,940 [INFO]   ✅ M021 - Mensual PR Soluciones (CCM | corte 2026-08-31)
2026-09-15 15:39:09,941 [INFO]   ✅ M029 - Información general de Personas Expuestas Políticamente (CCM | corte 2026-08-31)
2026-09-15 15:39:09,941 [INFO]   ✅ Detalle de solicitudes de crédito (CCM | corte 2026-08-31)
2026-09-15 15:39:09,941 [INFO]   ✅ Detalle de solicitudes de crédito (CCM | corte 2026-08-31)
2026-09-15 15:39:09,941 [INFO]   ✅ M030 - Reporte de tarifas (CCM | corte 2026-08-31)
2026-09-15 15:39:09,941 [INFO]   ✅ Pasivos con el Público (CCM | corte 2026-08-31)
2026-09-15 15:39:09,942 [INFO]   ✅ Operaciones prorrogadas (CCM | corte 2026-08-31)
2026-09-15 15:39:09,942 [INFO]   ✅ Reporte de transacciones relativas a la compra de activos virtuales (CCM | corte 2026-08-31)
2026-09-15 15:39:09,942 [INFO]   ✅ MI01-MI09 - Mensual Central de Información de Riesgo Operativo (CCM | corte 2026-08-31)
2026-09-15 15:39:09,942 [INFO]   ✅ Mensual Solicitudes de Créditos - PEDAEEL (CCM | corte 2026-08-31)
2026-09-15 15:39:09,943 [INFO]   ✅ D007 IF - Diario Operaciones Interbancarias (CCM | corte 2026-09-14)
2026-09-15 15:39:09,943 [INFO]   ✅ D006 IF - Diario Tasas de Interés Activas (CCM | corte 2026-09-14)
2026-09-15 15:39:09,943 [INFO]   ✅ D008 IF - Diario Tipo de Cambio (CCM | corte 2026-09-14)
2026-09-15 15:39:09,943 [INFO]   ✅ D008 IF - Diario Tipo de Cambio (CCM | corte 2026-09-14)
2026-09-15 15:39:09,943 [INFO]   ✅ Estratificación de Depósitos (CCM | corte 2026-09-14)
2026-09-15 15:39:09,944 [INFO]   ✅ Ampliación de plazo de reclamos de primera instancia (CCM | corte 2026-09-14)
2026-09-15 15:39:09,944 [INFO]   ✅ Reporte de Transacciones con el Exterior Diario (CCM | corte 2026-09-14)
2026-09-15 15:39:09,944 [INFO]   ✅ D001-D005 IF - Diario Encaje (CCM | corte 2026-09-14)
2026-09-15 15:39:09,944 [INFO]   ✅ D012 - Créditos refinanciados y/o reprogramados (CCM | corte 2026-09-14)
2026-09-15 15:39:09,944 [INFO]   ✅ REPORTE DIARIO DE RETIRO DE DEPÓSITOS EN MONEDA EXTRANJERA (CCM | corte 2026-09-14)
2026-09-15 15:39:09,945 [INFO]   ⏱️ Reporte de transacciones relativas a la compra de activos virtuales (MENSUAL ENVIADO FUERA DE PLAZO)
2026-09-15 15:39:09,945 [INFO] Resumen: 37 exitosos | 0 pendientes | 0 errores | 0 faltantes | 1 tardíos | 0 sin enviar (dentro de plazo)
2026-09-15 15:39:09,947 [INFO] Revisión completada. Próxima en 15 min.
2026-09-15 15:39:09,948 [INFO] Scheduler activo. Revisando cada 15 minutos.
2026-09-15 15:39:09,948 [INFO] Presionar Ctrl+C para detener.
2026-09-15 15:50:56,564 [INFO] Monitor detenido por el usuario.
2026-09-15 15:50:56,566 [INFO] [NOTIFICACION] ASFI/SCIP Monitor detenido: El monitoreo fue detenido manualmente.
2026-09-15 15:51:12,215 [INFO] Fechas a consultar: 14/9/2026 a 14/9/2026
2026-09-15 15:51:13,523 [INFO] Iniciando navegador Chromium...
2026-09-15 15:51:19,274 [INFO] Abriendo login: https://appweb.asfi.gob.bo/SCIP/Login.aspx?ReturnUrl=%2fSCIP%2fmControlPlazos%2fControlPlazos.aspx
2026-09-15 15:51:24,750 [INFO] Ingresando credenciales...
2026-09-15 15:51:29,455 [INFO] Login exitoso
2026-09-15 15:51:45,589 [INFO] Procesando pagina 1 de la tabla...
2026-09-15 15:51:45,645 [INFO] Filas encontradas en pagina 1: 10
2026-09-15 15:51:47,338 [INFO] Procesando pagina 2 de la tabla...
2026-09-15 15:51:47,415 [INFO] Filas encontradas en pagina 2: 1
2026-09-15 15:51:47,586 [INFO] Navegador cerrado.
2026-09-15 16:04:01,607 [INFO] Reporte subsanado por duplicado exitoso: Reporte de Prueba (, ocurrencia=única)
2026-09-15 16:04:01,667 [INFO] Reporte subsanado por duplicado exitoso: Reporte de Prueba (2026-09-02, ocurrencia=1)
2026-09-15 16:04:01,726 [INFO] ============================================================
2026-09-15 16:04:01,726 [INFO] Iniciando revisión: 2026-09-03 13:00:00
2026-09-15 16:04:01,744 [INFO] Rangos de consulta: 31/8/2026 a 31/8/2026, 2/9/2026 a 2/9/2026
2026-09-15 16:04:01,764 [INFO] Reporte exitoso tardío resuelto sin alerta: Reporte de transacciones relativas a la compra de activos virtuales
2026-09-15 16:04:01,764 [INFO] Validando obligaciones configuradas para 2/9/2026...
2026-09-15 16:04:01,765 [WARNING] ⚠️  Reportes diarios FALTANTES: ['Ampliación de plazo de reclamos de primera instancia', 'D001-D005 IF - Diario Encaje', 'D006 IF - Diario Tasas de Interés Activas', 'D007 IF - Diario Operaciones Interbancarias', 'D008 IF - Diario Tipo de Cambio', 'D008 IF - Diario Tipo de Cambio', 'D012 - Créditos refinanciados y/o reprogramados', 'REPORTE DIARIO DE RETIRO DE DEPÓSITOS EN MONEDA EXTRANJERA', 'Reporte de Transacciones con el Exterior Diario']
2026-09-15 16:04:01,767 [WARNING] ⚠️ Reportes semanales VENCIDOS: ['CS - Cartera Semanal', 'S001-S005 IF - Semanal Reportes Liquidez', 'Solicitud de Créditos - PREAMyPes - Semanal']
2026-09-15 16:04:01,767 [WARNING] ⚠️ Reportes mensuales FALTANTES: ['Detalle de Créditos - CAPROSEN', 'M019 IF - Mensual Tasas Pasivas', 'MB01-MB20 Mensual Balance', 'Mensual Solicitudes de Créditos - PEDAEEL', 'Solicitud de Créditos - PREAMyPes - Mensual']
2026-09-15 16:04:01,767 [INFO] Reportes mensuales enviados fuera de plazo; se mantienen en Reportes Vencidos sin enviar alerta: ['Reporte de transacciones relativas a la compra de activos virtuales']
2026-09-15 16:04:01,768 [INFO] Estado de los reportes (1 ✅ | 0 ❌ | 17 ⚠️ | 1 ⏱️ | 0 ⏳):
2026-09-15 16:04:01,768 [INFO]   ✅ Reporte de transacciones relativas a la compra de activos virtuales (TEST | corte 31/8/2026)
2026-09-15 16:04:01,768 [INFO]   ⚠️ Ampliación de plazo de reclamos de primera instancia (FALTANTE)
2026-09-15 16:04:01,768 [INFO]   ⚠️ D001-D005 IF - Diario Encaje (FALTANTE)
2026-09-15 16:04:01,768 [INFO]   ⚠️ D006 IF - Diario Tasas de Interés Activas (FALTANTE)
2026-09-15 16:04:01,768 [INFO]   ⚠️ D007 IF - Diario Operaciones Interbancarias (FALTANTE)
2026-09-15 16:04:01,768 [INFO]   ⚠️ D008 IF - Diario Tipo de Cambio (FALTANTE)
2026-09-15 16:04:01,768 [INFO]   ⚠️ D008 IF - Diario Tipo de Cambio (FALTANTE)
2026-09-15 16:04:01,768 [INFO]   ⚠️ D012 - Créditos refinanciados y/o reprogramados (FALTANTE)
2026-09-15 16:04:01,768 [INFO]   ⚠️ REPORTE DIARIO DE RETIRO DE DEPÓSITOS EN MONEDA EXTRANJERA (FALTANTE)
2026-09-15 16:04:01,768 [INFO]   ⚠️ Reporte de Transacciones con el Exterior Diario (FALTANTE)
2026-09-15 16:04:01,769 [INFO]   ⚠️ CS - Cartera Semanal (SEMANAL VENCIDO SIN ENVIAR)
2026-09-15 16:04:01,769 [INFO]   ⚠️ S001-S005 IF - Semanal Reportes Liquidez (SEMANAL VENCIDO SIN ENVIAR)
2026-09-15 16:04:01,769 [INFO]   ⚠️ Solicitud de Créditos - PREAMyPes - Semanal (SEMANAL VENCIDO SIN ENVIAR)
2026-09-15 16:04:01,769 [INFO]   ⚠️ Detalle de Créditos - CAPROSEN (MENSUAL FALTANTE)
2026-09-15 16:04:01,769 [INFO]   ⚠️ M019 IF - Mensual Tasas Pasivas (MENSUAL FALTANTE)
2026-09-15 16:04:01,769 [INFO]   ⚠️ MB01-MB20 Mensual Balance (MENSUAL FALTANTE)
2026-09-15 16:04:01,769 [INFO]   ⚠️ Mensual Solicitudes de Créditos - PEDAEEL (MENSUAL FALTANTE)
2026-09-15 16:04:01,769 [INFO]   ⚠️ Solicitud de Créditos - PREAMyPes - Mensual (MENSUAL FALTANTE)
2026-09-15 16:04:01,769 [INFO]   ⏱️ Reporte de transacciones relativas a la compra de activos virtuales (MENSUAL ENVIADO FUERA DE PLAZO)
2026-09-15 16:04:01,769 [INFO] Resumen: 1 exitosos | 0 pendientes | 0 errores | 17 faltantes | 1 tardíos | 0 sin enviar (dentro de plazo)
2026-09-15 16:04:01,770 [INFO] Revisión completada. Próxima en 15 min.
2026-09-15 16:04:34,980 [INFO] Reporte subsanado por duplicado exitoso: Reporte de Prueba (, ocurrencia=única)
2026-09-15 16:04:35,184 [INFO] Reporte subsanado por duplicado exitoso: Reporte de Prueba (2026-09-02, ocurrencia=1)
2026-09-15 16:04:35,249 [INFO] ============================================================
2026-09-15 16:04:35,249 [INFO] Iniciando revisión: 2026-09-03 13:00:00
2026-09-15 16:04:35,269 [INFO] Rangos de consulta: 31/8/2026 a 31/8/2026, 2/9/2026 a 2/9/2026
2026-09-15 16:04:35,293 [INFO] Reporte exitoso tardío resuelto sin alerta: Reporte de transacciones relativas a la compra de activos virtuales
2026-09-15 16:04:35,293 [INFO] Validando obligaciones configuradas para 2/9/2026...
2026-09-15 16:04:35,293 [WARNING] ⚠️  Reportes diarios FALTANTES: ['Ampliación de plazo de reclamos de primera instancia', 'D001-D005 IF - Diario Encaje', 'D006 IF - Diario Tasas de Interés Activas', 'D007 IF - Diario Operaciones Interbancarias', 'D008 IF - Diario Tipo de Cambio', 'D008 IF - Diario Tipo de Cambio', 'D012 - Créditos refinanciados y/o reprogramados', 'REPORTE DIARIO DE RETIRO DE DEPÓSITOS EN MONEDA EXTRANJERA', 'Reporte de Transacciones con el Exterior Diario']
2026-09-15 16:04:35,294 [WARNING] ⚠️ Reportes semanales VENCIDOS: ['CS - Cartera Semanal', 'S001-S005 IF - Semanal Reportes Liquidez', 'Solicitud de Créditos - PREAMyPes - Semanal']
2026-09-15 16:04:35,294 [WARNING] ⚠️ Reportes mensuales FALTANTES: ['Detalle de Créditos - CAPROSEN', 'M019 IF - Mensual Tasas Pasivas', 'MB01-MB20 Mensual Balance', 'Mensual Solicitudes de Créditos - PEDAEEL', 'Solicitud de Créditos - PREAMyPes - Mensual']
2026-09-15 16:04:35,294 [INFO] Reportes mensuales enviados fuera de plazo; se mantienen en Reportes Vencidos sin enviar alerta: ['Reporte de transacciones relativas a la compra de activos virtuales']
2026-09-15 16:04:35,294 [INFO] Estado de los reportes (1 ✅ | 0 ❌ | 17 ⚠️ | 1 ⏱️ | 0 ⏳):
2026-09-15 16:04:35,294 [INFO]   ✅ Reporte de transacciones relativas a la compra de activos virtuales (TEST | corte 31/8/2026)
2026-09-15 16:04:35,294 [INFO]   ⚠️ Ampliación de plazo de reclamos de primera instancia (FALTANTE)
2026-09-15 16:04:35,294 [INFO]   ⚠️ D001-D005 IF - Diario Encaje (FALTANTE)
2026-09-15 16:04:35,294 [INFO]   ⚠️ D006 IF - Diario Tasas de Interés Activas (FALTANTE)
2026-09-15 16:04:35,295 [INFO]   ⚠️ D007 IF - Diario Operaciones Interbancarias (FALTANTE)
2026-09-15 16:04:35,295 [INFO]   ⚠️ D008 IF - Diario Tipo de Cambio (FALTANTE)
2026-09-15 16:04:35,295 [INFO]   ⚠️ D008 IF - Diario Tipo de Cambio (FALTANTE)
2026-09-15 16:04:35,295 [INFO]   ⚠️ D012 - Créditos refinanciados y/o reprogramados (FALTANTE)
2026-09-15 16:04:35,295 [INFO]   ⚠️ REPORTE DIARIO DE RETIRO DE DEPÓSITOS EN MONEDA EXTRANJERA (FALTANTE)
2026-09-15 16:04:35,295 [INFO]   ⚠️ Reporte de Transacciones con el Exterior Diario (FALTANTE)
2026-09-15 16:04:35,295 [INFO]   ⚠️ CS - Cartera Semanal (SEMANAL VENCIDO SIN ENVIAR)
2026-09-15 16:04:35,295 [INFO]   ⚠️ S001-S005 IF - Semanal Reportes Liquidez (SEMANAL VENCIDO SIN ENVIAR)
2026-09-15 16:04:35,295 [INFO]   ⚠️ Solicitud de Créditos - PREAMyPes - Semanal (SEMANAL VENCIDO SIN ENVIAR)
2026-09-15 16:04:35,295 [INFO]   ⚠️ Detalle de Créditos - CAPROSEN (MENSUAL FALTANTE)
2026-09-15 16:04:35,295 [INFO]   ⚠️ M019 IF - Mensual Tasas Pasivas (MENSUAL FALTANTE)
2026-09-15 16:04:35,295 [INFO]   ⚠️ MB01-MB20 Mensual Balance (MENSUAL FALTANTE)
2026-09-15 16:04:35,295 [INFO]   ⚠️ Mensual Solicitudes de Créditos - PEDAEEL (MENSUAL FALTANTE)
2026-09-15 16:04:35,295 [INFO]   ⚠️ Solicitud de Créditos - PREAMyPes - Mensual (MENSUAL FALTANTE)
2026-09-15 16:04:35,295 [INFO]   ⏱️ Reporte de transacciones relativas a la compra de activos virtuales (MENSUAL ENVIADO FUERA DE PLAZO)
2026-09-15 16:04:35,296 [INFO] Resumen: 1 exitosos | 0 pendientes | 0 errores | 17 faltantes | 1 tardíos | 0 sin enviar (dentro de plazo)
2026-09-15 16:04:35,296 [INFO] Revisión completada. Próxima en 15 min.
2026-09-15 16:05:24,793 [INFO] Reporte subsanado por duplicado exitoso: Reporte de Prueba (, ocurrencia=única)
2026-09-15 16:05:24,954 [INFO] Reporte subsanado por duplicado exitoso: Reporte de Prueba (2026-09-02, ocurrencia=1)
2026-09-15 16:05:25,044 [INFO] ============================================================
2026-09-15 16:05:25,044 [INFO] Iniciando revisión: 2026-09-03 13:00:00
2026-09-15 16:05:25,065 [INFO] Rangos de consulta: 31/8/2026 a 31/8/2026, 2/9/2026 a 2/9/2026
2026-09-15 16:05:25,083 [INFO] Reporte exitoso tardío resuelto sin alerta: Reporte de transacciones relativas a la compra de activos virtuales
2026-09-15 16:05:25,083 [INFO] Validando obligaciones configuradas para 2/9/2026...
2026-09-15 16:05:25,083 [WARNING] ⚠️  Reportes diarios FALTANTES: ['Ampliación de plazo de reclamos de primera instancia', 'D001-D005 IF - Diario Encaje', 'D006 IF - Diario Tasas de Interés Activas', 'D007 IF - Diario Operaciones Interbancarias', 'D008 IF - Diario Tipo de Cambio', 'D008 IF - Diario Tipo de Cambio', 'D012 - Créditos refinanciados y/o reprogramados', 'REPORTE DIARIO DE RETIRO DE DEPÓSITOS EN MONEDA EXTRANJERA', 'Reporte de Transacciones con el Exterior Diario']
2026-09-15 16:05:25,083 [WARNING] ⚠️ Reportes semanales VENCIDOS: ['CS - Cartera Semanal', 'S001-S005 IF - Semanal Reportes Liquidez', 'Solicitud de Créditos - PREAMyPes - Semanal']
2026-09-15 16:05:25,083 [WARNING] ⚠️ Reportes mensuales FALTANTES: ['Detalle de Créditos - CAPROSEN', 'M019 IF - Mensual Tasas Pasivas', 'MB01-MB20 Mensual Balance', 'Mensual Solicitudes de Créditos - PEDAEEL', 'Solicitud de Créditos - PREAMyPes - Mensual']
2026-09-15 16:05:25,084 [INFO] Reportes mensuales enviados fuera de plazo; se mantienen en Reportes Vencidos sin enviar alerta: ['Reporte de transacciones relativas a la compra de activos virtuales']
2026-09-15 16:05:25,084 [INFO] Estado de los reportes (1 ✅ | 0 ❌ | 17 ⚠️ | 1 ⏱️ | 0 ⏳):
2026-09-15 16:05:25,084 [INFO]   ✅ Reporte de transacciones relativas a la compra de activos virtuales (TEST | corte 31/8/2026)
2026-09-15 16:05:25,084 [INFO]   ⚠️ Ampliación de plazo de reclamos de primera instancia (FALTANTE)
2026-09-15 16:05:25,084 [INFO]   ⚠️ D001-D005 IF - Diario Encaje (FALTANTE)
2026-09-15 16:05:25,084 [INFO]   ⚠️ D006 IF - Diario Tasas de Interés Activas (FALTANTE)
2026-09-15 16:05:25,084 [INFO]   ⚠️ D007 IF - Diario Operaciones Interbancarias (FALTANTE)
2026-09-15 16:05:25,084 [INFO]   ⚠️ D008 IF - Diario Tipo de Cambio (FALTANTE)
2026-09-15 16:05:25,084 [INFO]   ⚠️ D008 IF - Diario Tipo de Cambio (FALTANTE)
2026-09-15 16:05:25,084 [INFO]   ⚠️ D012 - Créditos refinanciados y/o reprogramados (FALTANTE)
2026-09-15 16:05:25,084 [INFO]   ⚠️ REPORTE DIARIO DE RETIRO DE DEPÓSITOS EN MONEDA EXTRANJERA (FALTANTE)
2026-09-15 16:05:25,084 [INFO]   ⚠️ Reporte de Transacciones con el Exterior Diario (FALTANTE)
2026-09-15 16:05:25,084 [INFO]   ⚠️ CS - Cartera Semanal (SEMANAL VENCIDO SIN ENVIAR)
2026-09-15 16:05:25,084 [INFO]   ⚠️ S001-S005 IF - Semanal Reportes Liquidez (SEMANAL VENCIDO SIN ENVIAR)
2026-09-15 16:05:25,084 [INFO]   ⚠️ Solicitud de Créditos - PREAMyPes - Semanal (SEMANAL VENCIDO SIN ENVIAR)
2026-09-15 16:05:25,085 [INFO]   ⚠️ Detalle de Créditos - CAPROSEN (MENSUAL FALTANTE)
2026-09-15 16:05:25,085 [INFO]   ⚠️ M019 IF - Mensual Tasas Pasivas (MENSUAL FALTANTE)
2026-09-15 16:05:25,085 [INFO]   ⚠️ MB01-MB20 Mensual Balance (MENSUAL FALTANTE)
2026-09-15 16:05:25,085 [INFO]   ⚠️ Mensual Solicitudes de Créditos - PEDAEEL (MENSUAL FALTANTE)
2026-09-15 16:05:25,085 [INFO]   ⚠️ Solicitud de Créditos - PREAMyPes - Mensual (MENSUAL FALTANTE)
2026-09-15 16:05:25,085 [INFO]   ⏱️ Reporte de transacciones relativas a la compra de activos virtuales (MENSUAL ENVIADO FUERA DE PLAZO)
2026-09-15 16:05:25,085 [INFO] Resumen: 1 exitosos | 0 pendientes | 0 errores | 17 faltantes | 1 tardíos | 0 sin enviar (dentro de plazo)
2026-09-15 16:05:25,085 [INFO] Revisión completada. Próxima en 15 min.
2026-09-15 16:06:06,759 [INFO] ============================================================
2026-09-15 16:06:06,760 [INFO] ASFI SCIP Monitor iniciado
2026-09-15 16:06:06,760 [INFO]   Usuario  : thomas.clavijo@comarapa.coop
2026-09-15 16:06:06,760 [INFO]   Intervalo: 15 minutos
2026-09-15 16:06:06,760 [INFO]   Headless : True
2026-09-15 16:06:06,760 [INFO]   Días atrás: 1
2026-09-15 16:06:06,760 [INFO]   Salida detallada: False
2026-09-15 16:06:06,760 [INFO] ============================================================
2026-09-15 16:06:07,052 [INFO] [NOTIFICACION] ASFI/SCIP Monitor iniciado: Monitoreando reportes cada 15 min.
2026-09-15 16:06:18,678 [INFO] ============================================================
2026-09-15 16:06:18,679 [INFO] Iniciando revisión: 2026-09-15 16:06:18
2026-09-15 16:06:18,722 [INFO] Rangos de consulta: 31/8/2026 a 31/8/2026, 14/9/2026 a 14/9/2026
2026-09-15 16:06:18,722 [INFO] Consultas separadas a SCIP: 2
2026-09-15 16:06:18,723 [INFO] Fechas a consultar: 31/8/2026 a 31/8/2026
2026-09-15 16:06:20,021 [INFO] Iniciando navegador Chromium...
2026-09-15 16:06:32,649 [INFO] Abriendo login: https://appweb.asfi.gob.bo/SCIP/Login.aspx?ReturnUrl=%2fSCIP%2fmControlPlazos%2fControlPlazos.aspx
2026-09-15 16:06:38,272 [INFO] Ingresando credenciales...
2026-09-15 16:06:46,838 [INFO] Login exitoso
2026-09-15 16:07:04,499 [INFO] Procesando pagina 1 de la tabla...
2026-09-15 16:07:04,529 [INFO] Filas encontradas en pagina 1: 10
2026-09-15 16:07:06,229 [INFO] Procesando pagina 2 de la tabla...
2026-09-15 16:07:06,268 [INFO] Filas encontradas en pagina 2: 10
2026-09-15 16:07:07,968 [INFO] Procesando pagina 3 de la tabla...
2026-09-15 16:07:08,003 [INFO] Filas encontradas en pagina 3: 10
2026-09-15 16:07:09,681 [INFO] Procesando pagina 4 de la tabla...
2026-09-15 16:07:09,725 [INFO] Filas encontradas en pagina 4: 10
2026-09-15 16:07:10,516 [INFO] Navegador cerrado.
2026-09-15 16:07:10,540 [INFO] Fechas a consultar: 14/9/2026 a 14/9/2026
2026-09-15 16:07:11,472 [INFO] Iniciando navegador Chromium...
2026-09-15 16:07:19,873 [INFO] Abriendo login: https://appweb.asfi.gob.bo/SCIP/Login.aspx?ReturnUrl=%2fSCIP%2fmControlPlazos%2fControlPlazos.aspx
2026-09-15 16:07:22,969 [INFO] Ingresando credenciales...
2026-09-15 16:07:27,634 [INFO] Login exitoso
2026-09-15 16:07:45,487 [INFO] Procesando pagina 1 de la tabla...
2026-09-15 16:07:45,517 [INFO] Filas encontradas en pagina 1: 10
2026-09-15 16:07:47,223 [INFO] Procesando pagina 2 de la tabla...
2026-09-15 16:07:47,245 [INFO] Filas encontradas en pagina 2: 10
2026-09-15 16:08:18,020 [INFO] Navegador cerrado.
2026-09-15 16:08:18,037 [INFO] Total registros extraidos en consultas separadas: 49
2026-09-15 16:08:18,040 [INFO] Filas fuera de las obligaciones vigentes ignoradas: 13
2026-09-15 16:08:18,044 [INFO] Reporte subsanado por duplicado exitoso: CM - Cartera Mensual (2026-08-31, ocurrencia=única)
2026-09-15 16:08:18,044 [INFO] Reporte subsanado por duplicado exitoso: CM - Cartera Mensual (2026-08-31, ocurrencia=única)
2026-09-15 16:08:18,044 [INFO] Reporte subsanado por duplicado exitoso: CM - Cartera Mensual (2026-08-31, ocurrencia=única)
2026-09-15 16:08:18,044 [INFO] Reporte subsanado por duplicado exitoso: CM - Cartera Mensual (2026-08-31, ocurrencia=única)
2026-09-15 16:08:18,044 [INFO] Reporte subsanado por duplicado exitoso: MC - Mensual Central de Información Crediticia (2026-08-31, ocurrencia=única)
2026-09-15 16:08:18,044 [INFO] Reporte subsanado por duplicado exitoso: MC - Mensual Central de Información Crediticia (2026-08-31, ocurrencia=única)
2026-09-15 16:08:18,044 [INFO] Reporte subsanado por duplicado exitoso: Detalle de solicitudes de crédito (2026-08-31, ocurrencia=única)
2026-09-15 16:08:18,107 [INFO] Validando obligaciones configuradas para 14/9/2026...
2026-09-15 16:08:18,107 [WARNING] ⚠️  Reportes diarios FALTANTES: ['REPORTE DIARIO DE RETIRO DE DEPÓSITOS EN MONEDA EXTRANJERA']
2026-09-15 16:08:18,107 [INFO] [NOTIFICACION] ?? ASFI/SCIP Monitor - 1 reportes FALTANTES: Fecha: 14/9/2026

  ? REPORTE DIARIO DE RETIRO DE DEP?SITOS EN MONEDA EXTRANJERA
2026-09-15 16:08:18,107 [INFO] [URGENTE] Enviando notificacion por un metodo disponible...
2026-09-15 16:08:34,552 [INFO] Reportes mensuales enviados fuera de plazo; se mantienen en Reportes Vencidos sin enviar alerta: ['Reporte de transacciones relativas a la compra de activos virtuales']
2026-09-15 16:08:34,554 [INFO] Estado de los reportes (36 ✅ | 0 ❌ | 1 ⚠️ | 1 ⏱️ | 0 ⏳):
2026-09-15 16:08:34,554 [INFO]   ✅ M019 IF - Mensual Tasas Pasivas (CCM | corte 2026-08-31)
2026-09-15 16:08:34,554 [INFO]   ✅ CM - Cartera Mensual (CCM | corte 2026-08-31)
2026-09-15 16:08:34,554 [INFO]   ✅ CM - Cartera Mensual (CCM | corte 2026-08-31)
2026-09-15 16:08:34,554 [INFO]   ✅ CM - Cartera Mensual (CCM | corte 2026-08-31)
2026-09-15 16:08:34,555 [INFO]   ✅ CM - Cartera Mensual (CCM | corte 2026-08-31)
2026-09-15 16:08:34,555 [INFO]   ✅ CM - Cartera Mensual (CCM | corte 2026-08-31)
2026-09-15 16:08:34,555 [INFO]   ✅ MB01-MB20 Mensual Balance (CCM | corte 2026-08-31)
2026-09-15 16:08:34,555 [INFO]   ✅ MC - Mensual Central de Información Crediticia (CCM | corte 2026-08-31)
2026-09-15 16:08:34,555 [INFO]   ✅ MC - Mensual Central de Información Crediticia (CCM | corte 2026-08-31)
2026-09-15 16:08:34,555 [INFO]   ✅ MC - Mensual Central de Información Crediticia (CCM | corte 2026-08-31)
2026-09-15 16:08:34,555 [INFO]   ✅ Depósitos y ahorristas (CCM | corte 2026-08-31)
2026-09-15 16:08:34,555 [INFO]   ✅ Depósitos a plazo fijo (CCM | corte 2026-08-31)
2026-09-15 16:08:34,555 [INFO]   ✅ Detalle de Créditos - CAPROSEN (CCM | corte 2026-08-31)
2026-09-15 16:08:34,555 [INFO]   ✅ Crédito PCD (CCM | corte 2026-08-31)
2026-09-15 16:08:34,555 [INFO]   ✅ Solicitud de Créditos - PREAMyPes - Mensual (CCM | corte 2026-08-31)
2026-09-15 16:08:34,555 [INFO]   ✅ Tarifas y n° de transacciones de servicios o productos (CCM | corte 2026-08-31)
2026-09-15 16:08:34,555 [INFO]   ✅ M020 - Mensual PR Reclamos (CCM | corte 2026-08-31)
2026-09-15 16:08:34,555 [INFO]   ✅ M021 - Mensual PR Soluciones (CCM | corte 2026-08-31)
2026-09-15 16:08:34,555 [INFO]   ✅ M029 - Información general de Personas Expuestas Políticamente (CCM | corte 2026-08-31)
2026-09-15 16:08:34,555 [INFO]   ✅ Detalle de solicitudes de crédito (CCM | corte 2026-08-31)
2026-09-15 16:08:34,555 [INFO]   ✅ Detalle de solicitudes de crédito (CCM | corte 2026-08-31)
2026-09-15 16:08:34,555 [INFO]   ✅ M030 - Reporte de tarifas (CCM | corte 2026-08-31)
2026-09-15 16:08:34,555 [INFO]   ✅ Pasivos con el Público (CCM | corte 2026-08-31)
2026-09-15 16:08:34,555 [INFO]   ✅ Operaciones prorrogadas (CCM | corte 2026-08-31)
2026-09-15 16:08:34,555 [INFO]   ✅ Reporte de transacciones relativas a la compra de activos virtuales (CCM | corte 2026-08-31)
2026-09-15 16:08:34,556 [INFO]   ✅ MI01-MI09 - Mensual Central de Información de Riesgo Operativo (CCM | corte 2026-08-31)
2026-09-15 16:08:34,556 [INFO]   ✅ Mensual Solicitudes de Créditos - PEDAEEL (CCM | corte 2026-08-31)
2026-09-15 16:08:34,556 [INFO]   ✅ D007 IF - Diario Operaciones Interbancarias (CCM | corte 2026-09-14)
2026-09-15 16:08:34,556 [INFO]   ✅ D006 IF - Diario Tasas de Interés Activas (CCM | corte 2026-09-14)
2026-09-15 16:08:34,556 [INFO]   ✅ D008 IF - Diario Tipo de Cambio (CCM | corte 2026-09-14)
2026-09-15 16:08:34,556 [INFO]   ✅ D008 IF - Diario Tipo de Cambio (CCM | corte 2026-09-14)
2026-09-15 16:08:34,556 [INFO]   ✅ Estratificación de Depósitos (CCM | corte 2026-09-14)
2026-09-15 16:08:34,556 [INFO]   ✅ Ampliación de plazo de reclamos de primera instancia (CCM | corte 2026-09-14)
2026-09-15 16:08:34,556 [INFO]   ✅ Reporte de Transacciones con el Exterior Diario (CCM | corte 2026-09-14)
2026-09-15 16:08:34,556 [INFO]   ✅ D001-D005 IF - Diario Encaje (CCM | corte 2026-09-14)
2026-09-15 16:08:34,556 [INFO]   ✅ D012 - Créditos refinanciados y/o reprogramados (CCM | corte 2026-09-14)
2026-09-15 16:08:34,556 [INFO]   ⚠️ REPORTE DIARIO DE RETIRO DE DEPÓSITOS EN MONEDA EXTRANJERA (FALTANTE)
2026-09-15 16:08:34,556 [INFO]   ⏱️ Reporte de transacciones relativas a la compra de activos virtuales (MENSUAL ENVIADO FUERA DE PLAZO)
2026-09-15 16:08:34,556 [INFO] Resumen: 36 exitosos | 0 pendientes | 0 errores | 1 faltantes | 1 tardíos | 0 sin enviar (dentro de plazo)
2026-09-15 16:08:34,558 [INFO] Revisión completada. Próxima en 15 min.
2026-09-15 16:08:34,559 [INFO] Scheduler activo. Revisando cada 15 minutos.
2026-09-15 16:08:34,559 [INFO] Presionar Ctrl+C para detener.
2026-09-15 16:14:35,466 [INFO] Reporte subsanado por duplicado exitoso: Reporte de Prueba (, ocurrencia=única)
2026-09-15 16:14:35,519 [INFO] Reporte subsanado por duplicado exitoso: Reporte de Prueba (2026-09-02, ocurrencia=1)
2026-09-15 16:14:35,580 [INFO] ============================================================
2026-09-15 16:14:35,580 [INFO] Iniciando revisión: 2026-09-03 13:00:00
2026-09-15 16:14:35,599 [INFO] Rangos de consulta: 31/8/2026 a 31/8/2026, 2/9/2026 a 2/9/2026
2026-09-15 16:14:35,617 [INFO] Reporte exitoso tardío resuelto sin alerta: Reporte de transacciones relativas a la compra de activos virtuales
2026-09-15 16:14:35,617 [INFO] Validando obligaciones configuradas para 2/9/2026...
2026-09-15 16:14:35,618 [WARNING] ⚠️  Reportes diarios FALTANTES: ['Ampliación de plazo de reclamos de primera instancia', 'D001-D005 IF - Diario Encaje', 'D006 IF - Diario Tasas de Interés Activas', 'D007 IF - Diario Operaciones Interbancarias', 'D008 IF - Diario Tipo de Cambio', 'D008 IF - Diario Tipo de Cambio', 'D012 - Créditos refinanciados y/o reprogramados', 'REPORTE DIARIO DE RETIRO DE DEPÓSITOS EN MONEDA EXTRANJERA', 'Reporte de Transacciones con el Exterior Diario']
2026-09-15 16:14:35,618 [WARNING] ⚠️ Reportes semanales VENCIDOS: ['CS - Cartera Semanal', 'S001-S005 IF - Semanal Reportes Liquidez', 'Solicitud de Créditos - PREAMyPes - Semanal']
2026-09-15 16:14:35,618 [WARNING] ⚠️ Reportes mensuales FALTANTES: ['Detalle de Créditos - CAPROSEN', 'M019 IF - Mensual Tasas Pasivas', 'MB01-MB20 Mensual Balance', 'Mensual Solicitudes de Créditos - PEDAEEL', 'Solicitud de Créditos - PREAMyPes - Mensual']
2026-09-15 16:14:35,618 [INFO] Reportes mensuales enviados fuera de plazo; se mantienen en Reportes Vencidos sin enviar alerta: ['Reporte de transacciones relativas a la compra de activos virtuales']
2026-09-15 16:14:35,618 [INFO] Estado de los reportes (1 ✅ | 0 ❌ | 17 ⚠️ | 1 ⏱️ | 0 ⏳):
2026-09-15 16:14:35,618 [INFO]   ✅ Reporte de transacciones relativas a la compra de activos virtuales (TEST | corte 31/8/2026)
2026-09-15 16:14:35,618 [INFO]   ⚠️ Ampliación de plazo de reclamos de primera instancia (FALTANTE)
2026-09-15 16:14:35,618 [INFO]   ⚠️ D001-D005 IF - Diario Encaje (FALTANTE)
2026-09-15 16:14:35,618 [INFO]   ⚠️ D006 IF - Diario Tasas de Interés Activas (FALTANTE)
2026-09-15 16:14:35,619 [INFO]   ⚠️ D007 IF - Diario Operaciones Interbancarias (FALTANTE)
2026-09-15 16:14:35,619 [INFO]   ⚠️ D008 IF - Diario Tipo de Cambio (FALTANTE)
2026-09-15 16:14:35,619 [INFO]   ⚠️ D008 IF - Diario Tipo de Cambio (FALTANTE)
2026-09-15 16:14:35,619 [INFO]   ⚠️ D012 - Créditos refinanciados y/o reprogramados (FALTANTE)
2026-09-15 16:14:35,619 [INFO]   ⚠️ REPORTE DIARIO DE RETIRO DE DEPÓSITOS EN MONEDA EXTRANJERA (FALTANTE)
2026-09-15 16:14:35,619 [INFO]   ⚠️ Reporte de Transacciones con el Exterior Diario (FALTANTE)
2026-09-15 16:14:35,619 [INFO]   ⚠️ CS - Cartera Semanal (SEMANAL VENCIDO SIN ENVIAR)
2026-09-15 16:14:35,619 [INFO]   ⚠️ S001-S005 IF - Semanal Reportes Liquidez (SEMANAL VENCIDO SIN ENVIAR)
2026-09-15 16:14:35,619 [INFO]   ⚠️ Solicitud de Créditos - PREAMyPes - Semanal (SEMANAL VENCIDO SIN ENVIAR)
2026-09-15 16:14:35,619 [INFO]   ⚠️ Detalle de Créditos - CAPROSEN (MENSUAL FALTANTE)
2026-09-15 16:14:35,619 [INFO]   ⚠️ M019 IF - Mensual Tasas Pasivas (MENSUAL FALTANTE)
2026-09-15 16:14:35,619 [INFO]   ⚠️ MB01-MB20 Mensual Balance (MENSUAL FALTANTE)
2026-09-15 16:14:35,619 [INFO]   ⚠️ Mensual Solicitudes de Créditos - PEDAEEL (MENSUAL FALTANTE)
2026-09-15 16:14:35,619 [INFO]   ⚠️ Solicitud de Créditos - PREAMyPes - Mensual (MENSUAL FALTANTE)
2026-09-15 16:14:35,619 [INFO]   ⏱️ Reporte de transacciones relativas a la compra de activos virtuales (MENSUAL ENVIADO FUERA DE PLAZO)
2026-09-15 16:14:35,619 [INFO] Resumen: 1 exitosos | 0 pendientes | 0 errores | 17 faltantes | 1 tardíos | 0 sin enviar (dentro de plazo)
2026-09-15 16:14:35,620 [INFO] Revisión completada. Próxima en 15 min.
2026-09-15 16:14:58,274 [INFO] Reporte subsanado por duplicado exitoso: Reporte de Prueba (, ocurrencia=única)
2026-09-15 16:14:58,576 [INFO] Reporte subsanado por duplicado exitoso: Reporte de Prueba (2026-09-02, ocurrencia=1)
2026-09-15 16:14:58,639 [INFO] ============================================================
2026-09-15 16:14:58,640 [INFO] Iniciando revisión: 2026-09-03 13:00:00
2026-09-15 16:14:58,666 [INFO] Rangos de consulta: 31/8/2026 a 31/8/2026, 2/9/2026 a 2/9/2026
2026-09-15 16:14:58,689 [INFO] Reporte exitoso tardío resuelto sin alerta: Reporte de transacciones relativas a la compra de activos virtuales
2026-09-15 16:14:58,689 [INFO] Validando obligaciones configuradas para 2/9/2026...
2026-09-15 16:14:58,689 [WARNING] ⚠️  Reportes diarios FALTANTES: ['Ampliación de plazo de reclamos de primera instancia', 'D001-D005 IF - Diario Encaje', 'D006 IF - Diario Tasas de Interés Activas', 'D007 IF - Diario Operaciones Interbancarias', 'D008 IF - Diario Tipo de Cambio', 'D008 IF - Diario Tipo de Cambio', 'D012 - Créditos refinanciados y/o reprogramados', 'REPORTE DIARIO DE RETIRO DE DEPÓSITOS EN MONEDA EXTRANJERA', 'Reporte de Transacciones con el Exterior Diario']
2026-09-15 16:14:58,689 [WARNING] ⚠️ Reportes semanales VENCIDOS: ['CS - Cartera Semanal', 'S001-S005 IF - Semanal Reportes Liquidez', 'Solicitud de Créditos - PREAMyPes - Semanal']
2026-09-15 16:14:58,689 [WARNING] ⚠️ Reportes mensuales FALTANTES: ['Detalle de Créditos - CAPROSEN', 'M019 IF - Mensual Tasas Pasivas', 'MB01-MB20 Mensual Balance', 'Mensual Solicitudes de Créditos - PEDAEEL', 'Solicitud de Créditos - PREAMyPes - Mensual']
2026-09-15 16:14:58,689 [INFO] Reportes mensuales enviados fuera de plazo; se mantienen en Reportes Vencidos sin enviar alerta: ['Reporte de transacciones relativas a la compra de activos virtuales']
2026-09-15 16:14:58,689 [INFO] Estado de los reportes (1 ✅ | 0 ❌ | 17 ⚠️ | 1 ⏱️ | 0 ⏳):
2026-09-15 16:14:58,690 [INFO]   ✅ Reporte de transacciones relativas a la compra de activos virtuales (TEST | corte 31/8/2026)
2026-09-15 16:14:58,690 [INFO]   ⚠️ Ampliación de plazo de reclamos de primera instancia (FALTANTE)
2026-09-15 16:14:58,690 [INFO]   ⚠️ D001-D005 IF - Diario Encaje (FALTANTE)
2026-09-15 16:14:58,690 [INFO]   ⚠️ D006 IF - Diario Tasas de Interés Activas (FALTANTE)
2026-09-15 16:14:58,690 [INFO]   ⚠️ D007 IF - Diario Operaciones Interbancarias (FALTANTE)
2026-09-15 16:14:58,690 [INFO]   ⚠️ D008 IF - Diario Tipo de Cambio (FALTANTE)
2026-09-15 16:14:58,690 [INFO]   ⚠️ D008 IF - Diario Tipo de Cambio (FALTANTE)
2026-09-15 16:14:58,690 [INFO]   ⚠️ D012 - Créditos refinanciados y/o reprogramados (FALTANTE)
2026-09-15 16:14:58,690 [INFO]   ⚠️ REPORTE DIARIO DE RETIRO DE DEPÓSITOS EN MONEDA EXTRANJERA (FALTANTE)
2026-09-15 16:14:58,690 [INFO]   ⚠️ Reporte de Transacciones con el Exterior Diario (FALTANTE)
2026-09-15 16:14:58,690 [INFO]   ⚠️ CS - Cartera Semanal (SEMANAL VENCIDO SIN ENVIAR)
2026-09-15 16:14:58,690 [INFO]   ⚠️ S001-S005 IF - Semanal Reportes Liquidez (SEMANAL VENCIDO SIN ENVIAR)
2026-09-15 16:14:58,690 [INFO]   ⚠️ Solicitud de Créditos - PREAMyPes - Semanal (SEMANAL VENCIDO SIN ENVIAR)
2026-09-15 16:14:58,690 [INFO]   ⚠️ Detalle de Créditos - CAPROSEN (MENSUAL FALTANTE)
2026-09-15 16:14:58,690 [INFO]   ⚠️ M019 IF - Mensual Tasas Pasivas (MENSUAL FALTANTE)
2026-09-15 16:14:58,690 [INFO]   ⚠️ MB01-MB20 Mensual Balance (MENSUAL FALTANTE)
2026-09-15 16:14:58,690 [INFO]   ⚠️ Mensual Solicitudes de Créditos - PEDAEEL (MENSUAL FALTANTE)
2026-09-15 16:14:58,690 [INFO]   ⚠️ Solicitud de Créditos - PREAMyPes - Mensual (MENSUAL FALTANTE)
2026-09-15 16:14:58,691 [INFO]   ⏱️ Reporte de transacciones relativas a la compra de activos virtuales (MENSUAL ENVIADO FUERA DE PLAZO)
2026-09-15 16:14:58,691 [INFO] Resumen: 1 exitosos | 0 pendientes | 0 errores | 17 faltantes | 1 tardíos | 0 sin enviar (dentro de plazo)
2026-09-15 16:14:58,691 [INFO] Revisión completada. Próxima en 15 min.
2026-09-15 16:15:36,803 [INFO] Monitor detenido por el usuario.
2026-09-15 16:15:36,803 [INFO] [NOTIFICACION] ASFI/SCIP Monitor detenido: El monitoreo fue detenido manualmente.
2026-09-15 16:15:41,514 [INFO] ============================================================
2026-09-15 16:15:41,514 [INFO] ASFI SCIP Monitor iniciado
2026-09-15 16:15:41,515 [INFO]   Usuario  : thomas.clavijo@comarapa.coop
2026-09-15 16:15:41,515 [INFO]   Intervalo: 15 minutos
2026-09-15 16:15:41,515 [INFO]   Headless : True
2026-09-15 16:15:41,515 [INFO]   Días atrás: 1
2026-09-15 16:15:41,515 [INFO]   Salida detallada: False
2026-09-15 16:15:41,515 [INFO] ============================================================
2026-09-15 16:15:41,698 [INFO] [NOTIFICACION] ASFI/SCIP Monitor iniciado: Monitoreando reportes cada 15 min.
2026-09-15 16:15:53,142 [INFO] ============================================================
2026-09-15 16:15:53,142 [INFO] Iniciando revisión: 2026-09-15 16:15:53
2026-09-15 16:15:53,191 [INFO] Rangos de consulta: 31/8/2026 a 31/8/2026, 14/9/2026 a 14/9/2026
2026-09-15 16:15:53,192 [INFO] Consultas separadas a SCIP: 2
2026-09-15 16:15:53,192 [INFO] Fechas a consultar: 31/8/2026 a 31/8/2026
2026-09-15 16:15:54,141 [INFO] Iniciando navegador Chromium...
2026-09-15 16:16:02,896 [INFO] Abriendo login: https://appweb.asfi.gob.bo/SCIP/Login.aspx?ReturnUrl=%2fSCIP%2fmControlPlazos%2fControlPlazos.aspx
2026-09-15 16:16:08,900 [INFO] Ingresando credenciales...
2026-09-15 16:16:13,569 [INFO] Login exitoso
2026-09-15 16:16:30,712 [INFO] Procesando pagina 1 de la tabla...
2026-09-15 16:16:30,739 [INFO] Filas encontradas en pagina 1: 10
2026-09-15 16:16:32,434 [INFO] Procesando pagina 2 de la tabla...
2026-09-15 16:16:32,465 [INFO] Filas encontradas en pagina 2: 10
2026-09-15 16:16:34,126 [INFO] Procesando pagina 3 de la tabla...
2026-09-15 16:16:34,163 [INFO] Filas encontradas en pagina 3: 10
2026-09-15 16:16:35,848 [INFO] Procesando pagina 4 de la tabla...
2026-09-15 16:16:35,866 [INFO] Filas encontradas en pagina 4: 10
2026-09-15 16:16:36,554 [INFO] Navegador cerrado.
2026-09-15 16:16:36,571 [INFO] Fechas a consultar: 14/9/2026 a 14/9/2026
2026-09-15 16:16:37,522 [INFO] Iniciando navegador Chromium...
2026-09-15 16:16:42,020 [INFO] Abriendo login: https://appweb.asfi.gob.bo/SCIP/Login.aspx?ReturnUrl=%2fSCIP%2fmControlPlazos%2fControlPlazos.aspx
2026-09-15 16:16:45,318 [INFO] Ingresando credenciales...
2026-09-15 16:16:49,962 [INFO] Login exitoso
2026-09-15 16:17:06,967 [INFO] Procesando pagina 1 de la tabla...
2026-09-15 16:17:06,996 [INFO] Filas encontradas en pagina 1: 10
2026-09-15 16:17:08,710 [INFO] Procesando pagina 2 de la tabla...
2026-09-15 16:17:08,754 [INFO] Filas encontradas en pagina 2: 1
2026-09-15 16:17:08,930 [INFO] Navegador cerrado.
2026-09-15 16:17:08,958 [INFO] Total registros extraidos en consultas separadas: 50
2026-09-15 16:17:08,961 [INFO] Filas fuera de las obligaciones vigentes ignoradas: 13
2026-09-15 16:17:08,964 [INFO] Reporte subsanado por duplicado exitoso: CM - Cartera Mensual (2026-08-31, ocurrencia=única)
2026-09-15 16:17:08,964 [INFO] Reporte subsanado por duplicado exitoso: CM - Cartera Mensual (2026-08-31, ocurrencia=única)
2026-09-15 16:17:08,964 [INFO] Reporte subsanado por duplicado exitoso: CM - Cartera Mensual (2026-08-31, ocurrencia=única)
2026-09-15 16:17:08,964 [INFO] Reporte subsanado por duplicado exitoso: CM - Cartera Mensual (2026-08-31, ocurrencia=única)
2026-09-15 16:17:08,964 [INFO] Reporte subsanado por duplicado exitoso: MC - Mensual Central de Información Crediticia (2026-08-31, ocurrencia=única)
2026-09-15 16:17:08,964 [INFO] Reporte subsanado por duplicado exitoso: MC - Mensual Central de Información Crediticia (2026-08-31, ocurrencia=única)
2026-09-15 16:17:08,964 [INFO] Reporte subsanado por duplicado exitoso: Detalle de solicitudes de crédito (2026-08-31, ocurrencia=única)
2026-09-15 16:17:09,010 [INFO] Validando obligaciones configuradas para 14/9/2026...
2026-09-15 16:17:09,010 [INFO] Reportes mensuales enviados fuera de plazo; se mantienen en Reportes Vencidos sin enviar alerta: ['Reporte de transacciones relativas a la compra de activos virtuales']
2026-09-15 16:17:09,014 [INFO] Estado de los reportes (37 ✅ | 0 ❌ | 0 ⚠️ | 1 ⏱️ | 0 ⏳):
2026-09-15 16:17:09,014 [INFO]   ✅ M019 IF - Mensual Tasas Pasivas (CCM | corte 2026-08-31)
2026-09-15 16:17:09,014 [INFO]   ✅ CM - Cartera Mensual (CCM | corte 2026-08-31)
2026-09-15 16:17:09,014 [INFO]   ✅ CM - Cartera Mensual (CCM | corte 2026-08-31)
2026-09-15 16:17:09,014 [INFO]   ✅ CM - Cartera Mensual (CCM | corte 2026-08-31)
2026-09-15 16:17:09,014 [INFO]   ✅ CM - Cartera Mensual (CCM | corte 2026-08-31)
2026-09-15 16:17:09,014 [INFO]   ✅ CM - Cartera Mensual (CCM | corte 2026-08-31)
2026-09-15 16:17:09,014 [INFO]   ✅ MB01-MB20 Mensual Balance (CCM | corte 2026-08-31)
2026-09-15 16:17:09,014 [INFO]   ✅ MC - Mensual Central de Información Crediticia (CCM | corte 2026-08-31)
2026-09-15 16:17:09,014 [INFO]   ✅ MC - Mensual Central de Información Crediticia (CCM | corte 2026-08-31)
2026-09-15 16:17:09,014 [INFO]   ✅ MC - Mensual Central de Información Crediticia (CCM | corte 2026-08-31)
2026-09-15 16:17:09,015 [INFO]   ✅ Depósitos y ahorristas (CCM | corte 2026-08-31)
2026-09-15 16:17:09,015 [INFO]   ✅ Depósitos a plazo fijo (CCM | corte 2026-08-31)
2026-09-15 16:17:09,015 [INFO]   ✅ Detalle de Créditos - CAPROSEN (CCM | corte 2026-08-31)
2026-09-15 16:17:09,015 [INFO]   ✅ Crédito PCD (CCM | corte 2026-08-31)
2026-09-15 16:17:09,015 [INFO]   ✅ Solicitud de Créditos - PREAMyPes - Mensual (CCM | corte 2026-08-31)
2026-09-15 16:17:09,015 [INFO]   ✅ Tarifas y n° de transacciones de servicios o productos (CCM | corte 2026-08-31)
2026-09-15 16:17:09,015 [INFO]   ✅ M020 - Mensual PR Reclamos (CCM | corte 2026-08-31)
2026-09-15 16:17:09,015 [INFO]   ✅ M021 - Mensual PR Soluciones (CCM | corte 2026-08-31)
2026-09-15 16:17:09,015 [INFO]   ✅ M029 - Información general de Personas Expuestas Políticamente (CCM | corte 2026-08-31)
2026-09-15 16:17:09,015 [INFO]   ✅ Detalle de solicitudes de crédito (CCM | corte 2026-08-31)
2026-09-15 16:17:09,015 [INFO]   ✅ Detalle de solicitudes de crédito (CCM | corte 2026-08-31)
2026-09-15 16:17:09,015 [INFO]   ✅ M030 - Reporte de tarifas (CCM | corte 2026-08-31)
2026-09-15 16:17:09,015 [INFO]   ✅ Pasivos con el Público (CCM | corte 2026-08-31)
2026-09-15 16:17:09,015 [INFO]   ✅ Operaciones prorrogadas (CCM | corte 2026-08-31)
2026-09-15 16:17:09,015 [INFO]   ✅ Reporte de transacciones relativas a la compra de activos virtuales (CCM | corte 2026-08-31)
2026-09-15 16:17:09,015 [INFO]   ✅ MI01-MI09 - Mensual Central de Información de Riesgo Operativo (CCM | corte 2026-08-31)
2026-09-15 16:17:09,015 [INFO]   ✅ Mensual Solicitudes de Créditos - PEDAEEL (CCM | corte 2026-08-31)
2026-09-15 16:17:09,015 [INFO]   ✅ D007 IF - Diario Operaciones Interbancarias (CCM | corte 2026-09-14)
2026-09-15 16:17:09,015 [INFO]   ✅ D006 IF - Diario Tasas de Interés Activas (CCM | corte 2026-09-14)
2026-09-15 16:17:09,016 [INFO]   ✅ D008 IF - Diario Tipo de Cambio (CCM | corte 2026-09-14)
2026-09-15 16:17:09,016 [INFO]   ✅ D008 IF - Diario Tipo de Cambio (CCM | corte 2026-09-14)
2026-09-15 16:17:09,016 [INFO]   ✅ Estratificación de Depósitos (CCM | corte 2026-09-14)
2026-09-15 16:17:09,016 [INFO]   ✅ Ampliación de plazo de reclamos de primera instancia (CCM | corte 2026-09-14)
2026-09-15 16:17:09,016 [INFO]   ✅ Reporte de Transacciones con el Exterior Diario (CCM | corte 2026-09-14)
2026-09-15 16:17:09,016 [INFO]   ✅ D001-D005 IF - Diario Encaje (CCM | corte 2026-09-14)
2026-09-15 16:17:09,016 [INFO]   ✅ D012 - Créditos refinanciados y/o reprogramados (CCM | corte 2026-09-14)
2026-09-15 16:17:09,016 [INFO]   ✅ REPORTE DIARIO DE RETIRO DE DEPÓSITOS EN MONEDA EXTRANJERA (CCM | corte 2026-09-14)
2026-09-15 16:17:09,016 [INFO]   ⏱️ Reporte de transacciones relativas a la compra de activos virtuales (MENSUAL ENVIADO FUERA DE PLAZO)
2026-09-15 16:17:09,016 [INFO] Resumen: 37 exitosos | 0 pendientes | 0 errores | 0 faltantes | 1 tardíos | 0 sin enviar (dentro de plazo)
2026-09-15 16:17:09,019 [INFO] Revisión completada. Próxima en 15 min.
2026-09-15 16:17:09,019 [INFO] Scheduler activo. Revisando cada 15 minutos.
2026-09-15 16:17:09,020 [INFO] Presionar Ctrl+C para detener.
2026-09-15 16:18:14,094 [INFO] Monitor detenido por el usuario.
2026-09-15 16:18:14,095 [INFO] [NOTIFICACION] ASFI/SCIP Monitor detenido: El monitoreo fue detenido manualmente.
2026-09-15 16:19:33,669 [INFO] ============================================================
2026-09-15 16:19:33,669 [INFO] ASFI SCIP Monitor iniciado
2026-09-15 16:19:33,669 [INFO]   Usuario  : thomas.clavijo@comarapa.coop
2026-09-15 16:19:33,669 [INFO]   Intervalo: 15 minutos
2026-09-15 16:19:33,669 [INFO]   Headless : True
2026-09-15 16:19:33,669 [INFO]   Días atrás: 1
2026-09-15 16:19:33,670 [INFO]   Salida detallada: False
2026-09-15 16:19:33,670 [INFO] ============================================================
2026-09-15 16:19:33,833 [INFO] [NOTIFICACION] ASFI/SCIP Monitor iniciado: Monitoreando reportes cada 15 min.
2026-09-15 16:19:45,305 [INFO] ============================================================
2026-09-15 16:19:45,305 [INFO] Iniciando revisión: 2026-09-15 16:19:45
2026-09-15 16:19:45,352 [INFO] Rangos de consulta: 31/8/2026 a 31/8/2026, 14/9/2026 a 14/9/2026
2026-09-15 16:19:45,352 [INFO] Consultas separadas a SCIP: 2
2026-09-15 16:19:45,352 [INFO] Fechas a consultar: 31/8/2026 a 31/8/2026
2026-09-15 16:19:46,312 [INFO] Iniciando navegador Chromium...
2026-09-15 16:19:53,257 [INFO] Abriendo login: https://appweb.asfi.gob.bo/SCIP/Login.aspx?ReturnUrl=%2fSCIP%2fmControlPlazos%2fControlPlazos.aspx
2026-09-15 16:19:56,534 [INFO] Ingresando credenciales...
2026-09-15 16:20:03,981 [INFO] Login exitoso
2026-09-15 16:20:21,411 [INFO] Procesando pagina 1 de la tabla...
2026-09-15 16:20:21,440 [INFO] Filas encontradas en pagina 1: 10
2026-09-15 16:20:23,179 [INFO] Procesando pagina 2 de la tabla...
2026-09-15 16:20:23,194 [INFO] Filas encontradas en pagina 2: 10
2026-09-15 16:20:24,859 [INFO] Procesando pagina 3 de la tabla...
2026-09-15 16:20:24,875 [INFO] Filas encontradas en pagina 3: 10
2026-09-15 16:20:26,592 [INFO] Procesando pagina 4 de la tabla...
2026-09-15 16:20:26,605 [INFO] Filas encontradas en pagina 4: 10
2026-09-15 16:20:27,671 [INFO] Navegador cerrado.
2026-09-15 16:20:27,702 [INFO] Fechas a consultar: 14/9/2026 a 14/9/2026
2026-09-15 16:20:28,677 [INFO] Iniciando navegador Chromium...
2026-09-15 16:20:33,850 [INFO] Abriendo login: https://appweb.asfi.gob.bo/SCIP/Login.aspx?ReturnUrl=%2fSCIP%2fmControlPlazos%2fControlPlazos.aspx
2026-09-15 16:20:36,921 [INFO] Ingresando credenciales...
2026-09-15 16:20:42,082 [INFO] Login exitoso
2026-09-15 16:20:58,993 [INFO] Procesando pagina 1 de la tabla...
2026-09-15 16:20:59,025 [INFO] Filas encontradas en pagina 1: 10
2026-09-15 16:21:00,757 [INFO] Procesando pagina 2 de la tabla...
2026-09-15 16:21:00,788 [INFO] Filas encontradas en pagina 2: 1
2026-09-15 16:21:00,967 [INFO] Navegador cerrado.
2026-09-15 16:21:00,989 [INFO] Total registros extraidos en consultas separadas: 50
2026-09-15 16:21:00,992 [INFO] Filas fuera de las obligaciones vigentes ignoradas: 13
2026-09-15 16:21:00,994 [INFO] Reporte subsanado por duplicado exitoso: CM - Cartera Mensual (2026-08-31, ocurrencia=única)
2026-09-15 16:21:00,994 [INFO] Reporte subsanado por duplicado exitoso: CM - Cartera Mensual (2026-08-31, ocurrencia=única)
2026-09-15 16:21:00,994 [INFO] Reporte subsanado por duplicado exitoso: CM - Cartera Mensual (2026-08-31, ocurrencia=única)
2026-09-15 16:21:00,994 [INFO] Reporte subsanado por duplicado exitoso: CM - Cartera Mensual (2026-08-31, ocurrencia=única)
2026-09-15 16:21:00,995 [INFO] Reporte subsanado por duplicado exitoso: MC - Mensual Central de Información Crediticia (2026-08-31, ocurrencia=única)
2026-09-15 16:21:00,995 [INFO] Reporte subsanado por duplicado exitoso: MC - Mensual Central de Información Crediticia (2026-08-31, ocurrencia=única)
2026-09-15 16:21:00,995 [INFO] Reporte subsanado por duplicado exitoso: Detalle de solicitudes de crédito (2026-08-31, ocurrencia=única)
2026-09-15 16:21:01,040 [INFO] Validando obligaciones configuradas para 14/9/2026...
2026-09-15 16:21:01,041 [INFO] Reportes mensuales enviados fuera de plazo; se mantienen en Reportes Vencidos sin enviar alerta: ['Reporte de transacciones relativas a la compra de activos virtuales']
2026-09-15 16:21:01,045 [INFO] Estado de los reportes (37 ✅ | 0 ❌ | 0 ⚠️ | 1 ⏱️ | 0 ⏳):
2026-09-15 16:21:01,045 [INFO]   ✅ M019 IF - Mensual Tasas Pasivas (CCM | corte 2026-08-31)
2026-09-15 16:21:01,045 [INFO]   ✅ CM - Cartera Mensual (CCM | corte 2026-08-31)
2026-09-15 16:21:01,045 [INFO]   ✅ CM - Cartera Mensual (CCM | corte 2026-08-31)
2026-09-15 16:21:01,045 [INFO]   ✅ CM - Cartera Mensual (CCM | corte 2026-08-31)
2026-09-15 16:21:01,045 [INFO]   ✅ CM - Cartera Mensual (CCM | corte 2026-08-31)
2026-09-15 16:21:01,045 [INFO]   ✅ CM - Cartera Mensual (CCM | corte 2026-08-31)
2026-09-15 16:21:01,045 [INFO]   ✅ MB01-MB20 Mensual Balance (CCM | corte 2026-08-31)
2026-09-15 16:21:01,045 [INFO]   ✅ MC - Mensual Central de Información Crediticia (CCM | corte 2026-08-31)
2026-09-15 16:21:01,045 [INFO]   ✅ MC - Mensual Central de Información Crediticia (CCM | corte 2026-08-31)
2026-09-15 16:21:01,045 [INFO]   ✅ MC - Mensual Central de Información Crediticia (CCM | corte 2026-08-31)
2026-09-15 16:21:01,045 [INFO]   ✅ Depósitos y ahorristas (CCM | corte 2026-08-31)
2026-09-15 16:21:01,046 [INFO]   ✅ Depósitos a plazo fijo (CCM | corte 2026-08-31)
2026-09-15 16:21:01,046 [INFO]   ✅ Detalle de Créditos - CAPROSEN (CCM | corte 2026-08-31)
2026-09-15 16:21:01,046 [INFO]   ✅ Crédito PCD (CCM | corte 2026-08-31)
2026-09-15 16:21:01,046 [INFO]   ✅ Solicitud de Créditos - PREAMyPes - Mensual (CCM | corte 2026-08-31)
2026-09-15 16:21:01,046 [INFO]   ✅ Tarifas y n° de transacciones de servicios o productos (CCM | corte 2026-08-31)
2026-09-15 16:21:01,046 [INFO]   ✅ M020 - Mensual PR Reclamos (CCM | corte 2026-08-31)
2026-09-15 16:21:01,046 [INFO]   ✅ M021 - Mensual PR Soluciones (CCM | corte 2026-08-31)
2026-09-15 16:21:01,046 [INFO]   ✅ M029 - Información general de Personas Expuestas Políticamente (CCM | corte 2026-08-31)
2026-09-15 16:21:01,046 [INFO]   ✅ Detalle de solicitudes de crédito (CCM | corte 2026-08-31)
2026-09-15 16:21:01,046 [INFO]   ✅ Detalle de solicitudes de crédito (CCM | corte 2026-08-31)
2026-09-15 16:21:01,046 [INFO]   ✅ M030 - Reporte de tarifas (CCM | corte 2026-08-31)
2026-09-15 16:21:01,046 [INFO]   ✅ Pasivos con el Público (CCM | corte 2026-08-31)
2026-09-15 16:21:01,046 [INFO]   ✅ Operaciones prorrogadas (CCM | corte 2026-08-31)
2026-09-15 16:21:01,046 [INFO]   ✅ Reporte de transacciones relativas a la compra de activos virtuales (CCM | corte 2026-08-31)
2026-09-15 16:21:01,046 [INFO]   ✅ MI01-MI09 - Mensual Central de Información de Riesgo Operativo (CCM | corte 2026-08-31)
2026-09-15 16:21:01,046 [INFO]   ✅ Mensual Solicitudes de Créditos - PEDAEEL (CCM | corte 2026-08-31)
2026-09-15 16:21:01,047 [INFO]   ✅ D007 IF - Diario Operaciones Interbancarias (CCM | corte 2026-09-14)
2026-09-15 16:21:01,047 [INFO]   ✅ D006 IF - Diario Tasas de Interés Activas (CCM | corte 2026-09-14)
2026-09-15 16:21:01,047 [INFO]   ✅ D008 IF - Diario Tipo de Cambio (CCM | corte 2026-09-14)
2026-09-15 16:21:01,047 [INFO]   ✅ D008 IF - Diario Tipo de Cambio (CCM | corte 2026-09-14)
2026-09-15 16:21:01,047 [INFO]   ✅ Estratificación de Depósitos (CCM | corte 2026-09-14)
2026-09-15 16:21:01,047 [INFO]   ✅ Ampliación de plazo de reclamos de primera instancia (CCM | corte 2026-09-14)
2026-09-15 16:21:01,047 [INFO]   ✅ Reporte de Transacciones con el Exterior Diario (CCM | corte 2026-09-14)
2026-09-15 16:21:01,047 [INFO]   ✅ D001-D005 IF - Diario Encaje (CCM | corte 2026-09-14)
2026-09-15 16:21:01,047 [INFO]   ✅ D012 - Créditos refinanciados y/o reprogramados (CCM | corte 2026-09-14)
2026-09-15 16:21:01,047 [INFO]   ✅ REPORTE DIARIO DE RETIRO DE DEPÓSITOS EN MONEDA EXTRANJERA (CCM | corte 2026-09-14)
2026-09-15 16:21:01,047 [INFO]   ⏱️ Reporte de transacciones relativas a la compra de activos virtuales (MENSUAL ENVIADO FUERA DE PLAZO)
2026-09-15 16:21:01,047 [INFO] Resumen: 37 exitosos | 0 pendientes | 0 errores | 0 faltantes | 1 tardíos | 0 sin enviar (dentro de plazo)
2026-09-15 16:21:01,049 [INFO] Revisión completada. Próxima en 15 min.
2026-09-15 16:21:01,049 [INFO] Scheduler activo. Revisando cada 15 minutos.
2026-09-15 16:21:01,049 [INFO] Presionar Ctrl+C para detener.
2026-09-15 16:21:18,777 [INFO] Monitor detenido por el usuario.
2026-09-15 16:21:18,778 [INFO] [NOTIFICACION] ASFI/SCIP Monitor detenido: El monitoreo fue detenido manualmente.
2026-09-15 16:21:33,283 [INFO] ============================================================
2026-09-15 16:21:33,284 [INFO] ASFI SCIP Monitor iniciado
2026-09-15 16:21:33,284 [INFO]   Usuario  : thomas.clavijo@comarapa.coop
2026-09-15 16:21:33,284 [INFO]   Intervalo: 15 minutos
2026-09-15 16:21:33,284 [INFO]   Headless : True
2026-09-15 16:21:33,284 [INFO]   Días atrás: 1
2026-09-15 16:21:33,284 [INFO]   Salida detallada: False
2026-09-15 16:21:33,284 [INFO] ============================================================
2026-09-15 16:21:33,462 [INFO] [NOTIFICACION] ASFI/SCIP Monitor iniciado: Monitoreando reportes cada 15 min.
2026-09-15 16:21:44,914 [INFO] ============================================================
2026-09-15 16:21:44,914 [INFO] Iniciando revisión: 2026-09-15 16:21:44
2026-09-15 16:21:44,956 [INFO] Rangos de consulta: 31/8/2026 a 31/8/2026, 14/9/2026 a 14/9/2026
2026-09-15 16:21:44,956 [INFO] Consultas separadas a SCIP: 2
2026-09-15 16:21:44,956 [INFO] Fechas a consultar: 31/8/2026 a 31/8/2026
2026-09-15 16:21:45,930 [INFO] Iniciando navegador Chromium...
2026-09-15 16:21:50,980 [INFO] Abriendo login: https://appweb.asfi.gob.bo/SCIP/Login.aspx?ReturnUrl=%2fSCIP%2fmControlPlazos%2fControlPlazos.aspx
2026-09-15 16:21:54,027 [INFO] Ingresando credenciales...
2026-09-15 16:21:58,590 [INFO] Login exitoso
2026-09-15 16:22:16,484 [INFO] Procesando pagina 1 de la tabla...
2026-09-15 16:22:16,508 [INFO] Filas encontradas en pagina 1: 10
2026-09-15 16:22:18,305 [INFO] Procesando pagina 2 de la tabla...
2026-09-15 16:22:18,351 [INFO] Filas encontradas en pagina 2: 10
2026-09-15 16:22:19,987 [INFO] Procesando pagina 3 de la tabla...
2026-09-15 16:22:20,028 [INFO] Filas encontradas en pagina 3: 10
2026-09-15 16:22:21,730 [INFO] Procesando pagina 4 de la tabla...
2026-09-15 16:22:21,770 [INFO] Filas encontradas en pagina 4: 10
2026-09-15 16:22:22,506 [INFO] Navegador cerrado.
2026-09-15 16:22:22,523 [INFO] Fechas a consultar: 14/9/2026 a 14/9/2026
2026-09-15 16:22:23,266 [INFO] Iniciando navegador Chromium...
2026-09-15 16:22:27,605 [INFO] Abriendo login: https://appweb.asfi.gob.bo/SCIP/Login.aspx?ReturnUrl=%2fSCIP%2fmControlPlazos%2fControlPlazos.aspx
2026-09-15 16:22:31,452 [INFO] Ingresando credenciales...
2026-09-15 16:22:36,095 [INFO] Login exitoso
2026-09-15 16:22:52,800 [INFO] Procesando pagina 1 de la tabla...
2026-09-15 16:22:52,832 [INFO] Filas encontradas en pagina 1: 10
2026-09-15 16:22:54,568 [INFO] Procesando pagina 2 de la tabla...
2026-09-15 16:22:54,609 [INFO] Filas encontradas en pagina 2: 1
2026-09-15 16:22:54,789 [INFO] Navegador cerrado.
2026-09-15 16:22:54,806 [INFO] Total registros extraidos en consultas separadas: 50
2026-09-15 16:22:54,810 [INFO] Filas fuera de las obligaciones vigentes ignoradas: 13
2026-09-15 16:22:54,812 [INFO] Reporte subsanado por duplicado exitoso: CM - Cartera Mensual (2026-08-31, ocurrencia=única)
2026-09-15 16:22:54,813 [INFO] Reporte subsanado por duplicado exitoso: CM - Cartera Mensual (2026-08-31, ocurrencia=única)
2026-09-15 16:22:54,813 [INFO] Reporte subsanado por duplicado exitoso: CM - Cartera Mensual (2026-08-31, ocurrencia=única)
2026-09-15 16:22:54,813 [INFO] Reporte subsanado por duplicado exitoso: CM - Cartera Mensual (2026-08-31, ocurrencia=única)
2026-09-15 16:22:54,813 [INFO] Reporte subsanado por duplicado exitoso: MC - Mensual Central de Información Crediticia (2026-08-31, ocurrencia=única)
2026-09-15 16:22:54,813 [INFO] Reporte subsanado por duplicado exitoso: MC - Mensual Central de Información Crediticia (2026-08-31, ocurrencia=única)
2026-09-15 16:22:54,813 [INFO] Reporte subsanado por duplicado exitoso: Detalle de solicitudes de crédito (2026-08-31, ocurrencia=única)
2026-09-15 16:22:54,856 [INFO] Validando obligaciones configuradas para 14/9/2026...
2026-09-15 16:22:54,857 [INFO] Reportes mensuales enviados fuera de plazo; se mantienen en Reportes Vencidos sin enviar alerta: ['Reporte de transacciones relativas a la compra de activos virtuales']
2026-09-15 16:22:54,861 [INFO] Estado de los reportes (37 ✅ | 0 ❌ | 0 ⚠️ | 1 ⏱️ | 0 ⏳):
2026-09-15 16:22:54,861 [INFO]   ✅ M019 IF - Mensual Tasas Pasivas (CCM | corte 2026-08-31)
2026-09-15 16:22:54,862 [INFO]   ✅ CM - Cartera Mensual (CCM | corte 2026-08-31)
2026-09-15 16:22:54,862 [INFO]   ✅ CM - Cartera Mensual (CCM | corte 2026-08-31)
2026-09-15 16:22:54,862 [INFO]   ✅ CM - Cartera Mensual (CCM | corte 2026-08-31)
2026-09-15 16:22:54,862 [INFO]   ✅ CM - Cartera Mensual (CCM | corte 2026-08-31)
2026-09-15 16:22:54,862 [INFO]   ✅ CM - Cartera Mensual (CCM | corte 2026-08-31)
2026-09-15 16:22:54,862 [INFO]   ✅ MB01-MB20 Mensual Balance (CCM | corte 2026-08-31)
2026-09-15 16:22:54,862 [INFO]   ✅ MC - Mensual Central de Información Crediticia (CCM | corte 2026-08-31)
2026-09-15 16:22:54,862 [INFO]   ✅ MC - Mensual Central de Información Crediticia (CCM | corte 2026-08-31)
2026-09-15 16:22:54,862 [INFO]   ✅ MC - Mensual Central de Información Crediticia (CCM | corte 2026-08-31)
2026-09-15 16:22:54,862 [INFO]   ✅ Depósitos y ahorristas (CCM | corte 2026-08-31)
2026-09-15 16:22:54,862 [INFO]   ✅ Depósitos a plazo fijo (CCM | corte 2026-08-31)
2026-09-15 16:22:54,862 [INFO]   ✅ Detalle de Créditos - CAPROSEN (CCM | corte 2026-08-31)
2026-09-15 16:22:54,862 [INFO]   ✅ Crédito PCD (CCM | corte 2026-08-31)
2026-09-15 16:22:54,863 [INFO]   ✅ Solicitud de Créditos - PREAMyPes - Mensual (CCM | corte 2026-08-31)
2026-09-15 16:22:54,863 [INFO]   ✅ Tarifas y n° de transacciones de servicios o productos (CCM | corte 2026-08-31)
2026-09-15 16:22:54,863 [INFO]   ✅ M020 - Mensual PR Reclamos (CCM | corte 2026-08-31)
2026-09-15 16:22:54,863 [INFO]   ✅ M021 - Mensual PR Soluciones (CCM | corte 2026-08-31)
2026-09-15 16:22:54,863 [INFO]   ✅ M029 - Información general de Personas Expuestas Políticamente (CCM | corte 2026-08-31)
2026-09-15 16:22:54,863 [INFO]   ✅ Detalle de solicitudes de crédito (CCM | corte 2026-08-31)
2026-09-15 16:22:54,863 [INFO]   ✅ Detalle de solicitudes de crédito (CCM | corte 2026-08-31)
2026-09-15 16:22:54,863 [INFO]   ✅ M030 - Reporte de tarifas (CCM | corte 2026-08-31)
2026-09-15 16:22:54,863 [INFO]   ✅ Pasivos con el Público (CCM | corte 2026-08-31)
2026-09-15 16:22:54,863 [INFO]   ✅ Operaciones prorrogadas (CCM | corte 2026-08-31)
2026-09-15 16:22:54,863 [INFO]   ✅ Reporte de transacciones relativas a la compra de activos virtuales (CCM | corte 2026-08-31)
2026-09-15 16:22:54,863 [INFO]   ✅ MI01-MI09 - Mensual Central de Información de Riesgo Operativo (CCM | corte 2026-08-31)
2026-09-15 16:22:54,863 [INFO]   ✅ Mensual Solicitudes de Créditos - PEDAEEL (CCM | corte 2026-08-31)
2026-09-15 16:22:54,863 [INFO]   ✅ D007 IF - Diario Operaciones Interbancarias (CCM | corte 2026-09-14)
2026-09-15 16:22:54,863 [INFO]   ✅ D006 IF - Diario Tasas de Interés Activas (CCM | corte 2026-09-14)
2026-09-15 16:22:54,863 [INFO]   ✅ D008 IF - Diario Tipo de Cambio (CCM | corte 2026-09-14)
2026-09-15 16:22:54,863 [INFO]   ✅ D008 IF - Diario Tipo de Cambio (CCM | corte 2026-09-14)
2026-09-15 16:22:54,863 [INFO]   ✅ Estratificación de Depósitos (CCM | corte 2026-09-14)
2026-09-15 16:22:54,863 [INFO]   ✅ Ampliación de plazo de reclamos de primera instancia (CCM | corte 2026-09-14)
2026-09-15 16:22:54,864 [INFO]   ✅ Reporte de Transacciones con el Exterior Diario (CCM | corte 2026-09-14)
2026-09-15 16:22:54,864 [INFO]   ✅ D001-D005 IF - Diario Encaje (CCM | corte 2026-09-14)
2026-09-15 16:22:54,864 [INFO]   ✅ D012 - Créditos refinanciados y/o reprogramados (CCM | corte 2026-09-14)
2026-09-15 16:22:54,864 [INFO]   ✅ REPORTE DIARIO DE RETIRO DE DEPÓSITOS EN MONEDA EXTRANJERA (CCM | corte 2026-09-14)
2026-09-15 16:22:54,864 [INFO]   ⏱️ Reporte de transacciones relativas a la compra de activos virtuales (MENSUAL ENVIADO FUERA DE PLAZO)
2026-09-15 16:22:54,864 [INFO] Resumen: 37 exitosos | 0 pendientes | 0 errores | 0 faltantes | 1 tardíos | 0 sin enviar (dentro de plazo)
2026-09-15 16:22:54,865 [INFO] Revisión completada. Próxima en 15 min.
2026-09-15 16:22:54,866 [INFO] Scheduler activo. Revisando cada 15 minutos.
2026-09-15 16:22:54,866 [INFO] Presionar Ctrl+C para detener.
2026-09-15 16:23:05,375 [INFO] Monitor detenido por el usuario.
2026-09-15 16:23:05,375 [INFO] [NOTIFICACION] ASFI/SCIP Monitor detenido: El monitoreo fue detenido manualmente.
2026-09-15 16:23:19,415 [INFO] ============================================================
2026-09-15 16:23:19,415 [INFO] ASFI SCIP Monitor iniciado
2026-09-15 16:23:19,415 [INFO]   Usuario  : thomas.clavijo@comarapa.coop
2026-09-15 16:23:19,415 [INFO]   Intervalo: 15 minutos
2026-09-15 16:23:19,416 [INFO]   Headless : True
2026-09-15 16:23:19,416 [INFO]   Días atrás: 1
2026-09-15 16:23:19,416 [INFO]   Salida detallada: False
2026-09-15 16:23:19,416 [INFO] ============================================================
2026-09-15 16:23:19,721 [INFO] [NOTIFICACION] ASFI/SCIP Monitor iniciado: Monitoreando reportes cada 15 min.
2026-09-15 16:23:31,240 [INFO] ============================================================
2026-09-15 16:23:31,240 [INFO] Iniciando revisión: 2026-09-15 16:23:31
2026-09-15 16:23:31,303 [INFO] Rangos de consulta: 31/8/2026 a 31/8/2026, 14/9/2026 a 14/9/2026
2026-09-15 16:23:31,304 [INFO] Consultas separadas a SCIP: 2
2026-09-15 16:23:31,304 [INFO] Fechas a consultar: 31/8/2026 a 31/8/2026
2026-09-15 16:23:32,454 [INFO] Iniciando navegador Chromium...
2026-09-15 16:23:38,751 [INFO] Abriendo login: https://appweb.asfi.gob.bo/SCIP/Login.aspx?ReturnUrl=%2fSCIP%2fmControlPlazos%2fControlPlazos.aspx
2026-09-15 16:23:41,915 [INFO] Ingresando credenciales...
2026-09-15 16:23:59,438 [INFO] Login exitoso
2026-09-15 16:24:13,404 [ERROR] Error inesperado en scraping: Page.wait_for_timeout: Page crashed
Traceback (most recent call last):
  File "C:\Users\PA-CREDITO-02\Downloads\Reports_ASFI_monitor\asfi_monitor_app\integrations\scip_client.py", line 217, in obtener_reportes
    page.wait_for_timeout(2500)
    ~~~~~~~~~~~~~~~~~~~~~^^^^^^
  File "C:\Users\PA-CREDITO-02\AppData\Local\Programs\Python\Python313\Lib\site-packages\playwright\sync_api\_generated.py", line 12696, in wait_for_timeout
    self._sync(
    ~~~~~~~~~~^
        self._impl_obj.wait_for_timeout(timeout=to_milliseconds(timeout))
        ^^^^^^^^^^^^^^^^^^^^^^^^^^^^^^^^^^^^^^^^^^^^^^^^^^^^^^^^^^^^^^^^^
    )
    ^
  File "C:\Users\PA-CREDITO-02\AppData\Local\Programs\Python\Python313\Lib\site-packages\playwright\_impl\_sync_base.py", line 115, in _sync
    return task.result()
           ~~~~~~~~~~~^^
  File "C:\Users\PA-CREDITO-02\AppData\Local\Programs\Python\Python313\Lib\site-packages\playwright\_impl\_page.py", line 1142, in wait_for_timeout
    await self._main_frame.wait_for_timeout(timeout)
  File "C:\Users\PA-CREDITO-02\AppData\Local\Programs\Python\Python313\Lib\site-packages\playwright\_impl\_frame.py", line 924, in wait_for_timeout
    await self._channel.send("waitForTimeout", None, {"waitTimeout": timeout})
  File "C:\Users\PA-CREDITO-02\AppData\Local\Programs\Python\Python313\Lib\site-packages\playwright\_impl\_connection.py", line 76, in send
    return await self._connection.wrap_api_call(
           ^^^^^^^^^^^^^^^^^^^^^^^^^^^^^^^^^^^^^
    ...<3 lines>...
    )
    ^
  File "C:\Users\PA-CREDITO-02\AppData\Local\Programs\Python\Python313\Lib\site-packages\playwright\_impl\_connection.py", line 632, in wrap_api_call
    raise rewrite_error(error, f"{parsed_st['apiName']}: {error}") from None
playwright._impl._errors.TargetClosedError: Page.wait_for_timeout: Page crashed
2026-09-15 16:24:13,412 [INFO] [NOTIFICACION] ?? ASFI/SCIP Monitor - Error inesperado: TargetClosedError: Page.wait_for_timeout: Page crashed
2026-09-15 16:24:26,986 [INFO] Navegador cerrado.
2026-09-15 16:24:29,271 [INFO] ============================================================
2026-09-15 16:24:29,271 [INFO] ASFI SCIP Monitor iniciado
2026-09-15 16:24:29,272 [INFO]   Usuario  : thomas.clavijo@comarapa.coop
2026-09-15 16:24:29,272 [INFO]   Intervalo: 15 minutos
2026-09-15 16:24:29,272 [INFO]   Headless : True
2026-09-15 16:24:29,272 [INFO]   Días atrás: 1
2026-09-15 16:24:29,272 [INFO]   Salida detallada: False
2026-09-15 16:24:29,272 [INFO] ============================================================
2026-09-15 16:24:29,448 [INFO] [NOTIFICACION] ASFI/SCIP Monitor iniciado: Monitoreando reportes cada 15 min.
2026-09-15 16:24:40,871 [INFO] ============================================================
2026-09-15 16:24:40,872 [INFO] Iniciando revisión: 2026-09-15 16:24:40
2026-09-15 16:24:40,914 [INFO] Rangos de consulta: 31/8/2026 a 31/8/2026, 14/9/2026 a 14/9/2026
2026-09-15 16:24:40,915 [INFO] Consultas separadas a SCIP: 2
2026-09-15 16:24:40,915 [INFO] Fechas a consultar: 31/8/2026 a 31/8/2026
2026-09-15 16:24:41,831 [INFO] Iniciando navegador Chromium...
2026-09-15 16:24:47,048 [INFO] Abriendo login: https://appweb.asfi.gob.bo/SCIP/Login.aspx?ReturnUrl=%2fSCIP%2fmControlPlazos%2fControlPlazos.aspx
2026-09-15 16:24:50,904 [INFO] Ingresando credenciales...
2026-09-15 16:25:09,371 [INFO] Login exitoso
2026-09-15 16:25:25,853 [INFO] Procesando pagina 1 de la tabla...
2026-09-15 16:25:25,880 [INFO] Filas encontradas en pagina 1: 10
2026-09-15 16:25:27,570 [INFO] Procesando pagina 2 de la tabla...
2026-09-15 16:25:27,589 [INFO] Filas encontradas en pagina 2: 10
2026-09-15 16:25:29,223 [INFO] Procesando pagina 3 de la tabla...
2026-09-15 16:25:29,265 [INFO] Filas encontradas en pagina 3: 10
2026-09-15 16:25:30,917 [INFO] Procesando pagina 4 de la tabla...
2026-09-15 16:25:30,954 [INFO] Filas encontradas en pagina 4: 10
2026-09-15 16:25:31,637 [INFO] Navegador cerrado.
2026-09-15 16:25:31,653 [INFO] Fechas a consultar: 14/9/2026 a 14/9/2026
2026-09-15 16:25:32,447 [INFO] Iniciando navegador Chromium...
2026-09-15 16:25:36,753 [INFO] Abriendo login: https://appweb.asfi.gob.bo/SCIP/Login.aspx?ReturnUrl=%2fSCIP%2fmControlPlazos%2fControlPlazos.aspx
2026-09-15 16:25:41,447 [INFO] Ingresando credenciales...
2026-09-15 16:25:46,707 [INFO] Login exitoso
2026-09-15 16:26:04,060 [INFO] Procesando pagina 1 de la tabla...
2026-09-15 16:26:04,087 [INFO] Filas encontradas en pagina 1: 10
2026-09-15 16:26:05,797 [INFO] Procesando pagina 2 de la tabla...
2026-09-15 16:26:05,825 [INFO] Filas encontradas en pagina 2: 1
2026-09-15 16:26:05,990 [INFO] Navegador cerrado.
2026-09-15 16:26:06,009 [INFO] Total registros extraidos en consultas separadas: 50
2026-09-15 16:26:06,012 [INFO] Filas fuera de las obligaciones vigentes ignoradas: 13
2026-09-15 16:26:06,015 [INFO] Reporte subsanado por duplicado exitoso: CM - Cartera Mensual (2026-08-31, ocurrencia=única)
2026-09-15 16:26:06,015 [INFO] Reporte subsanado por duplicado exitoso: CM - Cartera Mensual (2026-08-31, ocurrencia=única)
2026-09-15 16:26:06,015 [INFO] Reporte subsanado por duplicado exitoso: CM - Cartera Mensual (2026-08-31, ocurrencia=única)
2026-09-15 16:26:06,015 [INFO] Reporte subsanado por duplicado exitoso: CM - Cartera Mensual (2026-08-31, ocurrencia=única)
2026-09-15 16:26:06,015 [INFO] Reporte subsanado por duplicado exitoso: MC - Mensual Central de Información Crediticia (2026-08-31, ocurrencia=única)
2026-09-15 16:26:06,015 [INFO] Reporte subsanado por duplicado exitoso: MC - Mensual Central de Información Crediticia (2026-08-31, ocurrencia=única)
2026-09-15 16:26:06,015 [INFO] Reporte subsanado por duplicado exitoso: Detalle de solicitudes de crédito (2026-08-31, ocurrencia=única)
2026-09-15 16:26:06,061 [INFO] Validando obligaciones configuradas para 14/9/2026...
2026-09-15 16:26:06,061 [INFO] Reportes mensuales enviados fuera de plazo; se mantienen en Reportes Vencidos sin enviar alerta: ['Reporte de transacciones relativas a la compra de activos virtuales']
2026-09-15 16:26:06,066 [INFO] Estado de los reportes (37 ✅ | 0 ❌ | 0 ⚠️ | 1 ⏱️ | 0 ⏳):
2026-09-15 16:26:06,066 [INFO]   ✅ M019 IF - Mensual Tasas Pasivas (CCM | corte 2026-08-31)
2026-09-15 16:26:06,066 [INFO]   ✅ CM - Cartera Mensual (CCM | corte 2026-08-31)
2026-09-15 16:26:06,066 [INFO]   ✅ CM - Cartera Mensual (CCM | corte 2026-08-31)
2026-09-15 16:26:06,066 [INFO]   ✅ CM - Cartera Mensual (CCM | corte 2026-08-31)
2026-09-15 16:26:06,066 [INFO]   ✅ CM - Cartera Mensual (CCM | corte 2026-08-31)
2026-09-15 16:26:06,066 [INFO]   ✅ CM - Cartera Mensual (CCM | corte 2026-08-31)
2026-09-15 16:26:06,066 [INFO]   ✅ MB01-MB20 Mensual Balance (CCM | corte 2026-08-31)
2026-09-15 16:26:06,066 [INFO]   ✅ MC - Mensual Central de Información Crediticia (CCM | corte 2026-08-31)
2026-09-15 16:26:06,066 [INFO]   ✅ MC - Mensual Central de Información Crediticia (CCM | corte 2026-08-31)
2026-09-15 16:26:06,066 [INFO]   ✅ MC - Mensual Central de Información Crediticia (CCM | corte 2026-08-31)
2026-09-15 16:26:06,066 [INFO]   ✅ Depósitos y ahorristas (CCM | corte 2026-08-31)
2026-09-15 16:26:06,066 [INFO]   ✅ Depósitos a plazo fijo (CCM | corte 2026-08-31)
2026-09-15 16:26:06,066 [INFO]   ✅ Detalle de Créditos - CAPROSEN (CCM | corte 2026-08-31)
2026-09-15 16:26:06,067 [INFO]   ✅ Crédito PCD (CCM | corte 2026-08-31)
2026-09-15 16:26:06,067 [INFO]   ✅ Solicitud de Créditos - PREAMyPes - Mensual (CCM | corte 2026-08-31)
2026-09-15 16:26:06,067 [INFO]   ✅ Tarifas y n° de transacciones de servicios o productos (CCM | corte 2026-08-31)
2026-09-15 16:26:06,067 [INFO]   ✅ M020 - Mensual PR Reclamos (CCM | corte 2026-08-31)
2026-09-15 16:26:06,067 [INFO]   ✅ M021 - Mensual PR Soluciones (CCM | corte 2026-08-31)
2026-09-15 16:26:06,067 [INFO]   ✅ M029 - Información general de Personas Expuestas Políticamente (CCM | corte 2026-08-31)
2026-09-15 16:26:06,067 [INFO]   ✅ Detalle de solicitudes de crédito (CCM | corte 2026-08-31)
2026-09-15 16:26:06,067 [INFO]   ✅ Detalle de solicitudes de crédito (CCM | corte 2026-08-31)
2026-09-15 16:26:06,067 [INFO]   ✅ M030 - Reporte de tarifas (CCM | corte 2026-08-31)
2026-09-15 16:26:06,067 [INFO]   ✅ Pasivos con el Público (CCM | corte 2026-08-31)
2026-09-15 16:26:06,067 [INFO]   ✅ Operaciones prorrogadas (CCM | corte 2026-08-31)
2026-09-15 16:26:06,067 [INFO]   ✅ Reporte de transacciones relativas a la compra de activos virtuales (CCM | corte 2026-08-31)
2026-09-15 16:26:06,067 [INFO]   ✅ MI01-MI09 - Mensual Central de Información de Riesgo Operativo (CCM | corte 2026-08-31)
2026-09-15 16:26:06,067 [INFO]   ✅ Mensual Solicitudes de Créditos - PEDAEEL (CCM | corte 2026-08-31)
2026-09-15 16:26:06,067 [INFO]   ✅ D007 IF - Diario Operaciones Interbancarias (CCM | corte 2026-09-14)
2026-09-15 16:26:06,067 [INFO]   ✅ D006 IF - Diario Tasas de Interés Activas (CCM | corte 2026-09-14)
2026-09-15 16:26:06,067 [INFO]   ✅ D008 IF - Diario Tipo de Cambio (CCM | corte 2026-09-14)
2026-09-15 16:26:06,067 [INFO]   ✅ D008 IF - Diario Tipo de Cambio (CCM | corte 2026-09-14)
2026-09-15 16:26:06,067 [INFO]   ✅ Estratificación de Depósitos (CCM | corte 2026-09-14)
2026-09-15 16:26:06,067 [INFO]   ✅ Ampliación de plazo de reclamos de primera instancia (CCM | corte 2026-09-14)
2026-09-15 16:26:06,068 [INFO]   ✅ Reporte de Transacciones con el Exterior Diario (CCM | corte 2026-09-14)
2026-09-15 16:26:06,068 [INFO]   ✅ D001-D005 IF - Diario Encaje (CCM | corte 2026-09-14)
2026-09-15 16:26:06,068 [INFO]   ✅ D012 - Créditos refinanciados y/o reprogramados (CCM | corte 2026-09-14)
2026-09-15 16:26:06,068 [INFO]   ✅ REPORTE DIARIO DE RETIRO DE DEPÓSITOS EN MONEDA EXTRANJERA (CCM | corte 2026-09-14)
2026-09-15 16:26:06,068 [INFO]   ⏱️ Reporte de transacciones relativas a la compra de activos virtuales (MENSUAL ENVIADO FUERA DE PLAZO)
2026-09-15 16:26:06,068 [INFO] Resumen: 37 exitosos | 0 pendientes | 0 errores | 0 faltantes | 1 tardíos | 0 sin enviar (dentro de plazo)
2026-09-15 16:26:06,069 [INFO] Revisión completada. Próxima en 15 min.
2026-09-15 16:26:06,070 [INFO] Scheduler activo. Revisando cada 15 minutos.
2026-09-15 16:26:06,070 [INFO] Presionar Ctrl+C para detener.
2026-09-15 16:27:00,962 [INFO] ============================================================
2026-09-15 16:27:00,963 [INFO] ASFI SCIP Monitor iniciado
2026-09-15 16:27:00,963 [INFO]   Usuario  : thomas.clavijo@comarapa.coop
2026-09-15 16:27:00,963 [INFO]   Intervalo: 15 minutos
2026-09-15 16:27:00,963 [INFO]   Headless : True
2026-09-15 16:27:00,963 [INFO]   Días atrás: 1
2026-09-15 16:27:00,963 [INFO]   Salida detallada: False
2026-09-15 16:27:00,964 [INFO] ============================================================
2026-09-15 16:27:01,112 [INFO] [NOTIFICACION] ASFI/SCIP Monitor iniciado: Monitoreando reportes cada 15 min.
2026-09-15 16:27:12,570 [INFO] ============================================================
2026-09-15 16:27:12,571 [INFO] Iniciando revisión: 2026-09-15 16:27:12
2026-09-15 16:27:12,606 [INFO] Rangos de consulta: 31/8/2026 a 31/8/2026, 14/9/2026 a 14/9/2026
2026-09-15 16:27:12,606 [INFO] Consultas separadas a SCIP: 2
2026-09-15 16:27:12,606 [INFO] Fechas a consultar: 31/8/2026 a 31/8/2026
2026-09-15 16:27:13,486 [INFO] Iniciando navegador Chromium...
2026-09-15 16:27:18,710 [INFO] Abriendo login: https://appweb.asfi.gob.bo/SCIP/Login.aspx?ReturnUrl=%2fSCIP%2fmControlPlazos%2fControlPlazos.aspx
2026-09-15 16:27:21,764 [INFO] Ingresando credenciales...
2026-09-15 16:27:26,450 [INFO] Login exitoso
2026-09-15 16:27:42,925 [INFO] Procesando pagina 1 de la tabla...
2026-09-15 16:27:42,954 [INFO] Filas encontradas en pagina 1: 10
2026-09-15 16:27:44,747 [INFO] Procesando pagina 2 de la tabla...
2026-09-15 16:27:44,761 [INFO] Filas encontradas en pagina 2: 10
2026-09-15 16:27:46,533 [INFO] Procesando pagina 3 de la tabla...
2026-09-15 16:27:46,545 [INFO] Filas encontradas en pagina 3: 10
2026-09-15 16:27:48,283 [INFO] Procesando pagina 4 de la tabla...
2026-09-15 16:27:48,300 [INFO] Filas encontradas en pagina 4: 10
2026-09-15 16:27:49,341 [INFO] Navegador cerrado.
2026-09-15 16:27:49,377 [INFO] Fechas a consultar: 14/9/2026 a 14/9/2026
2026-09-15 16:27:50,680 [INFO] Iniciando navegador Chromium...
2026-09-15 16:28:06,872 [INFO] Abriendo login: https://appweb.asfi.gob.bo/SCIP/Login.aspx?ReturnUrl=%2fSCIP%2fmControlPlazos%2fControlPlazos.aspx
2026-09-15 16:28:10,640 [INFO] Ingresando credenciales...
2026-09-15 16:28:16,513 [INFO] Login exitoso
2026-09-15 16:28:33,507 [INFO] Procesando pagina 1 de la tabla...
2026-09-15 16:28:33,540 [INFO] Filas encontradas en pagina 1: 10
2026-09-15 16:28:35,371 [INFO] Procesando pagina 2 de la tabla...
2026-09-15 16:28:35,382 [INFO] Filas encontradas en pagina 2: 1
2026-09-15 16:28:35,558 [INFO] Navegador cerrado.
2026-09-15 16:28:35,582 [INFO] Total registros extraidos en consultas separadas: 50
2026-09-15 16:28:35,585 [INFO] Filas fuera de las obligaciones vigentes ignoradas: 13
2026-09-15 16:28:35,588 [INFO] Reporte subsanado por duplicado exitoso: CM - Cartera Mensual (2026-08-31, ocurrencia=única)
2026-09-15 16:28:35,588 [INFO] Reporte subsanado por duplicado exitoso: CM - Cartera Mensual (2026-08-31, ocurrencia=única)
2026-09-15 16:28:35,588 [INFO] Reporte subsanado por duplicado exitoso: CM - Cartera Mensual (2026-08-31, ocurrencia=única)
2026-09-15 16:28:35,589 [INFO] Reporte subsanado por duplicado exitoso: CM - Cartera Mensual (2026-08-31, ocurrencia=única)
2026-09-15 16:28:35,589 [INFO] Reporte subsanado por duplicado exitoso: MC - Mensual Central de Información Crediticia (2026-08-31, ocurrencia=única)
2026-09-15 16:28:35,589 [INFO] Reporte subsanado por duplicado exitoso: MC - Mensual Central de Información Crediticia (2026-08-31, ocurrencia=única)
2026-09-15 16:28:35,589 [INFO] Reporte subsanado por duplicado exitoso: Detalle de solicitudes de crédito (2026-08-31, ocurrencia=única)
2026-09-15 16:28:35,656 [INFO] Validando obligaciones configuradas para 14/9/2026...
2026-09-15 16:28:35,656 [INFO] Reportes mensuales enviados fuera de plazo; se mantienen en Reportes Vencidos sin enviar alerta: ['Reporte de transacciones relativas a la compra de activos virtuales']
2026-09-15 16:28:35,668 [INFO] Estado de los reportes (37 ✅ | 0 ❌ | 0 ⚠️ | 1 ⏱️ | 0 ⏳):
2026-09-15 16:28:35,668 [INFO]   ✅ M019 IF - Mensual Tasas Pasivas (CCM | corte 2026-08-31)
2026-09-15 16:28:35,668 [INFO]   ✅ CM - Cartera Mensual (CCM | corte 2026-08-31)
2026-09-15 16:28:35,668 [INFO]   ✅ CM - Cartera Mensual (CCM | corte 2026-08-31)
2026-09-15 16:28:35,669 [INFO]   ✅ CM - Cartera Mensual (CCM | corte 2026-08-31)
2026-09-15 16:28:35,669 [INFO]   ✅ CM - Cartera Mensual (CCM | corte 2026-08-31)
2026-09-15 16:28:35,669 [INFO]   ✅ CM - Cartera Mensual (CCM | corte 2026-08-31)
2026-09-15 16:28:35,669 [INFO]   ✅ MB01-MB20 Mensual Balance (CCM | corte 2026-08-31)
2026-09-15 16:28:35,669 [INFO]   ✅ MC - Mensual Central de Información Crediticia (CCM | corte 2026-08-31)
2026-09-15 16:28:35,669 [INFO]   ✅ MC - Mensual Central de Información Crediticia (CCM | corte 2026-08-31)
2026-09-15 16:28:35,669 [INFO]   ✅ MC - Mensual Central de Información Crediticia (CCM | corte 2026-08-31)
2026-09-15 16:28:35,669 [INFO]   ✅ Depósitos y ahorristas (CCM | corte 2026-08-31)
2026-09-15 16:28:35,669 [INFO]   ✅ Depósitos a plazo fijo (CCM | corte 2026-08-31)
2026-09-15 16:28:35,669 [INFO]   ✅ Detalle de Créditos - CAPROSEN (CCM | corte 2026-08-31)
2026-09-15 16:28:35,669 [INFO]   ✅ Crédito PCD (CCM | corte 2026-08-31)
2026-09-15 16:28:35,669 [INFO]   ✅ Solicitud de Créditos - PREAMyPes - Mensual (CCM | corte 2026-08-31)
2026-09-15 16:28:35,669 [INFO]   ✅ Tarifas y n° de transacciones de servicios o productos (CCM | corte 2026-08-31)
2026-09-15 16:28:35,669 [INFO]   ✅ M020 - Mensual PR Reclamos (CCM | corte 2026-08-31)
2026-09-15 16:28:35,669 [INFO]   ✅ M021 - Mensual PR Soluciones (CCM | corte 2026-08-31)
2026-09-15 16:28:35,669 [INFO]   ✅ M029 - Información general de Personas Expuestas Políticamente (CCM | corte 2026-08-31)
2026-09-15 16:28:35,669 [INFO]   ✅ Detalle de solicitudes de crédito (CCM | corte 2026-08-31)
2026-09-15 16:28:35,669 [INFO]   ✅ Detalle de solicitudes de crédito (CCM | corte 2026-08-31)
2026-09-15 16:28:35,669 [INFO]   ✅ M030 - Reporte de tarifas (CCM | corte 2026-08-31)
2026-09-15 16:28:35,669 [INFO]   ✅ Pasivos con el Público (CCM | corte 2026-08-31)
2026-09-15 16:28:35,670 [INFO]   ✅ Operaciones prorrogadas (CCM | corte 2026-08-31)
2026-09-15 16:28:35,670 [INFO]   ✅ Reporte de transacciones relativas a la compra de activos virtuales (CCM | corte 2026-08-31)
2026-09-15 16:28:35,670 [INFO]   ✅ MI01-MI09 - Mensual Central de Información de Riesgo Operativo (CCM | corte 2026-08-31)
2026-09-15 16:28:35,670 [INFO]   ✅ Mensual Solicitudes de Créditos - PEDAEEL (CCM | corte 2026-08-31)
2026-09-15 16:28:35,670 [INFO]   ✅ D007 IF - Diario Operaciones Interbancarias (CCM | corte 2026-09-14)
2026-09-15 16:28:35,670 [INFO]   ✅ D006 IF - Diario Tasas de Interés Activas (CCM | corte 2026-09-14)
2026-09-15 16:28:35,670 [INFO]   ✅ D008 IF - Diario Tipo de Cambio (CCM | corte 2026-09-14)
2026-09-15 16:28:35,670 [INFO]   ✅ D008 IF - Diario Tipo de Cambio (CCM | corte 2026-09-14)
2026-09-15 16:28:35,670 [INFO]   ✅ Estratificación de Depósitos (CCM | corte 2026-09-14)
2026-09-15 16:28:35,670 [INFO]   ✅ Ampliación de plazo de reclamos de primera instancia (CCM | corte 2026-09-14)
2026-09-15 16:28:35,670 [INFO]   ✅ Reporte de Transacciones con el Exterior Diario (CCM | corte 2026-09-14)
2026-09-15 16:28:35,670 [INFO]   ✅ D001-D005 IF - Diario Encaje (CCM | corte 2026-09-14)
2026-09-15 16:28:35,670 [INFO]   ✅ D012 - Créditos refinanciados y/o reprogramados (CCM | corte 2026-09-14)
2026-09-15 16:28:35,670 [INFO]   ✅ REPORTE DIARIO DE RETIRO DE DEPÓSITOS EN MONEDA EXTRANJERA (CCM | corte 2026-09-14)
2026-09-15 16:28:35,670 [INFO]   ⏱️ Reporte de transacciones relativas a la compra de activos virtuales (MENSUAL ENVIADO FUERA DE PLAZO)
2026-09-15 16:28:35,670 [INFO] Resumen: 37 exitosos | 0 pendientes | 0 errores | 0 faltantes | 1 tardíos | 0 sin enviar (dentro de plazo)
2026-09-15 16:28:35,672 [INFO] Revisión completada. Próxima en 15 min.
2026-09-15 16:28:35,673 [INFO] Scheduler activo. Revisando cada 15 minutos.
2026-09-15 16:28:35,673 [INFO] Presionar Ctrl+C para detener.
2026-09-16 08:51:59,316 [INFO] ============================================================
2026-09-16 08:51:59,317 [INFO] ASFI SCIP Monitor iniciado
2026-09-16 08:51:59,317 [INFO]   Usuario  : thomas.clavijo@comarapa.coop
2026-09-16 08:51:59,318 [INFO]   Intervalo: 15 minutos
2026-09-16 08:51:59,318 [INFO]   Headless : True
2026-09-16 08:51:59,318 [INFO]   Días atrás: 1
2026-09-16 08:51:59,318 [INFO]   Salida detallada: False
2026-09-16 08:51:59,318 [INFO] ============================================================
2026-09-16 08:51:59,870 [INFO] [NOTIFICACION] ASFI/SCIP Monitor iniciado: Monitoreando reportes cada 15 min.
2026-09-16 08:52:11,445 [INFO] ============================================================
2026-09-16 08:52:11,445 [INFO] Iniciando revisión: 2026-09-16 08:52:11
2026-09-16 08:52:11,511 [INFO] Rangos de consulta: 15/9/2026 a 15/9/2026
2026-09-16 08:52:11,512 [INFO] Fechas a consultar: 15/9/2026 a 15/9/2026
2026-09-16 08:52:13,671 [INFO] Iniciando navegador Chromium...
2026-09-16 08:52:25,048 [INFO] Abriendo login: https://appweb.asfi.gob.bo/SCIP/Login.aspx?ReturnUrl=%2fSCIP%2fmControlPlazos%2fControlPlazos.aspx
2026-09-16 08:52:30,474 [INFO] Ingresando credenciales...
2026-09-16 08:52:34,981 [INFO] Login exitoso
2026-09-16 08:52:50,913 [INFO] Procesando pagina 1 de la tabla...
2026-09-16 08:52:50,945 [INFO] Filas encontradas en pagina 1: 5
2026-09-16 08:52:51,539 [INFO] Navegador cerrado.
2026-09-16 08:52:51,567 [INFO] Filas fuera de las obligaciones vigentes ignoradas: 1
2026-09-16 08:52:51,626 [INFO] Validando obligaciones configuradas para 15/9/2026...
2026-09-16 08:52:51,626 [INFO] Reportes mensuales enviados fuera de plazo; se mantienen en Reportes Vencidos sin enviar alerta: ['Reporte de transacciones relativas a la compra de activos virtuales']
2026-09-16 08:52:51,626 [INFO] Reportes diarios aún sin enviar (dentro de plazo): 5
2026-09-16 08:52:51,626 [INFO] [NOTIFICACION] ? ASFI/SCIP Monitor - 5 reportes diarios sin enviar: Corte: 15/9/2026
L?mite de env?o: 2026-09-16 12:00:00

  ? Ampliaci?n de plazo de reclamos de primer
2026-09-16 08:53:03,092 [INFO] Estado de los reportes (4 ✅ | 0 ❌ | 0 ⚠️ | 1 ⏱️ | 5 ⏳):
2026-09-16 08:53:03,092 [INFO]   ✅ D007 IF - Diario Operaciones Interbancarias (CCM | corte 2026-09-15)
2026-09-16 08:53:03,093 [INFO]   ✅ D006 IF - Diario Tasas de Interés Activas (CCM | corte 2026-09-15)
2026-09-16 08:53:03,093 [INFO]   ✅ D008 IF - Diario Tipo de Cambio (CCM | corte 2026-09-15)
2026-09-16 08:53:03,093 [INFO]   ✅ D008 IF - Diario Tipo de Cambio (CCM | corte 2026-09-15)
2026-09-16 08:53:03,093 [INFO]   ⏳ Ampliación de plazo de reclamos de primera instancia (SIN ENVIAR - dentro de plazo)
2026-09-16 08:53:03,093 [INFO]   ⏳ D001-D005 IF - Diario Encaje (SIN ENVIAR - dentro de plazo)
2026-09-16 08:53:03,093 [INFO]   ⏳ D012 - Créditos refinanciados y/o reprogramados (SIN ENVIAR - dentro de plazo)
2026-09-16 08:53:03,094 [INFO]   ⏳ REPORTE DIARIO DE RETIRO DE DEPÓSITOS EN MONEDA EXTRANJERA (SIN ENVIAR - dentro de plazo)
2026-09-16 08:53:03,094 [INFO]   ⏳ Reporte de Transacciones con el Exterior Diario (SIN ENVIAR - dentro de plazo)
2026-09-16 08:53:03,094 [INFO]   ⏱️ Reporte de transacciones relativas a la compra de activos virtuales (MENSUAL ENVIADO FUERA DE PLAZO)
2026-09-16 08:53:03,094 [INFO] Resumen: 4 exitosos | 0 pendientes | 0 errores | 0 faltantes | 1 tardíos | 5 sin enviar (dentro de plazo)
2026-09-16 08:53:03,095 [INFO] Revisión completada. Próxima en 15 min.
2026-09-16 08:53:03,096 [INFO] Scheduler activo. Revisando cada 15 minutos.
2026-09-16 08:53:03,096 [INFO] Presionar Ctrl+C para detener.
2026-09-16 08:54:01,778 [INFO] Monitor detenido por el usuario.
2026-09-16 08:54:01,779 [INFO] [NOTIFICACION] ASFI/SCIP Monitor detenido: El monitoreo fue detenido manualmente.
2026-09-16 09:07:57,208 [INFO] ============================================================
2026-09-16 09:07:57,208 [INFO] ASFI SCIP Monitor iniciado
2026-09-16 09:07:57,208 [INFO]   Usuario  : thomas.clavijo@comarapa.coop
2026-09-16 09:07:57,209 [INFO]   Intervalo: 15 minutos
2026-09-16 09:07:57,209 [INFO]   Headless : True
2026-09-16 09:07:57,209 [INFO]   Días atrás: 1
2026-09-16 09:07:57,209 [INFO]   Salida detallada: False
2026-09-16 09:07:57,209 [INFO] ============================================================
2026-09-16 09:07:58,751 [INFO] [NOTIFICACION] ASFI/SCIP Monitor iniciado: Monitoreando reportes cada 15 min.
2026-09-16 09:08:11,543 [INFO] ============================================================
2026-09-16 09:08:11,544 [INFO] Iniciando revisión: 2026-09-16 09:08:11
2026-09-16 09:08:11,607 [INFO] Rangos de consulta: 15/9/2026 a 15/9/2026
2026-09-16 09:08:11,608 [INFO] Fechas a consultar: 15/9/2026 a 15/9/2026
2026-09-16 09:08:13,915 [INFO] Iniciando navegador Chromium...
2026-09-16 09:08:26,426 [INFO] Abriendo login: https://appweb.asfi.gob.bo/SCIP/Login.aspx?ReturnUrl=%2fSCIP%2fmControlPlazos%2fControlPlazos.aspx
2026-09-16 09:08:32,012 [INFO] Ingresando credenciales...
2026-09-16 09:08:36,737 [INFO] Login exitoso
2026-09-16 09:08:52,808 [INFO] Procesando pagina 1 de la tabla...
2026-09-16 09:08:52,845 [INFO] Filas encontradas en pagina 1: 10
2026-09-16 09:08:54,152 [INFO] Navegador cerrado.
2026-09-16 09:08:54,181 [INFO] Filas fuera de las obligaciones vigentes ignoradas: 1
2026-09-16 09:08:54,767 [INFO] Validando obligaciones configuradas para 15/9/2026...
2026-09-16 09:08:54,768 [INFO] Reportes mensuales enviados fuera de plazo; se mantienen en Reportes Vencidos sin enviar alerta: ['Reporte de transacciones relativas a la compra de activos virtuales']
2026-09-16 09:08:54,773 [INFO] Estado de los reportes (9 ✅ | 0 ❌ | 0 ⚠️ | 1 ⏱️ | 0 ⏳):
2026-09-16 09:08:54,773 [INFO]   ✅ D007 IF - Diario Operaciones Interbancarias (CCM | corte 2026-09-15)
2026-09-16 09:08:54,773 [INFO]   ✅ D006 IF - Diario Tasas de Interés Activas (CCM | corte 2026-09-15)
2026-09-16 09:08:54,774 [INFO]   ✅ D008 IF - Diario Tipo de Cambio (CCM | corte 2026-09-15)
2026-09-16 09:08:54,774 [INFO]   ✅ D008 IF - Diario Tipo de Cambio (CCM | corte 2026-09-15)
2026-09-16 09:08:54,774 [INFO]   ✅ Ampliación de plazo de reclamos de primera instancia (CCM | corte 2026-09-15)
2026-09-16 09:08:54,774 [INFO]   ✅ Reporte de Transacciones con el Exterior Diario (CCM | corte 2026-09-15)
2026-09-16 09:08:54,774 [INFO]   ✅ D001-D005 IF - Diario Encaje (CCM | corte 2026-09-15)
2026-09-16 09:08:54,774 [INFO]   ✅ D012 - Créditos refinanciados y/o reprogramados (CCM | corte 2026-09-15)
2026-09-16 09:08:54,774 [INFO]   ✅ REPORTE DIARIO DE RETIRO DE DEPÓSITOS EN MONEDA EXTRANJERA (CCM | corte 2026-09-15)
2026-09-16 09:08:54,774 [INFO]   ⏱️ Reporte de transacciones relativas a la compra de activos virtuales (MENSUAL ENVIADO FUERA DE PLAZO)
2026-09-16 09:08:54,774 [INFO] Resumen: 9 exitosos | 0 pendientes | 0 errores | 0 faltantes | 1 tardíos | 0 sin enviar (dentro de plazo)
2026-09-16 09:08:54,778 [INFO] Revisión completada. Próxima en 15 min.
2026-09-16 09:08:54,778 [INFO] Scheduler activo. Revisando cada 15 minutos.
2026-09-16 09:08:54,778 [INFO] Presionar Ctrl+C para detener.
2026-09-16 09:09:15,906 [INFO] Monitor detenido por el usuario.
2026-09-16 09:09:15,906 [INFO] [NOTIFICACION] ASFI/SCIP Monitor detenido: El monitoreo fue detenido manualmente.
2026-09-16 09:09:31,046 [INFO] ============================================================
2026-09-16 09:09:31,046 [INFO] ASFI SCIP Monitor iniciado
2026-09-16 09:09:31,046 [INFO]   Usuario  : thomas.clavijo@comarapa.coop
2026-09-16 09:09:31,046 [INFO]   Intervalo: 15 minutos
2026-09-16 09:09:31,046 [INFO]   Headless : True
2026-09-16 09:09:31,046 [INFO]   Días atrás: 1
2026-09-16 09:09:31,046 [INFO]   Salida detallada: False
2026-09-16 09:09:31,046 [INFO] ============================================================
2026-09-16 09:09:31,744 [INFO] [NOTIFICACION] ASFI/SCIP Monitor iniciado: Monitoreando reportes cada 15 min.
2026-09-16 09:09:43,732 [INFO] ============================================================
2026-09-16 09:09:43,732 [INFO] Iniciando revisión: 2026-09-16 09:09:43
2026-09-16 09:09:43,781 [INFO] Rangos de consulta: 15/9/2026 a 15/9/2026
2026-09-16 09:09:43,782 [INFO] Fechas a consultar: 15/9/2026 a 15/9/2026
2026-09-16 09:09:44,937 [INFO] Iniciando navegador Chromium...
2026-09-16 09:09:53,955 [INFO] Abriendo login: https://appweb.asfi.gob.bo/SCIP/Login.aspx?ReturnUrl=%2fSCIP%2fmControlPlazos%2fControlPlazos.aspx
2026-09-16 09:09:57,145 [INFO] Ingresando credenciales...
2026-09-16 09:10:01,779 [INFO] Login exitoso
2026-09-16 09:10:18,756 [INFO] Procesando pagina 1 de la tabla...
2026-09-16 09:10:18,782 [INFO] Filas encontradas en pagina 1: 10
2026-09-16 09:10:19,549 [INFO] Navegador cerrado.
2026-09-16 09:10:19,576 [INFO] Filas fuera de las obligaciones vigentes ignoradas: 1
2026-09-16 09:10:19,618 [INFO] Validando obligaciones configuradas para 15/9/2026...
2026-09-16 09:10:19,618 [INFO] Reportes mensuales enviados fuera de plazo; se mantienen en Reportes Vencidos sin enviar alerta: ['Reporte de transacciones relativas a la compra de activos virtuales']
2026-09-16 09:10:19,620 [INFO] Estado de los reportes (9 ✅ | 0 ❌ | 0 ⚠️ | 1 ⏱️ | 0 ⏳):
2026-09-16 09:10:19,620 [INFO]   ✅ D007 IF - Diario Operaciones Interbancarias (CCM | corte 2026-09-15)
2026-09-16 09:10:19,620 [INFO]   ✅ D006 IF - Diario Tasas de Interés Activas (CCM | corte 2026-09-15)
2026-09-16 09:10:19,620 [INFO]   ✅ D008 IF - Diario Tipo de Cambio (CCM | corte 2026-09-15)
2026-09-16 09:10:19,620 [INFO]   ✅ D008 IF - Diario Tipo de Cambio (CCM | corte 2026-09-15)
2026-09-16 09:10:19,620 [INFO]   ✅ Ampliación de plazo de reclamos de primera instancia (CCM | corte 2026-09-15)
2026-09-16 09:10:19,620 [INFO]   ✅ Reporte de Transacciones con el Exterior Diario (CCM | corte 2026-09-15)
2026-09-16 09:10:19,620 [INFO]   ✅ D001-D005 IF - Diario Encaje (CCM | corte 2026-09-15)
2026-09-16 09:10:19,620 [INFO]   ✅ D012 - Créditos refinanciados y/o reprogramados (CCM | corte 2026-09-15)
2026-09-16 09:10:19,620 [INFO]   ✅ REPORTE DIARIO DE RETIRO DE DEPÓSITOS EN MONEDA EXTRANJERA (CCM | corte 2026-09-15)
2026-09-16 09:10:19,620 [INFO]   ⏱️ Reporte de transacciones relativas a la compra de activos virtuales (MENSUAL ENVIADO FUERA DE PLAZO)
2026-09-16 09:10:19,620 [INFO] Resumen: 9 exitosos | 0 pendientes | 0 errores | 0 faltantes | 1 tardíos | 0 sin enviar (dentro de plazo)
2026-09-16 09:10:19,622 [INFO] Revisión completada. Próxima en 15 min.
2026-09-16 09:10:19,622 [INFO] Scheduler activo. Revisando cada 15 minutos.
2026-09-16 09:10:19,622 [INFO] Presionar Ctrl+C para detener.
2026-09-16 09:14:08,323 [INFO] Monitor detenido por el usuario.
2026-09-16 09:14:08,323 [INFO] [NOTIFICACION] ASFI/SCIP Monitor detenido: El monitoreo fue detenido manualmente.
2026-09-16 09:14:22,198 [INFO] ============================================================
2026-09-16 09:14:22,198 [INFO] ASFI SCIP Monitor iniciado
2026-09-16 09:14:22,198 [INFO]   Usuario  : thomas.clavijo@comarapa.coop
2026-09-16 09:14:22,198 [INFO]   Intervalo: 15 minutos
2026-09-16 09:14:22,198 [INFO]   Headless : True
2026-09-16 09:14:22,198 [INFO]   Días atrás: 1
2026-09-16 09:14:22,199 [INFO]   Salida detallada: False
2026-09-16 09:14:22,199 [INFO] ============================================================
2026-09-16 09:14:22,552 [INFO] [NOTIFICACION] ASFI/SCIP Monitor iniciado: Monitoreando reportes cada 15 min.
2026-09-16 09:14:34,189 [INFO] ============================================================
2026-09-16 09:14:34,190 [INFO] Iniciando revisión: 2026-09-16 09:14:34
2026-09-16 09:14:34,313 [INFO] Rangos de consulta: 15/9/2026 a 15/9/2026
2026-09-16 09:14:34,314 [INFO] Fechas a consultar: 15/9/2026 a 15/9/2026
2026-09-16 09:14:36,340 [INFO] Iniciando navegador Chromium...
2026-09-16 09:14:43,007 [INFO] Abriendo login: https://appweb.asfi.gob.bo/SCIP/Login.aspx?ReturnUrl=%2fSCIP%2fmControlPlazos%2fControlPlazos.aspx
2026-09-16 09:14:46,233 [INFO] Ingresando credenciales...
2026-09-16 09:14:50,758 [INFO] Login exitoso
2026-09-16 09:15:07,016 [INFO] Procesando pagina 1 de la tabla...
2026-09-16 09:15:07,044 [INFO] Filas encontradas en pagina 1: 10
2026-09-16 09:15:07,863 [INFO] Navegador cerrado.
2026-09-16 09:15:07,889 [INFO] Filas fuera de las obligaciones vigentes ignoradas: 1
2026-09-16 09:15:07,950 [INFO] Validando obligaciones configuradas para 15/9/2026...
2026-09-16 09:15:07,950 [INFO] Reportes mensuales enviados fuera de plazo; se mantienen en Reportes Vencidos sin enviar alerta: ['Reporte de transacciones relativas a la compra de activos virtuales']
2026-09-16 09:15:07,953 [INFO] Estado de los reportes (9 ✅ | 0 ❌ | 0 ⚠️ | 1 ⏱️ | 0 ⏳):
2026-09-16 09:15:07,953 [INFO]   ✅ D007 IF - Diario Operaciones Interbancarias (CCM | corte 2026-09-15)
2026-09-16 09:15:07,953 [INFO]   ✅ D006 IF - Diario Tasas de Interés Activas (CCM | corte 2026-09-15)
2026-09-16 09:15:07,953 [INFO]   ✅ D008 IF - Diario Tipo de Cambio (CCM | corte 2026-09-15)
2026-09-16 09:15:07,953 [INFO]   ✅ D008 IF - Diario Tipo de Cambio (CCM | corte 2026-09-15)
2026-09-16 09:15:07,953 [INFO]   ✅ Ampliación de plazo de reclamos de primera instancia (CCM | corte 2026-09-15)
2026-09-16 09:15:07,953 [INFO]   ✅ Reporte de Transacciones con el Exterior Diario (CCM | corte 2026-09-15)
2026-09-16 09:15:07,953 [INFO]   ✅ D001-D005 IF - Diario Encaje (CCM | corte 2026-09-15)
2026-09-16 09:15:07,953 [INFO]   ✅ D012 - Créditos refinanciados y/o reprogramados (CCM | corte 2026-09-15)
2026-09-16 09:15:07,953 [INFO]   ✅ REPORTE DIARIO DE RETIRO DE DEPÓSITOS EN MONEDA EXTRANJERA (CCM | corte 2026-09-15)
2026-09-16 09:15:07,954 [INFO]   ⏱️ Reporte de transacciones relativas a la compra de activos virtuales (MENSUAL ENVIADO FUERA DE PLAZO)
2026-09-16 09:15:07,954 [INFO] Resumen: 9 exitosos | 0 pendientes | 0 errores | 0 faltantes | 1 tardíos | 0 sin enviar (dentro de plazo)
2026-09-16 09:15:07,955 [INFO] Revisión completada. Próxima en 15 min.
2026-09-16 09:15:07,956 [INFO] Scheduler activo. Revisando cada 15 minutos.
2026-09-16 09:15:07,956 [INFO] Presionar Ctrl+C para detener.
2026-09-16 09:15:11,674 [INFO] Monitor detenido por el usuario.
2026-09-16 09:15:11,674 [INFO] [NOTIFICACION] ASFI/SCIP Monitor detenido: El monitoreo fue detenido manualmente.
2026-09-16 09:15:31,081 [INFO] ============================================================
2026-09-16 09:15:31,082 [INFO] ASFI SCIP Monitor iniciado
2026-09-16 09:15:31,082 [INFO]   Usuario  : thomas.clavijo@comarapa.coop
2026-09-16 09:15:31,082 [INFO]   Intervalo: 15 minutos
2026-09-16 09:15:31,082 [INFO]   Headless : True
2026-09-16 09:15:31,083 [INFO]   Días atrás: 1
2026-09-16 09:15:31,083 [INFO]   Salida detallada: True
2026-09-16 09:15:31,083 [INFO] ============================================================
2026-09-16 09:15:31,311 [INFO] [NOTIFICACION] ASFI/SCIP Monitor iniciado: Monitoreando reportes cada 15 min.
2026-09-16 09:15:42,811 [INFO] ============================================================
2026-09-16 09:15:42,812 [INFO] Iniciando revisión: 2026-09-16 09:15:42
2026-09-16 09:15:42,861 [INFO] Rangos de consulta: 15/9/2026 a 15/9/2026
2026-09-16 09:15:42,862 [INFO] Fechas a consultar: 15/9/2026 a 15/9/2026
2026-09-16 09:15:44,027 [INFO] Iniciando navegador Chromium...
2026-09-16 09:15:52,574 [INFO] Abriendo login: https://appweb.asfi.gob.bo/SCIP/Login.aspx?ReturnUrl=%2fSCIP%2fmControlPlazos%2fControlPlazos.aspx
2026-09-16 09:15:55,577 [INFO] Ingresando credenciales...
2026-09-16 09:16:00,008 [INFO] Login exitoso
2026-09-16 09:16:22,968 [INFO] Procesando pagina 1 de la tabla...
2026-09-16 09:16:23,003 [INFO] Filas encontradas en pagina 1: 10
2026-09-16 09:16:23,838 [INFO] Navegador cerrado.
2026-09-16 09:16:23,871 [INFO] Filas fuera de las obligaciones vigentes ignoradas: 1
2026-09-16 09:16:23,928 [INFO] Validando obligaciones configuradas para 15/9/2026...
2026-09-16 09:16:23,928 [INFO] Reportes mensuales enviados fuera de plazo; se mantienen en Reportes Vencidos sin enviar alerta: ['Reporte de transacciones relativas a la compra de activos virtuales']
2026-09-16 09:16:23,932 [INFO] Estado de los reportes (9 ✅ | 0 ❌ | 0 ⚠️ | 1 ⏱️ | 0 ⏳):
2026-09-16 09:16:23,932 [INFO]   ✅ D007 IF - Diario Operaciones Interbancarias (CCM | corte 2026-09-15)
2026-09-16 09:16:23,933 [INFO]   ✅ D006 IF - Diario Tasas de Interés Activas (CCM | corte 2026-09-15)
2026-09-16 09:16:23,933 [INFO]   ✅ D008 IF - Diario Tipo de Cambio (CCM | corte 2026-09-15)
2026-09-16 09:16:23,933 [INFO]   ✅ D008 IF - Diario Tipo de Cambio (CCM | corte 2026-09-15)
2026-09-16 09:16:23,934 [INFO]   ✅ Ampliación de plazo de reclamos de primera instancia (CCM | corte 2026-09-15)
2026-09-16 09:16:23,935 [INFO]   ✅ Reporte de Transacciones con el Exterior Diario (CCM | corte 2026-09-15)
2026-09-16 09:16:23,936 [INFO]   ✅ D001-D005 IF - Diario Encaje (CCM | corte 2026-09-15)
2026-09-16 09:16:23,936 [INFO]   ✅ D012 - Créditos refinanciados y/o reprogramados (CCM | corte 2026-09-15)
2026-09-16 09:16:23,937 [INFO]   ✅ REPORTE DIARIO DE RETIRO DE DEPÓSITOS EN MONEDA EXTRANJERA (CCM | corte 2026-09-15)
2026-09-16 09:16:23,937 [INFO]   ⏱️ Reporte de transacciones relativas a la compra de activos virtuales (MENSUAL ENVIADO FUERA DE PLAZO)
2026-09-16 09:16:23,938 [INFO] Resumen: 9 exitosos | 0 pendientes | 0 errores | 0 faltantes | 1 tardíos | 0 sin enviar (dentro de plazo)
2026-09-16 09:16:23,940 [INFO] Revisión completada. Próxima en 15 min.
2026-09-16 09:16:23,942 [INFO] Scheduler activo. Revisando cada 15 minutos.
2026-09-16 09:16:23,943 [INFO] Presionar Ctrl+C para detener.
2026-09-16 09:31:23,960 [INFO] ============================================================
2026-09-16 09:31:23,962 [INFO] Iniciando revisión: 2026-09-16 09:31:23
2026-09-16 09:31:24,031 [INFO] Rangos de consulta: 15/9/2026 a 15/9/2026
2026-09-16 09:31:24,032 [INFO] Fechas a consultar: 15/9/2026 a 15/9/2026
2026-09-16 09:31:25,200 [INFO] Iniciando navegador Chromium...
2026-09-16 09:31:30,779 [INFO] Abriendo login: https://appweb.asfi.gob.bo/SCIP/Login.aspx?ReturnUrl=%2fSCIP%2fmControlPlazos%2fControlPlazos.aspx
2026-09-16 09:31:36,329 [INFO] Ingresando credenciales...
2026-09-16 09:31:40,970 [INFO] Login exitoso
2026-09-16 09:31:57,853 [INFO] Procesando pagina 1 de la tabla...
2026-09-16 09:31:57,927 [INFO] Filas encontradas en pagina 1: 10
2026-09-16 09:31:59,912 [INFO] Navegador cerrado.
2026-09-16 09:32:00,071 [INFO] Filas fuera de las obligaciones vigentes ignoradas: 1
2026-09-16 09:32:00,488 [INFO] Validando obligaciones configuradas para 15/9/2026...
2026-09-16 09:32:00,489 [INFO] Reportes mensuales enviados fuera de plazo; se mantienen en Reportes Vencidos sin enviar alerta: ['Reporte de transacciones relativas a la compra de activos virtuales']
2026-09-16 09:32:00,494 [INFO] Estado de los reportes (9 ✅ | 0 ❌ | 0 ⚠️ | 1 ⏱️ | 0 ⏳):
2026-09-16 09:32:00,494 [INFO]   ✅ D007 IF - Diario Operaciones Interbancarias (CCM | corte 2026-09-15)
2026-09-16 09:32:00,495 [INFO]   ✅ D006 IF - Diario Tasas de Interés Activas (CCM | corte 2026-09-15)
2026-09-16 09:32:00,495 [INFO]   ✅ D008 IF - Diario Tipo de Cambio (CCM | corte 2026-09-15)
2026-09-16 09:32:00,495 [INFO]   ✅ D008 IF - Diario Tipo de Cambio (CCM | corte 2026-09-15)
2026-09-16 09:32:00,496 [INFO]   ✅ Ampliación de plazo de reclamos de primera instancia (CCM | corte 2026-09-15)
2026-09-16 09:32:00,496 [INFO]   ✅ Reporte de Transacciones con el Exterior Diario (CCM | corte 2026-09-15)
2026-09-16 09:32:00,496 [INFO]   ✅ D001-D005 IF - Diario Encaje (CCM | corte 2026-09-15)
2026-09-16 09:32:00,496 [INFO]   ✅ D012 - Créditos refinanciados y/o reprogramados (CCM | corte 2026-09-15)
2026-09-16 09:32:00,497 [INFO]   ✅ REPORTE DIARIO DE RETIRO DE DEPÓSITOS EN MONEDA EXTRANJERA (CCM | corte 2026-09-15)
2026-09-16 09:32:00,497 [INFO]   ⏱️ Reporte de transacciones relativas a la compra de activos virtuales (MENSUAL ENVIADO FUERA DE PLAZO)
2026-09-16 09:32:00,497 [INFO] Resumen: 9 exitosos | 0 pendientes | 0 errores | 0 faltantes | 1 tardíos | 0 sin enviar (dentro de plazo)
2026-09-16 09:32:00,500 [INFO] Revisión completada. Próxima en 15 min.
2026-09-16 09:34:49,465 [INFO] Monitor detenido por el usuario.
2026-09-16 09:34:49,467 [INFO] [NOTIFICACION] ASFI/SCIP Monitor detenido: El monitoreo fue detenido manualmente.
2026-09-16 09:35:10,162 [INFO] ============================================================
2026-09-16 09:35:10,162 [INFO] ASFI SCIP Monitor iniciado
2026-09-16 09:35:10,162 [INFO]   Usuario  : thomas.clavijo@comarapa.coop
2026-09-16 09:35:10,163 [INFO]   Intervalo: 15 minutos
2026-09-16 09:35:10,163 [INFO]   Headless : True
2026-09-16 09:35:10,163 [INFO]   Días atrás: 1
2026-09-16 09:35:10,163 [INFO]   Salida detallada: False
2026-09-16 09:35:10,163 [INFO] ============================================================
2026-09-16 09:35:10,608 [INFO] [NOTIFICACION] ASFI/SCIP Monitor iniciado: Monitoreando reportes cada 15 min.
2026-09-16 09:35:22,150 [INFO] ============================================================
2026-09-16 09:35:22,150 [INFO] Iniciando revisión: 2026-09-16 09:35:22
2026-09-16 09:35:22,196 [INFO] Rangos de consulta: 15/9/2026 a 15/9/2026
2026-09-16 09:35:22,197 [INFO] Fechas a consultar: 15/9/2026 a 15/9/2026
2026-09-16 09:35:23,113 [INFO] Iniciando navegador Chromium...
2026-09-16 09:35:28,644 [INFO] Abriendo login: https://appweb.asfi.gob.bo/SCIP/Login.aspx?ReturnUrl=%2fSCIP%2fmControlPlazos%2fControlPlazos.aspx
2026-09-16 09:35:31,679 [INFO] Ingresando credenciales...
2026-09-16 09:35:36,530 [INFO] Login exitoso
2026-09-16 09:35:53,271 [INFO] Procesando pagina 1 de la tabla...
2026-09-16 09:35:53,301 [INFO] Filas encontradas en pagina 1: 10
2026-09-16 09:35:53,987 [INFO] Navegador cerrado.
2026-09-16 09:35:54,007 [INFO] Filas fuera de las obligaciones vigentes ignoradas: 1
2026-09-16 09:35:54,044 [INFO] Validando obligaciones configuradas para 15/9/2026...
2026-09-16 09:35:54,044 [INFO] Reportes mensuales enviados fuera de plazo; se mantienen en Reportes Vencidos sin enviar alerta: ['Reporte de transacciones relativas a la compra de activos virtuales']
2026-09-16 09:35:54,046 [INFO] Estado de los reportes (9 ✅ | 0 ❌ | 0 ⚠️ | 1 ⏱️ | 0 ⏳):
2026-09-16 09:35:54,046 [INFO]   ✅ D007 IF - Diario Operaciones Interbancarias (CCM | corte 2026-09-15)
2026-09-16 09:35:54,047 [INFO]   ✅ D006 IF - Diario Tasas de Interés Activas (CCM | corte 2026-09-15)
2026-09-16 09:35:54,047 [INFO]   ✅ D008 IF - Diario Tipo de Cambio (CCM | corte 2026-09-15)
2026-09-16 09:35:54,047 [INFO]   ✅ D008 IF - Diario Tipo de Cambio (CCM | corte 2026-09-15)
2026-09-16 09:35:54,047 [INFO]   ✅ Ampliación de plazo de reclamos de primera instancia (CCM | corte 2026-09-15)
2026-09-16 09:35:54,047 [INFO]   ✅ Reporte de Transacciones con el Exterior Diario (CCM | corte 2026-09-15)
2026-09-16 09:35:54,047 [INFO]   ✅ D001-D005 IF - Diario Encaje (CCM | corte 2026-09-15)
2026-09-16 09:35:54,047 [INFO]   ✅ D012 - Créditos refinanciados y/o reprogramados (CCM | corte 2026-09-15)
2026-09-16 09:35:54,047 [INFO]   ✅ REPORTE DIARIO DE RETIRO DE DEPÓSITOS EN MONEDA EXTRANJERA (CCM | corte 2026-09-15)
2026-09-16 09:35:54,047 [INFO]   ⏱️ Reporte de transacciones relativas a la compra de activos virtuales (MENSUAL ENVIADO FUERA DE PLAZO)
2026-09-16 09:35:54,047 [INFO] Resumen: 9 exitosos | 0 pendientes | 0 errores | 0 faltantes | 1 tardíos | 0 sin enviar (dentro de plazo)
2026-09-16 09:35:54,048 [INFO] Revisión completada. Próxima en 15 min.
2026-09-16 09:35:54,049 [INFO] Scheduler activo. Revisando cada 15 minutos.
2026-09-16 09:35:54,049 [INFO] Presionar Ctrl+C para detener.
2026-09-16 09:37:24,943 [INFO] Monitor detenido por el usuario.
2026-09-16 09:37:24,944 [INFO] [NOTIFICACION] ASFI/SCIP Monitor detenido: El monitoreo fue detenido manualmente.
2026-09-16 09:37:39,132 [INFO] ============================================================
2026-09-16 09:37:39,132 [INFO] ASFI SCIP Monitor iniciado
2026-09-16 09:37:39,132 [INFO]   Usuario  : thomas.clavijo@comarapa.coop
2026-09-16 09:37:39,133 [INFO]   Intervalo: 15 minutos
2026-09-16 09:37:39,133 [INFO]   Headless : True
2026-09-16 09:37:39,133 [INFO]   Días atrás: 1
2026-09-16 09:37:39,133 [INFO]   Salida detallada: False
2026-09-16 09:37:39,133 [INFO] ============================================================
2026-09-16 09:37:39,299 [INFO] [NOTIFICACION] ASFI/SCIP Monitor iniciado: Monitoreando reportes cada 15 min.
2026-09-16 09:37:50,679 [INFO] ============================================================
2026-09-16 09:37:50,679 [INFO] Iniciando revisión: 2026-09-16 09:37:50
2026-09-16 09:37:50,732 [INFO] Rangos de consulta: 15/9/2026 a 15/9/2026
2026-09-16 09:37:50,733 [INFO] Fechas a consultar: 15/9/2026 a 15/9/2026
2026-09-16 09:37:51,646 [INFO] Iniciando navegador Chromium...
2026-09-16 09:37:56,470 [INFO] Abriendo login: https://appweb.asfi.gob.bo/SCIP/Login.aspx?ReturnUrl=%2fSCIP%2fmControlPlazos%2fControlPlazos.aspx
2026-09-16 09:37:59,526 [INFO] Ingresando credenciales...
2026-09-16 09:38:04,029 [INFO] Login exitoso
2026-09-16 09:38:20,273 [INFO] Procesando pagina 1 de la tabla...
2026-09-16 09:38:20,307 [INFO] Filas encontradas en pagina 1: 10
2026-09-16 09:38:20,994 [INFO] Navegador cerrado.
2026-09-16 09:38:21,011 [INFO] Filas fuera de las obligaciones vigentes ignoradas: 1
2026-09-16 09:38:21,059 [INFO] Validando obligaciones configuradas para 15/9/2026...
2026-09-16 09:38:21,059 [INFO] Reportes mensuales enviados fuera de plazo; se mantienen en Reportes Vencidos sin enviar alerta: ['Reporte de transacciones relativas a la compra de activos virtuales']
2026-09-16 09:38:21,062 [INFO] Estado de los reportes (9 ✅ | 0 ❌ | 0 ⚠️ | 1 ⏱️ | 0 ⏳):
2026-09-16 09:38:21,062 [INFO]   ✅ D007 IF - Diario Operaciones Interbancarias (CCM | corte 2026-09-15)
2026-09-16 09:38:21,062 [INFO]   ✅ D006 IF - Diario Tasas de Interés Activas (CCM | corte 2026-09-15)
2026-09-16 09:38:21,062 [INFO]   ✅ D008 IF - Diario Tipo de Cambio (CCM | corte 2026-09-15)
2026-09-16 09:38:21,062 [INFO]   ✅ D008 IF - Diario Tipo de Cambio (CCM | corte 2026-09-15)
2026-09-16 09:38:21,062 [INFO]   ✅ Ampliación de plazo de reclamos de primera instancia (CCM | corte 2026-09-15)
2026-09-16 09:38:21,062 [INFO]   ✅ Reporte de Transacciones con el Exterior Diario (CCM | corte 2026-09-15)
2026-09-16 09:38:21,062 [INFO]   ✅ D001-D005 IF - Diario Encaje (CCM | corte 2026-09-15)
2026-09-16 09:38:21,062 [INFO]   ✅ D012 - Créditos refinanciados y/o reprogramados (CCM | corte 2026-09-15)
2026-09-16 09:38:21,062 [INFO]   ✅ REPORTE DIARIO DE RETIRO DE DEPÓSITOS EN MONEDA EXTRANJERA (CCM | corte 2026-09-15)
2026-09-16 09:38:21,063 [INFO]   ⏱️ Reporte de transacciones relativas a la compra de activos virtuales (MENSUAL ENVIADO FUERA DE PLAZO)
2026-09-16 09:38:21,063 [INFO] Resumen: 9 exitosos | 0 pendientes | 0 errores | 0 faltantes | 1 tardíos | 0 sin enviar (dentro de plazo)
2026-09-16 09:38:21,064 [INFO] Revisión completada. Próxima en 15 min.
2026-09-16 09:38:21,065 [INFO] Scheduler activo. Revisando cada 15 minutos.
2026-09-16 09:38:21,065 [INFO] Presionar Ctrl+C para detener.
2026-09-16 09:43:04,602 [INFO] Monitor detenido por el usuario.
2026-09-16 09:43:04,602 [INFO] [NOTIFICACION] ASFI/SCIP Monitor detenido: El monitoreo fue detenido manualmente.
2026-09-16 09:43:41,691 [INFO] ============================================================
2026-09-16 09:43:41,691 [INFO] Iniciando revisión: 2026-09-16 09:43:41
2026-09-16 09:43:41,711 [INFO] Rangos de consulta: 15/9/2026 a 15/9/2026
2026-09-16 09:43:41,872 [INFO] Fechas a consultar: 15/9/2026 a 15/9/2026
2026-09-16 09:43:42,831 [INFO] Iniciando navegador Chromium...
2026-09-16 09:43:47,913 [INFO] Abriendo login: https://appweb.asfi.gob.bo/SCIP/Login.aspx?ReturnUrl=%2fSCIP%2fmControlPlazos%2fControlPlazos.aspx
2026-09-16 09:43:51,795 [INFO] Ingresando credenciales...
2026-09-16 09:43:56,475 [INFO] Login exitoso
2026-09-16 09:44:12,937 [INFO] Procesando pagina 1 de la tabla...
2026-09-16 09:44:12,965 [INFO] Filas encontradas en pagina 1: 10
2026-09-16 09:44:13,664 [INFO] Navegador cerrado.
2026-09-16 09:44:13,681 [INFO] Filas fuera de las obligaciones vigentes ignoradas: 1
2026-09-16 09:44:13,715 [INFO] Validando obligaciones configuradas para 15/9/2026...
2026-09-16 09:44:13,716 [INFO] Reportes mensuales enviados fuera de plazo; se mantienen en Reportes Vencidos sin enviar alerta: ['Reporte de transacciones relativas a la compra de activos virtuales']
2026-09-16 09:44:13,718 [INFO] Estado de los reportes (9 ✅ | 0 ❌ | 0 ⚠️ | 1 ⏱️ | 0 ⏳):
2026-09-16 09:44:13,718 [INFO]   ✅ D007 IF - Diario Operaciones Interbancarias (CCM | corte 2026-09-15)
2026-09-16 09:44:13,718 [INFO]   ✅ D006 IF - Diario Tasas de Interés Activas (CCM | corte 2026-09-15)
2026-09-16 09:44:13,718 [INFO]   ✅ D008 IF - Diario Tipo de Cambio (CCM | corte 2026-09-15)
2026-09-16 09:44:13,718 [INFO]   ✅ D008 IF - Diario Tipo de Cambio (CCM | corte 2026-09-15)
2026-09-16 09:44:13,718 [INFO]   ✅ Ampliación de plazo de reclamos de primera instancia (CCM | corte 2026-09-15)
2026-09-16 09:44:13,718 [INFO]   ✅ Reporte de Transacciones con el Exterior Diario (CCM | corte 2026-09-15)
2026-09-16 09:44:13,718 [INFO]   ✅ D001-D005 IF - Diario Encaje (CCM | corte 2026-09-15)
2026-09-16 09:44:13,718 [INFO]   ✅ D012 - Créditos refinanciados y/o reprogramados (CCM | corte 2026-09-15)
2026-09-16 09:44:13,718 [INFO]   ✅ REPORTE DIARIO DE RETIRO DE DEPÓSITOS EN MONEDA EXTRANJERA (CCM | corte 2026-09-15)
2026-09-16 09:44:13,718 [INFO]   ⏱️ Reporte de transacciones relativas a la compra de activos virtuales (MENSUAL ENVIADO FUERA DE PLAZO)
2026-09-16 09:44:13,718 [INFO] Resumen: 9 exitosos | 0 pendientes | 0 errores | 0 faltantes | 1 tardíos | 0 sin enviar (dentro de plazo)
2026-09-16 09:44:13,720 [INFO] Revisión completada. Próxima en 15 min.
2026-09-16 09:46:23,619 [INFO] ============================================================
2026-09-16 09:46:23,619 [INFO] ASFI SCIP Monitor iniciado
2026-09-16 09:46:23,619 [INFO]   Usuario  : thomas.clavijo@comarapa.coop
2026-09-16 09:46:23,619 [INFO]   Intervalo: 15 minutos
2026-09-16 09:46:23,619 [INFO]   Headless : True
2026-09-16 09:46:23,619 [INFO]   Días atrás: 1
2026-09-16 09:46:23,619 [INFO]   Salida detallada: False
2026-09-16 09:46:23,619 [INFO] ============================================================
2026-09-16 09:46:23,780 [INFO] [NOTIFICACION] ASFI/SCIP Monitor iniciado: Monitoreando reportes cada 15 min.
2026-09-16 09:46:35,211 [INFO] ============================================================
2026-09-16 09:46:35,212 [INFO] Iniciando revisión: 2026-09-16 09:46:35
2026-09-16 09:46:35,259 [INFO] Rangos de consulta: 15/9/2026 a 15/9/2026
2026-09-16 09:46:35,260 [INFO] Fechas a consultar: 15/9/2026 a 15/9/2026
2026-09-16 09:46:36,198 [INFO] Iniciando navegador Chromium...
2026-09-16 09:46:44,477 [INFO] Abriendo login: https://appweb.asfi.gob.bo/SCIP/Login.aspx?ReturnUrl=%2fSCIP%2fmControlPlazos%2fControlPlazos.aspx
2026-09-16 09:46:47,532 [INFO] Ingresando credenciales...
2026-09-16 09:46:52,118 [INFO] Login exitoso
2026-09-16 09:47:08,651 [INFO] Procesando pagina 1 de la tabla...
2026-09-16 09:47:08,688 [INFO] Filas encontradas en pagina 1: 10
2026-09-16 09:47:09,418 [INFO] Navegador cerrado.
2026-09-16 09:47:09,439 [INFO] Filas fuera de las obligaciones vigentes ignoradas: 1
2026-09-16 09:47:09,480 [INFO] Validando obligaciones configuradas para 15/9/2026...
2026-09-16 09:47:09,480 [INFO] Reportes mensuales enviados fuera de plazo; se mantienen en Reportes Vencidos sin enviar alerta: ['Reporte de transacciones relativas a la compra de activos virtuales']
2026-09-16 09:47:09,482 [INFO] Estado de los reportes (9 ✅ | 0 ❌ | 0 ⚠️ | 1 ⏱️ | 0 ⏳):
2026-09-16 09:47:09,482 [INFO]   ✅ D007 IF - Diario Operaciones Interbancarias (CCM | corte 2026-09-15)
2026-09-16 09:47:09,482 [INFO]   ✅ D006 IF - Diario Tasas de Interés Activas (CCM | corte 2026-09-15)
2026-09-16 09:47:09,482 [INFO]   ✅ D008 IF - Diario Tipo de Cambio (CCM | corte 2026-09-15)
2026-09-16 09:47:09,482 [INFO]   ✅ D008 IF - Diario Tipo de Cambio (CCM | corte 2026-09-15)
2026-09-16 09:47:09,482 [INFO]   ✅ Ampliación de plazo de reclamos de primera instancia (CCM | corte 2026-09-15)
2026-09-16 09:47:09,482 [INFO]   ✅ Reporte de Transacciones con el Exterior Diario (CCM | corte 2026-09-15)
2026-09-16 09:47:09,482 [INFO]   ✅ D001-D005 IF - Diario Encaje (CCM | corte 2026-09-15)
2026-09-16 09:47:09,482 [INFO]   ✅ D012 - Créditos refinanciados y/o reprogramados (CCM | corte 2026-09-15)
2026-09-16 09:47:09,483 [INFO]   ✅ REPORTE DIARIO DE RETIRO DE DEPÓSITOS EN MONEDA EXTRANJERA (CCM | corte 2026-09-15)
2026-09-16 09:47:09,483 [INFO]   ⏱️ Reporte de transacciones relativas a la compra de activos virtuales (MENSUAL ENVIADO FUERA DE PLAZO)
2026-09-16 09:47:09,483 [INFO] Resumen: 9 exitosos | 0 pendientes | 0 errores | 0 faltantes | 1 tardíos | 0 sin enviar (dentro de plazo)
2026-09-16 09:47:09,484 [INFO] Revisión completada. Próxima en 15 min.
2026-09-16 09:47:09,485 [INFO] Scheduler activo. Revisando cada 15 minutos.
2026-09-16 09:47:09,485 [INFO] Presionar Ctrl+C para detener.
2026-09-16 09:48:55,968 [INFO] Monitor detenido por el usuario.
2026-09-16 09:48:55,969 [INFO] [NOTIFICACION] ASFI/SCIP Monitor detenido: El monitoreo fue detenido manualmente.
2026-09-16 09:49:12,026 [INFO] ============================================================
2026-09-16 09:49:12,026 [INFO] ASFI SCIP Monitor iniciado
2026-09-16 09:49:12,026 [INFO]   Usuario  : thomas.clavijo@comarapa.coop
2026-09-16 09:49:12,027 [INFO]   Intervalo: 15 minutos
2026-09-16 09:49:12,027 [INFO]   Headless : True
2026-09-16 09:49:12,027 [INFO]   Días atrás: 1
2026-09-16 09:49:12,027 [INFO]   Salida detallada: False
2026-09-16 09:49:12,027 [INFO] ============================================================
2026-09-16 09:49:12,197 [INFO] [NOTIFICACION] ASFI/SCIP Monitor iniciado: Monitoreando reportes cada 15 min.
2026-09-16 09:49:23,593 [INFO] ============================================================
2026-09-16 09:49:23,593 [INFO] Iniciando revisión: 2026-09-16 09:49:23
2026-09-16 09:49:23,637 [INFO] Rangos de consulta: 15/9/2026 a 15/9/2026
2026-09-16 09:49:23,637 [INFO] Fechas a consultar: 15/9/2026 a 15/9/2026
2026-09-16 09:49:24,576 [INFO] Iniciando navegador Chromium...
2026-09-16 09:49:33,178 [INFO] Abriendo login: https://appweb.asfi.gob.bo/SCIP/Login.aspx?ReturnUrl=%2fSCIP%2fmControlPlazos%2fControlPlazos.aspx
2026-09-16 09:49:36,229 [INFO] Ingresando credenciales...
2026-09-16 09:49:40,658 [INFO] Login exitoso
2026-09-16 09:49:56,972 [INFO] Procesando pagina 1 de la tabla...
2026-09-16 09:49:57,000 [INFO] Filas encontradas en pagina 1: 10
2026-09-16 09:49:57,711 [INFO] Navegador cerrado.
2026-09-16 09:49:57,738 [INFO] Filas fuera de las obligaciones vigentes ignoradas: 1
2026-09-16 09:49:57,787 [INFO] Validando obligaciones configuradas para 15/9/2026...
2026-09-16 09:49:57,788 [INFO] Reportes mensuales enviados fuera de plazo; se mantienen en Reportes Vencidos sin enviar alerta: ['Reporte de transacciones relativas a la compra de activos virtuales']
2026-09-16 09:49:57,790 [INFO] Estado de los reportes (9 ✅ | 0 ❌ | 0 ⚠️ | 1 ⏱️ | 0 ⏳):
2026-09-16 09:49:57,790 [INFO]   ✅ D007 IF - Diario Operaciones Interbancarias (CCM | corte 2026-09-15)
2026-09-16 09:49:57,790 [INFO]   ✅ D006 IF - Diario Tasas de Interés Activas (CCM | corte 2026-09-15)
2026-09-16 09:49:57,790 [INFO]   ✅ D008 IF - Diario Tipo de Cambio (CCM | corte 2026-09-15)
2026-09-16 09:49:57,790 [INFO]   ✅ D008 IF - Diario Tipo de Cambio (CCM | corte 2026-09-15)
2026-09-16 09:49:57,790 [INFO]   ✅ Ampliación de plazo de reclamos de primera instancia (CCM | corte 2026-09-15)
2026-09-16 09:49:57,790 [INFO]   ✅ Reporte de Transacciones con el Exterior Diario (CCM | corte 2026-09-15)
2026-09-16 09:49:57,790 [INFO]   ✅ D001-D005 IF - Diario Encaje (CCM | corte 2026-09-15)
2026-09-16 09:49:57,790 [INFO]   ✅ D012 - Créditos refinanciados y/o reprogramados (CCM | corte 2026-09-15)
2026-09-16 09:49:57,790 [INFO]   ✅ REPORTE DIARIO DE RETIRO DE DEPÓSITOS EN MONEDA EXTRANJERA (CCM | corte 2026-09-15)
2026-09-16 09:49:57,790 [INFO]   ⏱️ Reporte de transacciones relativas a la compra de activos virtuales (MENSUAL ENVIADO FUERA DE PLAZO)
2026-09-16 09:49:57,790 [INFO] Resumen: 9 exitosos | 0 pendientes | 0 errores | 0 faltantes | 1 tardíos | 0 sin enviar (dentro de plazo)
2026-09-16 09:49:57,792 [INFO] Revisión completada. Próxima en 15 min.
2026-09-16 09:49:57,792 [INFO] Scheduler activo. Revisando cada 15 minutos.
2026-09-16 09:49:57,792 [INFO] Presionar Ctrl+C para detener.
2026-09-15 09:55:51,623 [INFO] Monitor detenido por el usuario.
2026-09-15 09:55:51,625 [INFO] [NOTIFICACION] ASFI/SCIP Monitor detenido: El monitoreo fue detenido manualmente.
2026-09-15 09:56:05,721 [INFO] ============================================================
2026-09-15 09:56:05,721 [INFO] ASFI SCIP Monitor iniciado
2026-09-15 09:56:05,721 [INFO]   Usuario  : thomas.clavijo@comarapa.coop
2026-09-15 09:56:05,722 [INFO]   Intervalo: 15 minutos
2026-09-15 09:56:05,722 [INFO]   Headless : True
2026-09-15 09:56:05,722 [INFO]   Días atrás: 1
2026-09-15 09:56:05,722 [INFO]   Salida detallada: False
2026-09-15 09:56:05,722 [INFO] ============================================================
2026-09-15 09:56:05,891 [INFO] [NOTIFICACION] ASFI/SCIP Monitor iniciado: Monitoreando reportes cada 15 min.
2026-09-15 09:56:17,319 [INFO] ============================================================
2026-09-15 09:56:17,320 [INFO] Iniciando revisión: 2026-09-15 09:56:17
2026-09-15 09:56:17,363 [INFO] Rangos de consulta: 31/8/2026 a 31/8/2026, 14/9/2026 a 14/9/2026
2026-09-15 09:56:17,364 [INFO] Consultas separadas a SCIP: 2
2026-09-15 09:56:17,364 [INFO] Fechas a consultar: 31/8/2026 a 31/8/2026
2026-09-15 09:56:18,313 [INFO] Iniciando navegador Chromium...
2026-09-15 09:56:26,901 [INFO] Abriendo login: https://appweb.asfi.gob.bo/SCIP/Login.aspx?ReturnUrl=%2fSCIP%2fmControlPlazos%2fControlPlazos.aspx
2026-09-15 09:56:29,949 [INFO] Ingresando credenciales...
2026-09-15 09:56:34,514 [INFO] Login exitoso
2026-09-15 09:56:51,864 [INFO] Procesando pagina 1 de la tabla...
2026-09-15 09:56:51,891 [INFO] Filas encontradas en pagina 1: 10
2026-09-15 09:56:53,511 [INFO] Procesando pagina 2 de la tabla...
2026-09-15 09:56:53,550 [INFO] Filas encontradas en pagina 2: 10
2026-09-15 09:56:55,189 [INFO] Procesando pagina 3 de la tabla...
2026-09-15 09:56:55,226 [INFO] Filas encontradas en pagina 3: 10
2026-09-15 09:56:56,899 [INFO] Procesando pagina 4 de la tabla...
2026-09-15 09:56:56,938 [INFO] Filas encontradas en pagina 4: 10
2026-09-15 09:56:57,608 [INFO] Navegador cerrado.
2026-09-15 09:56:57,625 [INFO] Fechas a consultar: 14/9/2026 a 14/9/2026
2026-09-15 09:56:58,522 [INFO] Iniciando navegador Chromium...
2026-09-15 09:57:06,601 [INFO] Abriendo login: https://appweb.asfi.gob.bo/SCIP/Login.aspx?ReturnUrl=%2fSCIP%2fmControlPlazos%2fControlPlazos.aspx
2026-09-15 09:57:09,657 [INFO] Ingresando credenciales...
2026-09-15 09:57:14,066 [INFO] Login exitoso
2026-09-15 09:57:31,278 [INFO] Procesando pagina 1 de la tabla...
2026-09-15 09:57:31,307 [INFO] Filas encontradas en pagina 1: 10
2026-09-15 09:57:32,981 [INFO] Procesando pagina 2 de la tabla...
2026-09-15 09:57:33,022 [INFO] Filas encontradas en pagina 2: 1
2026-09-15 09:57:33,202 [INFO] Navegador cerrado.
2026-09-15 09:57:33,218 [INFO] Total registros extraidos en consultas separadas: 50
2026-09-15 09:57:33,223 [INFO] Filas fuera de las obligaciones vigentes ignoradas: 13
2026-09-15 09:57:33,225 [INFO] Reporte subsanado por duplicado exitoso: CM - Cartera Mensual (2026-08-31, ocurrencia=única)
2026-09-15 09:57:33,225 [INFO] Reporte subsanado por duplicado exitoso: CM - Cartera Mensual (2026-08-31, ocurrencia=única)
2026-09-15 09:57:33,225 [INFO] Reporte subsanado por duplicado exitoso: CM - Cartera Mensual (2026-08-31, ocurrencia=única)
2026-09-15 09:57:33,225 [INFO] Reporte subsanado por duplicado exitoso: CM - Cartera Mensual (2026-08-31, ocurrencia=única)
2026-09-15 09:57:33,225 [INFO] Reporte subsanado por duplicado exitoso: MC - Mensual Central de Información Crediticia (2026-08-31, ocurrencia=única)
2026-09-15 09:57:33,226 [INFO] Reporte subsanado por duplicado exitoso: MC - Mensual Central de Información Crediticia (2026-08-31, ocurrencia=única)
2026-09-15 09:57:33,226 [INFO] Reporte subsanado por duplicado exitoso: Detalle de solicitudes de crédito (2026-08-31, ocurrencia=única)
2026-09-15 09:57:33,272 [INFO] Validando obligaciones configuradas para 14/9/2026...
2026-09-15 09:57:33,272 [INFO] Reportes mensuales enviados fuera de plazo; se mantienen en Reportes Vencidos sin enviar alerta: ['Reporte de transacciones relativas a la compra de activos virtuales']
2026-09-15 09:57:33,276 [INFO] Estado de los reportes (37 ✅ | 0 ❌ | 0 ⚠️ | 1 ⏱️ | 0 ⏳):
2026-09-15 09:57:33,276 [INFO]   ✅ M019 IF - Mensual Tasas Pasivas (CCM | corte 2026-08-31)
2026-09-15 09:57:33,276 [INFO]   ✅ CM - Cartera Mensual (CCM | corte 2026-08-31)
2026-09-15 09:57:33,276 [INFO]   ✅ CM - Cartera Mensual (CCM | corte 2026-08-31)
2026-09-15 09:57:33,276 [INFO]   ✅ CM - Cartera Mensual (CCM | corte 2026-08-31)
2026-09-15 09:57:33,276 [INFO]   ✅ CM - Cartera Mensual (CCM | corte 2026-08-31)
2026-09-15 09:57:33,276 [INFO]   ✅ CM - Cartera Mensual (CCM | corte 2026-08-31)
2026-09-15 09:57:33,276 [INFO]   ✅ MB01-MB20 Mensual Balance (CCM | corte 2026-08-31)
2026-09-15 09:57:33,277 [INFO]   ✅ MC - Mensual Central de Información Crediticia (CCM | corte 2026-08-31)
2026-09-15 09:57:33,277 [INFO]   ✅ MC - Mensual Central de Información Crediticia (CCM | corte 2026-08-31)
2026-09-15 09:57:33,277 [INFO]   ✅ MC - Mensual Central de Información Crediticia (CCM | corte 2026-08-31)
2026-09-15 09:57:33,277 [INFO]   ✅ Depósitos y ahorristas (CCM | corte 2026-08-31)
2026-09-15 09:57:33,277 [INFO]   ✅ Depósitos a plazo fijo (CCM | corte 2026-08-31)
2026-09-15 09:57:33,277 [INFO]   ✅ Detalle de Créditos - CAPROSEN (CCM | corte 2026-08-31)
2026-09-15 09:57:33,277 [INFO]   ✅ Crédito PCD (CCM | corte 2026-08-31)
2026-09-15 09:57:33,277 [INFO]   ✅ Solicitud de Créditos - PREAMyPes - Mensual (CCM | corte 2026-08-31)
2026-09-15 09:57:33,277 [INFO]   ✅ Tarifas y n° de transacciones de servicios o productos (CCM | corte 2026-08-31)
2026-09-15 09:57:33,277 [INFO]   ✅ M020 - Mensual PR Reclamos (CCM | corte 2026-08-31)
2026-09-15 09:57:33,277 [INFO]   ✅ M021 - Mensual PR Soluciones (CCM | corte 2026-08-31)
2026-09-15 09:57:33,277 [INFO]   ✅ M029 - Información general de Personas Expuestas Políticamente (CCM | corte 2026-08-31)
2026-09-15 09:57:33,277 [INFO]   ✅ Detalle de solicitudes de crédito (CCM | corte 2026-08-31)
2026-09-15 09:57:33,277 [INFO]   ✅ Detalle de solicitudes de crédito (CCM | corte 2026-08-31)
2026-09-15 09:57:33,277 [INFO]   ✅ M030 - Reporte de tarifas (CCM | corte 2026-08-31)
2026-09-15 09:57:33,277 [INFO]   ✅ Pasivos con el Público (CCM | corte 2026-08-31)
2026-09-15 09:57:33,277 [INFO]   ✅ Operaciones prorrogadas (CCM | corte 2026-08-31)
2026-09-15 09:57:33,277 [INFO]   ✅ Reporte de transacciones relativas a la compra de activos virtuales (CCM | corte 2026-08-31)
2026-09-15 09:57:33,277 [INFO]   ✅ MI01-MI09 - Mensual Central de Información de Riesgo Operativo (CCM | corte 2026-08-31)
2026-09-15 09:57:33,278 [INFO]   ✅ Mensual Solicitudes de Créditos - PEDAEEL (CCM | corte 2026-08-31)
2026-09-15 09:57:33,278 [INFO]   ✅ D007 IF - Diario Operaciones Interbancarias (CCM | corte 2026-09-14)
2026-09-15 09:57:33,278 [INFO]   ✅ D006 IF - Diario Tasas de Interés Activas (CCM | corte 2026-09-14)
2026-09-15 09:57:33,278 [INFO]   ✅ D008 IF - Diario Tipo de Cambio (CCM | corte 2026-09-14)
2026-09-15 09:57:33,278 [INFO]   ✅ D008 IF - Diario Tipo de Cambio (CCM | corte 2026-09-14)
2026-09-15 09:57:33,278 [INFO]   ✅ Estratificación de Depósitos (CCM | corte 2026-09-14)
2026-09-15 09:57:33,278 [INFO]   ✅ Ampliación de plazo de reclamos de primera instancia (CCM | corte 2026-09-14)
2026-09-15 09:57:33,278 [INFO]   ✅ Reporte de Transacciones con el Exterior Diario (CCM | corte 2026-09-14)
2026-09-15 09:57:33,278 [INFO]   ✅ D001-D005 IF - Diario Encaje (CCM | corte 2026-09-14)
2026-09-15 09:57:33,278 [INFO]   ✅ D012 - Créditos refinanciados y/o reprogramados (CCM | corte 2026-09-14)
2026-09-15 09:57:33,278 [INFO]   ✅ REPORTE DIARIO DE RETIRO DE DEPÓSITOS EN MONEDA EXTRANJERA (CCM | corte 2026-09-14)
2026-09-15 09:57:33,278 [INFO]   ⏱️ Reporte de transacciones relativas a la compra de activos virtuales (MENSUAL ENVIADO FUERA DE PLAZO)
2026-09-15 09:57:33,278 [INFO] Resumen: 37 exitosos | 0 pendientes | 0 errores | 0 faltantes | 1 tardíos | 0 sin enviar (dentro de plazo)
2026-09-15 09:57:33,279 [INFO] Revisión completada. Próxima en 15 min.
2026-09-15 09:57:33,280 [INFO] Scheduler activo. Revisando cada 15 minutos.
2026-09-15 09:57:33,280 [INFO] Presionar Ctrl+C para detener.
2026-09-15 10:01:10,056 [INFO] Monitor detenido por el usuario.
2026-09-15 10:01:10,057 [INFO] [NOTIFICACION] ASFI/SCIP Monitor detenido: El monitoreo fue detenido manualmente.
2026-09-14 10:01:29,128 [INFO] ============================================================
2026-09-14 10:01:29,129 [INFO] ASFI SCIP Monitor iniciado
2026-09-14 10:01:29,129 [INFO]   Usuario  : thomas.clavijo@comarapa.coop
2026-09-14 10:01:29,129 [INFO]   Intervalo: 15 minutos
2026-09-14 10:01:29,129 [INFO]   Headless : True
2026-09-14 10:01:29,129 [INFO]   Días atrás: 1
2026-09-14 10:01:29,129 [INFO]   Salida detallada: False
2026-09-14 10:01:29,129 [INFO] ============================================================
2026-09-14 10:01:29,393 [INFO] [NOTIFICACION] ASFI/SCIP Monitor iniciado: Monitoreando reportes cada 15 min.
2026-09-14 10:01:40,961 [INFO] ============================================================
2026-09-14 10:01:40,962 [INFO] Iniciando revisión: 2026-09-14 10:01:40
2026-09-14 10:01:41,011 [INFO] Rangos de consulta: 31/8/2026 a 31/8/2026, 11/9/2026 a 13/9/2026
2026-09-14 10:01:41,012 [INFO] Consultas separadas a SCIP: 2
2026-09-14 10:01:41,012 [INFO] Fechas a consultar: 31/8/2026 a 31/8/2026
2026-09-14 10:01:42,011 [INFO] Iniciando navegador Chromium...
2026-09-14 10:01:50,278 [INFO] Abriendo login: https://appweb.asfi.gob.bo/SCIP/Login.aspx?ReturnUrl=%2fSCIP%2fmControlPlazos%2fControlPlazos.aspx
2026-09-14 10:01:53,492 [INFO] Ingresando credenciales...
2026-09-14 10:01:57,988 [INFO] Login exitoso
2026-09-14 10:02:15,110 [INFO] Procesando pagina 1 de la tabla...
2026-09-14 10:02:15,136 [INFO] Filas encontradas en pagina 1: 10
2026-09-14 10:02:17,001 [INFO] Procesando pagina 2 de la tabla...
2026-09-14 10:02:17,013 [INFO] Filas encontradas en pagina 2: 10
2026-09-14 10:02:18,596 [INFO] Procesando pagina 3 de la tabla...
2026-09-14 10:02:18,607 [INFO] Filas encontradas en pagina 3: 10
2026-09-14 10:02:20,228 [INFO] Procesando pagina 4 de la tabla...
2026-09-14 10:02:20,239 [INFO] Filas encontradas en pagina 4: 10
2026-09-14 10:02:20,903 [INFO] Navegador cerrado.
2026-09-14 10:02:20,921 [INFO] Fechas a consultar: 11/9/2026 a 13/9/2026
2026-09-14 10:02:21,837 [INFO] Iniciando navegador Chromium...
2026-09-14 10:02:30,996 [INFO] Abriendo login: https://appweb.asfi.gob.bo/SCIP/Login.aspx?ReturnUrl=%2fSCIP%2fmControlPlazos%2fControlPlazos.aspx
2026-09-14 10:02:34,260 [INFO] Ingresando credenciales...
2026-09-14 10:02:40,563 [INFO] Login exitoso
2026-09-14 10:02:57,529 [INFO] Procesando pagina 1 de la tabla...
2026-09-14 10:02:57,562 [INFO] Filas encontradas en pagina 1: 10
2026-09-14 10:02:59,384 [INFO] Procesando pagina 2 de la tabla...
2026-09-14 10:02:59,501 [INFO] Filas encontradas en pagina 2: 10
2026-09-14 10:03:02,892 [INFO] Procesando pagina 3 de la tabla...
2026-09-14 10:03:02,938 [INFO] Filas encontradas en pagina 3: 10
2026-09-14 10:03:05,022 [INFO] Procesando pagina 4 de la tabla...
2026-09-14 10:03:05,045 [INFO] Filas encontradas en pagina 4: 3
2026-09-14 10:03:05,304 [INFO] Navegador cerrado.
2026-09-14 10:03:05,321 [INFO] Total registros extraidos en consultas separadas: 72
2026-09-14 10:03:05,325 [INFO] Filas fuera de las obligaciones vigentes ignoradas: 33
2026-09-14 10:03:05,329 [INFO] Reporte subsanado por duplicado exitoso: CM - Cartera Mensual (2026-08-31, ocurrencia=única)
2026-09-14 10:03:05,329 [INFO] Reporte subsanado por duplicado exitoso: CM - Cartera Mensual (2026-08-31, ocurrencia=única)
2026-09-14 10:03:05,329 [INFO] Reporte subsanado por duplicado exitoso: CM - Cartera Mensual (2026-08-31, ocurrencia=única)
2026-09-14 10:03:05,329 [INFO] Reporte subsanado por duplicado exitoso: CM - Cartera Mensual (2026-08-31, ocurrencia=única)
2026-09-14 10:03:05,329 [INFO] Reporte subsanado por duplicado exitoso: MC - Mensual Central de Información Crediticia (2026-08-31, ocurrencia=única)
2026-09-14 10:03:05,329 [INFO] Reporte subsanado por duplicado exitoso: MC - Mensual Central de Información Crediticia (2026-08-31, ocurrencia=única)
2026-09-14 10:03:05,330 [INFO] Reporte subsanado por duplicado exitoso: Detalle de solicitudes de crédito (2026-08-31, ocurrencia=única)
2026-09-14 10:03:05,330 [INFO] Reporte subsanado por duplicado exitoso: CS - Cartera Semanal (2026-09-11, ocurrencia=única)
2026-09-14 10:03:05,377 [INFO] Validando obligaciones configuradas para 13/9/2026...
2026-09-14 10:03:05,377 [INFO] Reportes mensuales enviados fuera de plazo; se mantienen en Reportes Vencidos sin enviar alerta: ['Reporte de transacciones relativas a la compra de activos virtuales']
2026-09-14 10:03:05,381 [INFO] Estado de los reportes (39 ✅ | 0 ❌ | 0 ⚠️ | 1 ⏱️ | 0 ⏳):
2026-09-14 10:03:05,381 [INFO]   ✅ M019 IF - Mensual Tasas Pasivas (CCM | corte 2026-08-31)
2026-09-14 10:03:05,381 [INFO]   ✅ CM - Cartera Mensual (CCM | corte 2026-08-31)
2026-09-14 10:03:05,381 [INFO]   ✅ CM - Cartera Mensual (CCM | corte 2026-08-31)
2026-09-14 10:03:05,382 [INFO]   ✅ CM - Cartera Mensual (CCM | corte 2026-08-31)
2026-09-14 10:03:05,382 [INFO]   ✅ CM - Cartera Mensual (CCM | corte 2026-08-31)
2026-09-14 10:03:05,382 [INFO]   ✅ CM - Cartera Mensual (CCM | corte 2026-08-31)
2026-09-14 10:03:05,382 [INFO]   ✅ MB01-MB20 Mensual Balance (CCM | corte 2026-08-31)
2026-09-14 10:03:05,382 [INFO]   ✅ MC - Mensual Central de Información Crediticia (CCM | corte 2026-08-31)
2026-09-14 10:03:05,382 [INFO]   ✅ MC - Mensual Central de Información Crediticia (CCM | corte 2026-08-31)
2026-09-14 10:03:05,382 [INFO]   ✅ MC - Mensual Central de Información Crediticia (CCM | corte 2026-08-31)
2026-09-14 10:03:05,382 [INFO]   ✅ Depósitos y ahorristas (CCM | corte 2026-08-31)
2026-09-14 10:03:05,382 [INFO]   ✅ Depósitos a plazo fijo (CCM | corte 2026-08-31)
2026-09-14 10:03:05,382 [INFO]   ✅ Detalle de Créditos - CAPROSEN (CCM | corte 2026-08-31)
2026-09-14 10:03:05,382 [INFO]   ✅ Crédito PCD (CCM | corte 2026-08-31)
2026-09-14 10:03:05,382 [INFO]   ✅ Solicitud de Créditos - PREAMyPes - Mensual (CCM | corte 2026-08-31)
2026-09-14 10:03:05,382 [INFO]   ✅ Tarifas y n° de transacciones de servicios o productos (CCM | corte 2026-08-31)
2026-09-14 10:03:05,382 [INFO]   ✅ M020 - Mensual PR Reclamos (CCM | corte 2026-08-31)
2026-09-14 10:03:05,382 [INFO]   ✅ M021 - Mensual PR Soluciones (CCM | corte 2026-08-31)
2026-09-14 10:03:05,382 [INFO]   ✅ M029 - Información general de Personas Expuestas Políticamente (CCM | corte 2026-08-31)
2026-09-14 10:03:05,382 [INFO]   ✅ Detalle de solicitudes de crédito (CCM | corte 2026-08-31)
2026-09-14 10:03:05,382 [INFO]   ✅ Detalle de solicitudes de crédito (CCM | corte 2026-08-31)
2026-09-14 10:03:05,382 [INFO]   ✅ M030 - Reporte de tarifas (CCM | corte 2026-08-31)
2026-09-14 10:03:05,383 [INFO]   ✅ Pasivos con el Público (CCM | corte 2026-08-31)
2026-09-14 10:03:05,383 [INFO]   ✅ Operaciones prorrogadas (CCM | corte 2026-08-31)
2026-09-14 10:03:05,383 [INFO]   ✅ Reporte de transacciones relativas a la compra de activos virtuales (CCM | corte 2026-08-31)
2026-09-14 10:03:05,383 [INFO]   ✅ MI01-MI09 - Mensual Central de Información de Riesgo Operativo (CCM | corte 2026-08-31)
2026-09-14 10:03:05,383 [INFO]   ✅ Mensual Solicitudes de Créditos - PEDAEEL (CCM | corte 2026-08-31)
2026-09-14 10:03:05,383 [INFO]   ✅ D007 IF - Diario Operaciones Interbancarias (CCM | corte 2026-09-13)
2026-09-14 10:03:05,383 [INFO]   ✅ D006 IF - Diario Tasas de Interés Activas (CCM | corte 2026-09-13)
2026-09-14 10:03:05,383 [INFO]   ✅ S001-S005 IF - Semanal Reportes Liquidez (CCM | corte 2026-09-11)
2026-09-14 10:03:05,383 [INFO]   ✅ D008 IF - Diario Tipo de Cambio (CCM | corte 2026-09-13)
2026-09-14 10:03:05,383 [INFO]   ✅ CS - Cartera Semanal (CCM | corte 2026-09-11)
2026-09-14 10:03:05,383 [INFO]   ✅ CS - Cartera Semanal (CCM | corte 2026-09-11)
2026-09-14 10:03:05,383 [INFO]   ✅ Solicitud de Créditos - PREAMyPes - Semanal (CCM | corte 2026-09-13)
2026-09-14 10:03:05,383 [INFO]   ✅ Ampliación de plazo de reclamos de primera instancia (CCM | corte 2026-09-13)
2026-09-14 10:03:05,383 [INFO]   ✅ Reporte de Transacciones con el Exterior Diario (CCM | corte 2026-09-13)
2026-09-14 10:03:05,383 [INFO]   ✅ D001-D005 IF - Diario Encaje (CCM | corte 2026-09-13)
2026-09-14 10:03:05,383 [INFO]   ✅ D012 - Créditos refinanciados y/o reprogramados (CCM | corte 2026-09-13)
2026-09-14 10:03:05,383 [INFO]   ✅ REPORTE DIARIO DE RETIRO DE DEPÓSITOS EN MONEDA EXTRANJERA (CCM | corte 2026-09-13)
2026-09-14 10:03:05,383 [INFO]   ⏱️ Reporte de transacciones relativas a la compra de activos virtuales (MENSUAL ENVIADO FUERA DE PLAZO)
2026-09-14 10:03:05,383 [INFO] Resumen: 39 exitosos | 0 pendientes | 0 errores | 0 faltantes | 1 tardíos | 0 sin enviar (dentro de plazo)
2026-09-14 10:03:05,385 [INFO] Revisión completada. Próxima en 15 min.
2026-09-14 10:03:05,386 [INFO] Scheduler activo. Revisando cada 15 minutos.
2026-09-14 10:03:05,386 [INFO] Presionar Ctrl+C para detener.
2026-09-14 10:18:05,404 [INFO] ============================================================
2026-09-14 10:18:05,405 [INFO] Iniciando revisión: 2026-09-14 10:18:05
2026-09-14 10:18:05,474 [INFO] Rangos de consulta: 31/8/2026 a 31/8/2026, 11/9/2026 a 13/9/2026
2026-09-14 10:18:05,474 [INFO] Consultas separadas a SCIP: 2
2026-09-14 10:18:05,474 [INFO] Fechas a consultar: 31/8/2026 a 31/8/2026
2026-09-14 10:18:06,905 [INFO] Iniciando navegador Chromium...
2026-09-14 10:18:13,880 [INFO] Abriendo login: https://appweb.asfi.gob.bo/SCIP/Login.aspx?ReturnUrl=%2fSCIP%2fmControlPlazos%2fControlPlazos.aspx
2026-09-14 10:18:19,309 [INFO] Ingresando credenciales...
2026-09-14 10:18:23,860 [INFO] Login exitoso
2026-09-14 10:18:41,440 [INFO] Procesando pagina 1 de la tabla...
2026-09-14 10:18:41,528 [INFO] Filas encontradas en pagina 1: 10
2026-09-14 10:18:44,630 [INFO] Procesando pagina 2 de la tabla...
2026-09-14 10:18:44,648 [INFO] Filas encontradas en pagina 2: 10
2026-09-14 10:18:47,449 [INFO] Procesando pagina 3 de la tabla...
2026-09-14 10:18:47,468 [INFO] Filas encontradas en pagina 3: 10
2026-09-14 10:18:49,354 [INFO] Procesando pagina 4 de la tabla...
2026-09-14 10:18:49,371 [INFO] Filas encontradas en pagina 4: 10
2026-09-14 10:18:50,385 [INFO] Navegador cerrado.
2026-09-14 10:18:50,424 [INFO] Fechas a consultar: 11/9/2026 a 13/9/2026
2026-09-14 10:18:52,199 [INFO] Iniciando navegador Chromium...
2026-09-14 10:19:02,333 [INFO] Abriendo login: https://appweb.asfi.gob.bo/SCIP/Login.aspx?ReturnUrl=%2fSCIP%2fmControlPlazos%2fControlPlazos.aspx
2026-09-14 10:19:05,532 [INFO] Ingresando credenciales...
2026-09-14 10:19:10,213 [INFO] Login exitoso
2026-09-14 10:19:26,808 [INFO] Procesando pagina 1 de la tabla...
2026-09-14 10:19:26,833 [INFO] Filas encontradas en pagina 1: 10
2026-09-14 10:19:28,605 [INFO] Procesando pagina 2 de la tabla...
2026-09-14 10:19:28,626 [INFO] Filas encontradas en pagina 2: 10
2026-09-14 10:19:30,350 [INFO] Procesando pagina 3 de la tabla...
2026-09-14 10:19:30,393 [INFO] Filas encontradas en pagina 3: 10
2026-09-14 10:19:32,047 [INFO] Procesando pagina 4 de la tabla...
2026-09-14 10:19:32,071 [INFO] Filas encontradas en pagina 4: 3
2026-09-14 10:19:32,344 [INFO] Navegador cerrado.
2026-09-14 10:19:32,364 [INFO] Total registros extraidos en consultas separadas: 72
2026-09-14 10:19:32,368 [INFO] Filas fuera de las obligaciones vigentes ignoradas: 33
2026-09-14 10:19:32,371 [INFO] Reporte subsanado por duplicado exitoso: CM - Cartera Mensual (2026-08-31, ocurrencia=única)
2026-09-14 10:19:32,371 [INFO] Reporte subsanado por duplicado exitoso: CM - Cartera Mensual (2026-08-31, ocurrencia=única)
2026-09-14 10:19:32,371 [INFO] Reporte subsanado por duplicado exitoso: CM - Cartera Mensual (2026-08-31, ocurrencia=única)
2026-09-14 10:19:32,371 [INFO] Reporte subsanado por duplicado exitoso: CM - Cartera Mensual (2026-08-31, ocurrencia=única)
2026-09-14 10:19:32,371 [INFO] Reporte subsanado por duplicado exitoso: MC - Mensual Central de Información Crediticia (2026-08-31, ocurrencia=única)
2026-09-14 10:19:32,371 [INFO] Reporte subsanado por duplicado exitoso: MC - Mensual Central de Información Crediticia (2026-08-31, ocurrencia=única)
2026-09-14 10:19:32,371 [INFO] Reporte subsanado por duplicado exitoso: Detalle de solicitudes de crédito (2026-08-31, ocurrencia=única)
2026-09-14 10:19:32,371 [INFO] Reporte subsanado por duplicado exitoso: CS - Cartera Semanal (2026-09-11, ocurrencia=única)
2026-09-14 10:19:32,445 [INFO] Validando obligaciones configuradas para 13/9/2026...
2026-09-14 10:19:32,445 [INFO] Reportes mensuales enviados fuera de plazo; se mantienen en Reportes Vencidos sin enviar alerta: ['Reporte de transacciones relativas a la compra de activos virtuales']
2026-09-14 10:19:32,449 [INFO] Estado de los reportes (39 ✅ | 0 ❌ | 0 ⚠️ | 1 ⏱️ | 0 ⏳):
2026-09-14 10:19:32,449 [INFO]   ✅ M019 IF - Mensual Tasas Pasivas (CCM | corte 2026-08-31)
2026-09-14 10:19:32,450 [INFO]   ✅ CM - Cartera Mensual (CCM | corte 2026-08-31)
2026-09-14 10:19:32,450 [INFO]   ✅ CM - Cartera Mensual (CCM | corte 2026-08-31)
2026-09-14 10:19:32,450 [INFO]   ✅ CM - Cartera Mensual (CCM | corte 2026-08-31)
2026-09-14 10:19:32,450 [INFO]   ✅ CM - Cartera Mensual (CCM | corte 2026-08-31)
2026-09-14 10:19:32,450 [INFO]   ✅ CM - Cartera Mensual (CCM | corte 2026-08-31)
2026-09-14 10:19:32,450 [INFO]   ✅ MB01-MB20 Mensual Balance (CCM | corte 2026-08-31)
2026-09-14 10:19:32,450 [INFO]   ✅ MC - Mensual Central de Información Crediticia (CCM | corte 2026-08-31)
2026-09-14 10:19:32,450 [INFO]   ✅ MC - Mensual Central de Información Crediticia (CCM | corte 2026-08-31)
2026-09-14 10:19:32,450 [INFO]   ✅ MC - Mensual Central de Información Crediticia (CCM | corte 2026-08-31)
2026-09-14 10:19:32,450 [INFO]   ✅ Depósitos y ahorristas (CCM | corte 2026-08-31)
2026-09-14 10:19:32,450 [INFO]   ✅ Depósitos a plazo fijo (CCM | corte 2026-08-31)
2026-09-14 10:19:32,450 [INFO]   ✅ Detalle de Créditos - CAPROSEN (CCM | corte 2026-08-31)
2026-09-14 10:19:32,450 [INFO]   ✅ Crédito PCD (CCM | corte 2026-08-31)
2026-09-14 10:19:32,450 [INFO]   ✅ Solicitud de Créditos - PREAMyPes - Mensual (CCM | corte 2026-08-31)
2026-09-14 10:19:32,450 [INFO]   ✅ Tarifas y n° de transacciones de servicios o productos (CCM | corte 2026-08-31)
2026-09-14 10:19:32,450 [INFO]   ✅ M020 - Mensual PR Reclamos (CCM | corte 2026-08-31)
2026-09-14 10:19:32,450 [INFO]   ✅ M021 - Mensual PR Soluciones (CCM | corte 2026-08-31)
2026-09-14 10:19:32,450 [INFO]   ✅ M029 - Información general de Personas Expuestas Políticamente (CCM | corte 2026-08-31)
2026-09-14 10:19:32,451 [INFO]   ✅ Detalle de solicitudes de crédito (CCM | corte 2026-08-31)
2026-09-14 10:19:32,451 [INFO]   ✅ Detalle de solicitudes de crédito (CCM | corte 2026-08-31)
2026-09-14 10:19:32,451 [INFO]   ✅ M030 - Reporte de tarifas (CCM | corte 2026-08-31)
2026-09-14 10:19:32,451 [INFO]   ✅ Pasivos con el Público (CCM | corte 2026-08-31)
2026-09-14 10:19:32,451 [INFO]   ✅ Operaciones prorrogadas (CCM | corte 2026-08-31)
2026-09-14 10:19:32,451 [INFO]   ✅ Reporte de transacciones relativas a la compra de activos virtuales (CCM | corte 2026-08-31)
2026-09-14 10:19:32,451 [INFO]   ✅ MI01-MI09 - Mensual Central de Información de Riesgo Operativo (CCM | corte 2026-08-31)
2026-09-14 10:19:32,451 [INFO]   ✅ Mensual Solicitudes de Créditos - PEDAEEL (CCM | corte 2026-08-31)
2026-09-14 10:19:32,451 [INFO]   ✅ D007 IF - Diario Operaciones Interbancarias (CCM | corte 2026-09-13)
2026-09-14 10:19:32,451 [INFO]   ✅ D006 IF - Diario Tasas de Interés Activas (CCM | corte 2026-09-13)
2026-09-14 10:19:32,451 [INFO]   ✅ S001-S005 IF - Semanal Reportes Liquidez (CCM | corte 2026-09-11)
2026-09-14 10:19:32,451 [INFO]   ✅ D008 IF - Diario Tipo de Cambio (CCM | corte 2026-09-13)
2026-09-14 10:19:32,451 [INFO]   ✅ CS - Cartera Semanal (CCM | corte 2026-09-11)
2026-09-14 10:19:32,451 [INFO]   ✅ CS - Cartera Semanal (CCM | corte 2026-09-11)
2026-09-14 10:19:32,451 [INFO]   ✅ Solicitud de Créditos - PREAMyPes - Semanal (CCM | corte 2026-09-13)
2026-09-14 10:19:32,451 [INFO]   ✅ Ampliación de plazo de reclamos de primera instancia (CCM | corte 2026-09-13)
2026-09-14 10:19:32,451 [INFO]   ✅ Reporte de Transacciones con el Exterior Diario (CCM | corte 2026-09-13)
2026-09-14 10:19:32,451 [INFO]   ✅ D001-D005 IF - Diario Encaje (CCM | corte 2026-09-13)
2026-09-14 10:19:32,451 [INFO]   ✅ D012 - Créditos refinanciados y/o reprogramados (CCM | corte 2026-09-13)
2026-09-14 10:19:32,451 [INFO]   ✅ REPORTE DIARIO DE RETIRO DE DEPÓSITOS EN MONEDA EXTRANJERA (CCM | corte 2026-09-13)
2026-09-14 10:19:32,452 [INFO]   ⏱️ Reporte de transacciones relativas a la compra de activos virtuales (MENSUAL ENVIADO FUERA DE PLAZO)
2026-09-14 10:19:32,452 [INFO] Resumen: 39 exitosos | 0 pendientes | 0 errores | 0 faltantes | 1 tardíos | 0 sin enviar (dentro de plazo)
2026-09-14 10:19:32,454 [INFO] Revisión completada. Próxima en 15 min.
2026-09-14 10:34:32,473 [INFO] ============================================================
2026-09-14 10:34:32,473 [INFO] Iniciando revisión: 2026-09-14 10:34:32
2026-09-14 10:34:32,512 [INFO] Rangos de consulta: 31/8/2026 a 31/8/2026, 11/9/2026 a 13/9/2026
2026-09-14 10:34:32,513 [INFO] Consultas separadas a SCIP: 2
2026-09-14 10:34:32,513 [INFO] Fechas a consultar: 31/8/2026 a 31/8/2026
2026-09-14 10:34:33,627 [INFO] Iniciando navegador Chromium...
2026-09-16 10:35:05,526 [INFO] Abriendo login: https://appweb.asfi.gob.bo/SCIP/Login.aspx?ReturnUrl=%2fSCIP%2fmControlPlazos%2fControlPlazos.aspx
2026-09-16 10:35:11,124 [INFO] Ingresando credenciales...
2026-09-16 10:35:16,035 [INFO] Login exitoso
2026-09-16 10:35:32,186 [INFO] Procesando pagina 1 de la tabla...
2026-09-16 10:35:32,222 [INFO] Filas encontradas en pagina 1: 10
2026-09-16 10:35:34,106 [INFO] Procesando pagina 2 de la tabla...
2026-09-16 10:35:34,120 [INFO] Filas encontradas en pagina 2: 10
2026-09-16 10:35:35,899 [INFO] Procesando pagina 3 de la tabla...
2026-09-16 10:35:35,913 [INFO] Filas encontradas en pagina 3: 10
2026-09-16 10:35:38,134 [INFO] Procesando pagina 4 de la tabla...
2026-09-16 10:35:38,165 [INFO] Filas encontradas en pagina 4: 10
2026-09-16 10:35:38,945 [INFO] Navegador cerrado.
2026-09-16 10:35:38,970 [INFO] Fechas a consultar: 11/9/2026 a 13/9/2026
2026-09-16 10:35:39,938 [INFO] Iniciando navegador Chromium...
2026-09-16 10:35:52,672 [INFO] Abriendo login: https://appweb.asfi.gob.bo/SCIP/Login.aspx?ReturnUrl=%2fSCIP%2fmControlPlazos%2fControlPlazos.aspx
2026-09-16 10:35:55,759 [INFO] Ingresando credenciales...
2026-09-16 10:36:00,171 [INFO] Login exitoso
2026-09-16 10:36:16,835 [INFO] Procesando pagina 1 de la tabla...
2026-09-16 10:36:16,864 [INFO] Filas encontradas en pagina 1: 10
2026-09-16 10:36:18,686 [INFO] Procesando pagina 2 de la tabla...
2026-09-16 10:36:18,728 [INFO] Filas encontradas en pagina 2: 10
2026-09-16 10:36:20,399 [INFO] Procesando pagina 3 de la tabla...
2026-09-16 10:36:20,436 [INFO] Filas encontradas en pagina 3: 10
2026-09-16 10:36:22,089 [INFO] Procesando pagina 4 de la tabla...
2026-09-16 10:36:22,123 [INFO] Filas encontradas en pagina 4: 3
2026-09-16 10:36:22,387 [INFO] Navegador cerrado.
2026-09-16 10:36:22,404 [INFO] Total registros extraidos en consultas separadas: 72
2026-09-16 10:36:22,409 [INFO] Filas fuera de las obligaciones vigentes ignoradas: 63
2026-09-16 10:36:22,479 [INFO] Validando obligaciones configuradas para 15/9/2026...
2026-09-16 10:36:22,480 [INFO] Reportes mensuales enviados fuera de plazo; se mantienen en Reportes Vencidos sin enviar alerta: ['Reporte de transacciones relativas a la compra de activos virtuales']
2026-09-16 10:36:22,480 [INFO] Reportes diarios aún sin enviar (dentro de plazo): 9
2026-09-16 10:36:22,480 [INFO] [NOTIFICACION] ? ASFI/SCIP Monitor - 9 reportes diarios sin enviar: Corte: 15/9/2026
L?mite de env?o: 2026-09-16 12:00:00

  ? Ampliaci?n de plazo de reclamos de primer
2026-09-16 10:36:34,533 [INFO] Estado de los reportes (9 ✅ | 0 ❌ | 0 ⚠️ | 1 ⏱️ | 9 ⏳):
2026-09-16 10:36:34,533 [INFO]   ✅ D007 IF - Diario Operaciones Interbancarias (CCM | corte 2026-09-13)
2026-09-16 10:36:34,533 [INFO]   ✅ D006 IF - Diario Tasas de Interés Activas (CCM | corte 2026-09-13)
2026-09-16 10:36:34,533 [INFO]   ✅ D008 IF - Diario Tipo de Cambio (CCM | corte 2026-09-13)
2026-09-16 10:36:34,534 [INFO]   ✅ Solicitud de Créditos - PREAMyPes - Semanal (CCM | corte 2026-09-13)
2026-09-16 10:36:34,534 [INFO]   ✅ Ampliación de plazo de reclamos de primera instancia (CCM | corte 2026-09-13)
2026-09-16 10:36:34,534 [INFO]   ✅ Reporte de Transacciones con el Exterior Diario (CCM | corte 2026-09-13)
2026-09-16 10:36:34,534 [INFO]   ✅ D001-D005 IF - Diario Encaje (CCM | corte 2026-09-13)
2026-09-16 10:36:34,534 [INFO]   ✅ D012 - Créditos refinanciados y/o reprogramados (CCM | corte 2026-09-13)
2026-09-16 10:36:34,534 [INFO]   ✅ REPORTE DIARIO DE RETIRO DE DEPÓSITOS EN MONEDA EXTRANJERA (CCM | corte 2026-09-13)
2026-09-16 10:36:34,534 [INFO]   ⏳ Ampliación de plazo de reclamos de primera instancia (SIN ENVIAR - dentro de plazo)
2026-09-16 10:36:34,534 [INFO]   ⏳ D001-D005 IF - Diario Encaje (SIN ENVIAR - dentro de plazo)
2026-09-16 10:36:34,535 [INFO]   ⏳ D006 IF - Diario Tasas de Interés Activas (SIN ENVIAR - dentro de plazo)
2026-09-16 10:36:34,535 [INFO]   ⏳ D007 IF - Diario Operaciones Interbancarias (SIN ENVIAR - dentro de plazo)
2026-09-16 10:36:34,535 [INFO]   ⏳ D008 IF - Diario Tipo de Cambio (SIN ENVIAR - dentro de plazo)
2026-09-16 10:36:34,535 [INFO]   ⏳ D008 IF - Diario Tipo de Cambio (envío 2) (SIN ENVIAR - dentro de plazo)
2026-09-16 10:36:34,535 [INFO]   ⏳ D012 - Créditos refinanciados y/o reprogramados (SIN ENVIAR - dentro de plazo)
2026-09-16 10:36:34,535 [INFO]   ⏳ REPORTE DIARIO DE RETIRO DE DEPÓSITOS EN MONEDA EXTRANJERA (SIN ENVIAR - dentro de plazo)
2026-09-16 10:36:34,535 [INFO]   ⏳ Reporte de Transacciones con el Exterior Diario (SIN ENVIAR - dentro de plazo)
2026-09-16 10:36:34,535 [INFO]   ⏱️ Reporte de transacciones relativas a la compra de activos virtuales (MENSUAL ENVIADO FUERA DE PLAZO)
2026-09-16 10:36:34,535 [INFO] Resumen: 9 exitosos | 0 pendientes | 0 errores | 0 faltantes | 1 tardíos | 9 sin enviar (dentro de plazo)
2026-09-16 10:36:34,556 [INFO] Revisión completada. Próxima en 15 min.
2026-09-16 10:39:21,628 [INFO] Monitor detenido por el usuario.
2026-09-16 10:39:21,629 [INFO] [NOTIFICACION] ASFI/SCIP Monitor detenido: El monitoreo fue detenido manualmente.
2026-09-16 10:39:37,356 [INFO] ============================================================
2026-09-16 10:39:37,356 [INFO] ASFI SCIP Monitor iniciado
2026-09-16 10:39:37,356 [INFO]   Usuario  : thomas.clavijo@comarapa.coop
2026-09-16 10:39:37,356 [INFO]   Intervalo: 15 minutos
2026-09-16 10:39:37,356 [INFO]   Headless : True
2026-09-16 10:39:37,356 [INFO]   Días atrás: 1
2026-09-16 10:39:37,356 [INFO]   Salida detallada: False
2026-09-16 10:39:37,356 [INFO] ============================================================
2026-09-16 10:39:37,528 [INFO] [NOTIFICACION] ASFI/SCIP Monitor iniciado: Monitoreando reportes cada 15 min.
2026-09-16 10:39:49,020 [INFO] ============================================================
2026-09-16 10:39:49,020 [INFO] Iniciando revisión: 2026-09-16 10:39:49
2026-09-16 10:39:49,066 [INFO] Rangos de consulta: 15/9/2026 a 15/9/2026
2026-09-16 10:39:49,066 [INFO] Fechas a consultar: 15/9/2026 a 15/9/2026
2026-09-16 10:39:50,147 [INFO] Iniciando navegador Chromium...
2026-09-16 10:39:58,843 [INFO] Abriendo login: https://appweb.asfi.gob.bo/SCIP/Login.aspx?ReturnUrl=%2fSCIP%2fmControlPlazos%2fControlPlazos.aspx
2026-09-16 10:40:01,851 [INFO] Ingresando credenciales...
2026-09-16 10:40:07,819 [INFO] Login exitoso
2026-09-16 10:40:24,866 [INFO] Procesando pagina 1 de la tabla...
2026-09-16 10:40:24,900 [INFO] Filas encontradas en pagina 1: 10
2026-09-16 10:40:25,650 [INFO] Navegador cerrado.
2026-09-16 10:40:25,667 [INFO] Filas fuera de las obligaciones vigentes ignoradas: 1
2026-09-16 10:40:25,717 [INFO] Validando obligaciones configuradas para 15/9/2026...
2026-09-16 10:40:25,717 [INFO] Reportes mensuales enviados fuera de plazo; se mantienen en Reportes Vencidos sin enviar alerta: ['Reporte de transacciones relativas a la compra de activos virtuales']
2026-09-16 10:40:25,719 [INFO] Estado de los reportes (9 ✅ | 0 ❌ | 0 ⚠️ | 1 ⏱️ | 0 ⏳):
2026-09-16 10:40:25,719 [INFO]   ✅ D007 IF - Diario Operaciones Interbancarias (CCM | corte 2026-09-15)
2026-09-16 10:40:25,720 [INFO]   ✅ D006 IF - Diario Tasas de Interés Activas (CCM | corte 2026-09-15)
2026-09-16 10:40:25,720 [INFO]   ✅ D008 IF - Diario Tipo de Cambio (CCM | corte 2026-09-15)
2026-09-16 10:40:25,720 [INFO]   ✅ D008 IF - Diario Tipo de Cambio (CCM | corte 2026-09-15)
2026-09-16 10:40:25,720 [INFO]   ✅ Ampliación de plazo de reclamos de primera instancia (CCM | corte 2026-09-15)
2026-09-16 10:40:25,720 [INFO]   ✅ Reporte de Transacciones con el Exterior Diario (CCM | corte 2026-09-15)
2026-09-16 10:40:25,720 [INFO]   ✅ D001-D005 IF - Diario Encaje (CCM | corte 2026-09-15)
2026-09-16 10:40:25,720 [INFO]   ✅ D012 - Créditos refinanciados y/o reprogramados (CCM | corte 2026-09-15)
2026-09-16 10:40:25,720 [INFO]   ✅ REPORTE DIARIO DE RETIRO DE DEPÓSITOS EN MONEDA EXTRANJERA (CCM | corte 2026-09-15)
2026-09-16 10:40:25,720 [INFO]   ⏱️ Reporte de transacciones relativas a la compra de activos virtuales (MENSUAL ENVIADO FUERA DE PLAZO)
2026-09-16 10:40:25,720 [INFO] Resumen: 9 exitosos | 0 pendientes | 0 errores | 0 faltantes | 1 tardíos | 0 sin enviar (dentro de plazo)
2026-09-16 10:40:25,721 [INFO] Revisión completada. Próxima en 15 min.
2026-09-16 10:40:25,722 [INFO] Scheduler activo. Revisando cada 15 minutos.
2026-09-16 10:40:25,722 [INFO] Presionar Ctrl+C para detener.
2026-09-16 10:55:25,766 [INFO] ============================================================
2026-09-16 10:55:25,768 [INFO] Iniciando revisión: 2026-09-16 10:55:25
2026-09-16 10:55:25,846 [INFO] Rangos de consulta: 15/9/2026 a 15/9/2026
2026-09-16 10:55:25,846 [INFO] Fechas a consultar: 15/9/2026 a 15/9/2026
2026-09-16 10:55:27,142 [INFO] Iniciando navegador Chromium...
2026-09-16 10:55:32,790 [INFO] Abriendo login: https://appweb.asfi.gob.bo/SCIP/Login.aspx?ReturnUrl=%2fSCIP%2fmControlPlazos%2fControlPlazos.aspx
2026-09-16 10:55:38,124 [INFO] Ingresando credenciales...
2026-09-16 10:55:42,709 [INFO] Login exitoso
2026-09-16 10:55:59,047 [INFO] Procesando pagina 1 de la tabla...
2026-09-16 10:55:59,074 [INFO] Filas encontradas en pagina 1: 10
2026-09-16 10:55:59,844 [INFO] Navegador cerrado.
2026-09-16 10:55:59,870 [INFO] Filas fuera de las obligaciones vigentes ignoradas: 1
2026-09-16 10:55:59,941 [INFO] Validando obligaciones configuradas para 15/9/2026...
2026-09-16 10:55:59,942 [INFO] Reportes mensuales enviados fuera de plazo; se mantienen en Reportes Vencidos sin enviar alerta: ['Reporte de transacciones relativas a la compra de activos virtuales']
2026-09-16 10:55:59,944 [INFO] Estado de los reportes (9 ✅ | 0 ❌ | 0 ⚠️ | 1 ⏱️ | 0 ⏳):
2026-09-16 10:55:59,944 [INFO]   ✅ D007 IF - Diario Operaciones Interbancarias (CCM | corte 2026-09-15)
2026-09-16 10:55:59,944 [INFO]   ✅ D006 IF - Diario Tasas de Interés Activas (CCM | corte 2026-09-15)
2026-09-16 10:55:59,944 [INFO]   ✅ D008 IF - Diario Tipo de Cambio (CCM | corte 2026-09-15)
2026-09-16 10:55:59,944 [INFO]   ✅ D008 IF - Diario Tipo de Cambio (CCM | corte 2026-09-15)
2026-09-16 10:55:59,944 [INFO]   ✅ Ampliación de plazo de reclamos de primera instancia (CCM | corte 2026-09-15)
2026-09-16 10:55:59,944 [INFO]   ✅ Reporte de Transacciones con el Exterior Diario (CCM | corte 2026-09-15)
2026-09-16 10:55:59,944 [INFO]   ✅ D001-D005 IF - Diario Encaje (CCM | corte 2026-09-15)
2026-09-16 10:55:59,945 [INFO]   ✅ D012 - Créditos refinanciados y/o reprogramados (CCM | corte 2026-09-15)
2026-09-16 10:55:59,945 [INFO]   ✅ REPORTE DIARIO DE RETIRO DE DEPÓSITOS EN MONEDA EXTRANJERA (CCM | corte 2026-09-15)
2026-09-16 10:55:59,945 [INFO]   ⏱️ Reporte de transacciones relativas a la compra de activos virtuales (MENSUAL ENVIADO FUERA DE PLAZO)
2026-09-16 10:55:59,945 [INFO] Resumen: 9 exitosos | 0 pendientes | 0 errores | 0 faltantes | 1 tardíos | 0 sin enviar (dentro de plazo)
2026-09-16 10:55:59,947 [INFO] Revisión completada. Próxima en 15 min.
2026-09-16 11:11:00,180 [INFO] ============================================================
2026-09-16 11:11:00,187 [INFO] Iniciando revisión: 2026-09-16 11:11:00
2026-09-16 11:11:00,336 [INFO] Rangos de consulta: 15/9/2026 a 15/9/2026
2026-09-16 11:11:00,338 [INFO] Fechas a consultar: 15/9/2026 a 15/9/2026
2026-09-16 11:11:06,549 [INFO] Iniciando navegador Chromium...
2026-09-16 11:11:21,298 [INFO] Abriendo login: https://appweb.asfi.gob.bo/SCIP/Login.aspx?ReturnUrl=%2fSCIP%2fmControlPlazos%2fControlPlazos.aspx
2026-09-16 11:11:28,306 [INFO] Ingresando credenciales...
2026-09-16 11:11:32,847 [INFO] Login exitoso
2026-09-16 11:11:49,307 [INFO] Procesando pagina 1 de la tabla...
2026-09-16 11:11:49,336 [INFO] Filas encontradas en pagina 1: 10
2026-09-16 11:11:50,310 [INFO] Navegador cerrado.
2026-09-16 11:11:50,348 [INFO] Filas fuera de las obligaciones vigentes ignoradas: 1
2026-09-16 11:11:50,449 [INFO] Validando obligaciones configuradas para 15/9/2026...
2026-09-16 11:11:50,449 [INFO] Reportes mensuales enviados fuera de plazo; se mantienen en Reportes Vencidos sin enviar alerta: ['Reporte de transacciones relativas a la compra de activos virtuales']
2026-09-16 11:11:50,455 [INFO] Estado de los reportes (9 ✅ | 0 ❌ | 0 ⚠️ | 1 ⏱️ | 0 ⏳):
2026-09-16 11:11:50,456 [INFO]   ✅ D007 IF - Diario Operaciones Interbancarias (CCM | corte 2026-09-15)
2026-09-16 11:11:50,456 [INFO]   ✅ D006 IF - Diario Tasas de Interés Activas (CCM | corte 2026-09-15)
2026-09-16 11:11:50,457 [INFO]   ✅ D008 IF - Diario Tipo de Cambio (CCM | corte 2026-09-15)
2026-09-16 11:11:50,457 [INFO]   ✅ D008 IF - Diario Tipo de Cambio (CCM | corte 2026-09-15)
2026-09-16 11:11:50,457 [INFO]   ✅ Ampliación de plazo de reclamos de primera instancia (CCM | corte 2026-09-15)
2026-09-16 11:11:50,457 [INFO]   ✅ Reporte de Transacciones con el Exterior Diario (CCM | corte 2026-09-15)
2026-09-16 11:11:50,457 [INFO]   ✅ D001-D005 IF - Diario Encaje (CCM | corte 2026-09-15)
2026-09-16 11:11:50,457 [INFO]   ✅ D012 - Créditos refinanciados y/o reprogramados (CCM | corte 2026-09-15)
2026-09-16 11:11:50,457 [INFO]   ✅ REPORTE DIARIO DE RETIRO DE DEPÓSITOS EN MONEDA EXTRANJERA (CCM | corte 2026-09-15)
2026-09-16 11:11:50,457 [INFO]   ⏱️ Reporte de transacciones relativas a la compra de activos virtuales (MENSUAL ENVIADO FUERA DE PLAZO)
2026-09-16 11:11:50,457 [INFO] Resumen: 9 exitosos | 0 pendientes | 0 errores | 0 faltantes | 1 tardíos | 0 sin enviar (dentro de plazo)
2026-09-16 11:11:50,463 [INFO] Revisión completada. Próxima en 15 min.
2026-09-16 11:26:50,571 [INFO] ============================================================
2026-09-16 11:26:50,571 [INFO] Iniciando revisión: 2026-09-16 11:26:50
2026-09-16 11:26:50,630 [INFO] Rangos de consulta: 15/9/2026 a 15/9/2026
2026-09-16 11:26:50,631 [INFO] Fechas a consultar: 15/9/2026 a 15/9/2026
2026-09-16 11:26:52,090 [INFO] Iniciando navegador Chromium...
2026-09-16 11:26:58,548 [INFO] Abriendo login: https://appweb.asfi.gob.bo/SCIP/Login.aspx?ReturnUrl=%2fSCIP%2fmControlPlazos%2fControlPlazos.aspx
2026-09-16 11:27:04,014 [INFO] Ingresando credenciales...
2026-09-16 11:27:09,082 [INFO] Login exitoso
2026-09-16 11:27:25,311 [INFO] Procesando pagina 1 de la tabla...
2026-09-16 11:27:25,336 [INFO] Filas encontradas en pagina 1: 10
2026-09-16 11:27:26,291 [INFO] Navegador cerrado.
2026-09-16 11:27:26,319 [INFO] Filas fuera de las obligaciones vigentes ignoradas: 1
2026-09-16 11:27:26,397 [INFO] Validando obligaciones configuradas para 15/9/2026...
2026-09-16 11:27:26,397 [INFO] Reportes mensuales enviados fuera de plazo; se mantienen en Reportes Vencidos sin enviar alerta: ['Reporte de transacciones relativas a la compra de activos virtuales']
2026-09-16 11:27:26,399 [INFO] Estado de los reportes (9 ✅ | 0 ❌ | 0 ⚠️ | 1 ⏱️ | 0 ⏳):
2026-09-16 11:27:26,399 [INFO]   ✅ D007 IF - Diario Operaciones Interbancarias (CCM | corte 2026-09-15)
2026-09-16 11:27:26,399 [INFO]   ✅ D006 IF - Diario Tasas de Interés Activas (CCM | corte 2026-09-15)
2026-09-16 11:27:26,399 [INFO]   ✅ D008 IF - Diario Tipo de Cambio (CCM | corte 2026-09-15)
2026-09-16 11:27:26,399 [INFO]   ✅ D008 IF - Diario Tipo de Cambio (CCM | corte 2026-09-15)
2026-09-16 11:27:26,399 [INFO]   ✅ Ampliación de plazo de reclamos de primera instancia (CCM | corte 2026-09-15)
2026-09-16 11:27:26,399 [INFO]   ✅ Reporte de Transacciones con el Exterior Diario (CCM | corte 2026-09-15)
2026-09-16 11:27:26,399 [INFO]   ✅ D001-D005 IF - Diario Encaje (CCM | corte 2026-09-15)
2026-09-16 11:27:26,400 [INFO]   ✅ D012 - Créditos refinanciados y/o reprogramados (CCM | corte 2026-09-15)
2026-09-16 11:27:26,400 [INFO]   ✅ REPORTE DIARIO DE RETIRO DE DEPÓSITOS EN MONEDA EXTRANJERA (CCM | corte 2026-09-15)
2026-09-16 11:27:26,400 [INFO]   ⏱️ Reporte de transacciones relativas a la compra de activos virtuales (MENSUAL ENVIADO FUERA DE PLAZO)
2026-09-16 11:27:26,400 [INFO] Resumen: 9 exitosos | 0 pendientes | 0 errores | 0 faltantes | 1 tardíos | 0 sin enviar (dentro de plazo)
2026-09-16 11:27:26,401 [INFO] Revisión completada. Próxima en 15 min.
2026-09-16 11:42:26,496 [INFO] ============================================================
2026-09-16 11:42:26,496 [INFO] Iniciando revisión: 2026-09-16 11:42:26
2026-09-16 11:42:26,589 [INFO] Rangos de consulta: 15/9/2026 a 15/9/2026
2026-09-16 11:42:26,590 [INFO] Fechas a consultar: 15/9/2026 a 15/9/2026
2026-09-16 11:42:28,346 [INFO] Iniciando navegador Chromium...
2026-09-16 11:42:38,708 [INFO] Abriendo login: https://appweb.asfi.gob.bo/SCIP/Login.aspx?ReturnUrl=%2fSCIP%2fmControlPlazos%2fControlPlazos.aspx
2026-09-16 11:42:44,343 [INFO] Ingresando credenciales...
2026-09-16 11:42:49,222 [INFO] Login exitoso
2026-09-16 11:43:06,175 [INFO] Procesando pagina 1 de la tabla...
2026-09-16 11:43:06,202 [INFO] Filas encontradas en pagina 1: 10
2026-09-16 11:43:06,965 [INFO] Navegador cerrado.
2026-09-16 11:43:06,992 [INFO] Filas fuera de las obligaciones vigentes ignoradas: 1
2026-09-16 11:43:07,059 [INFO] Validando obligaciones configuradas para 15/9/2026...
2026-09-16 11:43:07,060 [INFO] Reportes mensuales enviados fuera de plazo; se mantienen en Reportes Vencidos sin enviar alerta: ['Reporte de transacciones relativas a la compra de activos virtuales']
2026-09-16 11:43:07,062 [INFO] Estado de los reportes (9 ✅ | 0 ❌ | 0 ⚠️ | 1 ⏱️ | 0 ⏳):
2026-09-16 11:43:07,062 [INFO]   ✅ D007 IF - Diario Operaciones Interbancarias (CCM | corte 2026-09-15)
2026-09-16 11:43:07,062 [INFO]   ✅ D006 IF - Diario Tasas de Interés Activas (CCM | corte 2026-09-15)
2026-09-16 11:43:07,062 [INFO]   ✅ D008 IF - Diario Tipo de Cambio (CCM | corte 2026-09-15)
2026-09-16 11:43:07,062 [INFO]   ✅ D008 IF - Diario Tipo de Cambio (CCM | corte 2026-09-15)
2026-09-16 11:43:07,062 [INFO]   ✅ Ampliación de plazo de reclamos de primera instancia (CCM | corte 2026-09-15)
2026-09-16 11:43:07,062 [INFO]   ✅ Reporte de Transacciones con el Exterior Diario (CCM | corte 2026-09-15)
2026-09-16 11:43:07,062 [INFO]   ✅ D001-D005 IF - Diario Encaje (CCM | corte 2026-09-15)
2026-09-16 11:43:07,062 [INFO]   ✅ D012 - Créditos refinanciados y/o reprogramados (CCM | corte 2026-09-15)
2026-09-16 11:43:07,062 [INFO]   ✅ REPORTE DIARIO DE RETIRO DE DEPÓSITOS EN MONEDA EXTRANJERA (CCM | corte 2026-09-15)
2026-09-16 11:43:07,062 [INFO]   ⏱️ Reporte de transacciones relativas a la compra de activos virtuales (MENSUAL ENVIADO FUERA DE PLAZO)
2026-09-16 11:43:07,062 [INFO] Resumen: 9 exitosos | 0 pendientes | 0 errores | 0 faltantes | 1 tardíos | 0 sin enviar (dentro de plazo)
2026-09-16 11:43:07,064 [INFO] Revisión completada. Próxima en 15 min.
2026-09-16 11:58:07,130 [INFO] ============================================================
2026-09-16 11:58:07,131 [INFO] Iniciando revisión: 2026-09-16 11:58:07
2026-09-16 11:58:07,211 [INFO] Rangos de consulta: 15/9/2026 a 15/9/2026
2026-09-16 11:58:07,212 [INFO] Fechas a consultar: 15/9/2026 a 15/9/2026
2026-09-16 11:58:08,381 [INFO] Iniciando navegador Chromium...
2026-09-16 11:58:13,805 [INFO] Abriendo login: https://appweb.asfi.gob.bo/SCIP/Login.aspx?ReturnUrl=%2fSCIP%2fmControlPlazos%2fControlPlazos.aspx
2026-09-16 11:58:19,171 [INFO] Ingresando credenciales...
2026-09-16 11:58:23,688 [INFO] Login exitoso
2026-09-16 11:58:39,884 [INFO] Procesando pagina 1 de la tabla...
2026-09-16 11:58:39,922 [INFO] Filas encontradas en pagina 1: 10
2026-09-16 11:58:40,662 [INFO] Navegador cerrado.
2026-09-16 11:58:40,690 [INFO] Filas fuera de las obligaciones vigentes ignoradas: 1
2026-09-16 11:58:40,760 [INFO] Validando obligaciones configuradas para 15/9/2026...
2026-09-16 11:58:40,760 [INFO] Reportes mensuales enviados fuera de plazo; se mantienen en Reportes Vencidos sin enviar alerta: ['Reporte de transacciones relativas a la compra de activos virtuales']
2026-09-16 11:58:40,762 [INFO] Estado de los reportes (9 ✅ | 0 ❌ | 0 ⚠️ | 1 ⏱️ | 0 ⏳):
2026-09-16 11:58:40,762 [INFO]   ✅ D007 IF - Diario Operaciones Interbancarias (CCM | corte 2026-09-15)
2026-09-16 11:58:40,762 [INFO]   ✅ D006 IF - Diario Tasas de Interés Activas (CCM | corte 2026-09-15)
2026-09-16 11:58:40,762 [INFO]   ✅ D008 IF - Diario Tipo de Cambio (CCM | corte 2026-09-15)
2026-09-16 11:58:40,762 [INFO]   ✅ D008 IF - Diario Tipo de Cambio (CCM | corte 2026-09-15)
2026-09-16 11:58:40,762 [INFO]   ✅ Ampliación de plazo de reclamos de primera instancia (CCM | corte 2026-09-15)
2026-09-16 11:58:40,762 [INFO]   ✅ Reporte de Transacciones con el Exterior Diario (CCM | corte 2026-09-15)
2026-09-16 11:58:40,762 [INFO]   ✅ D001-D005 IF - Diario Encaje (CCM | corte 2026-09-15)
2026-09-16 11:58:40,762 [INFO]   ✅ D012 - Créditos refinanciados y/o reprogramados (CCM | corte 2026-09-15)
2026-09-16 11:58:40,762 [INFO]   ✅ REPORTE DIARIO DE RETIRO DE DEPÓSITOS EN MONEDA EXTRANJERA (CCM | corte 2026-09-15)
2026-09-16 11:58:40,762 [INFO]   ⏱️ Reporte de transacciones relativas a la compra de activos virtuales (MENSUAL ENVIADO FUERA DE PLAZO)
2026-09-16 11:58:40,762 [INFO] Resumen: 9 exitosos | 0 pendientes | 0 errores | 0 faltantes | 1 tardíos | 0 sin enviar (dentro de plazo)
2026-09-16 11:58:40,764 [INFO] Revisión completada. Próxima en 15 min.
2026-09-16 12:13:40,834 [INFO] ============================================================
2026-09-16 12:13:40,834 [INFO] Iniciando revisión: 2026-09-16 12:13:40
2026-09-16 12:13:40,897 [INFO] Rangos de consulta: 15/9/2026 a 15/9/2026
2026-09-16 12:13:40,898 [INFO] Fechas a consultar: 15/9/2026 a 15/9/2026
2026-09-16 12:13:42,849 [INFO] Iniciando navegador Chromium...
2026-09-16 12:13:49,118 [INFO] Abriendo login: https://appweb.asfi.gob.bo/SCIP/Login.aspx?ReturnUrl=%2fSCIP%2fmControlPlazos%2fControlPlazos.aspx
2026-09-16 12:13:54,613 [INFO] Ingresando credenciales...
2026-09-16 12:13:59,080 [INFO] Login exitoso
2026-09-16 12:14:14,671 [INFO] Procesando pagina 1 de la tabla...
2026-09-16 12:14:14,697 [INFO] Filas encontradas en pagina 1: 10
2026-09-16 12:14:15,560 [INFO] Navegador cerrado.
2026-09-16 12:14:15,589 [INFO] Filas fuera de las obligaciones vigentes ignoradas: 1
2026-09-16 12:14:15,673 [INFO] Validando obligaciones configuradas para 15/9/2026...
2026-09-16 12:14:15,673 [INFO] Reportes mensuales enviados fuera de plazo; se mantienen en Reportes Vencidos sin enviar alerta: ['Reporte de transacciones relativas a la compra de activos virtuales']
2026-09-16 12:14:15,678 [INFO] Estado de los reportes (9 ✅ | 0 ❌ | 0 ⚠️ | 1 ⏱️ | 0 ⏳):
2026-09-16 12:14:15,678 [INFO]   ✅ D007 IF - Diario Operaciones Interbancarias (CCM | corte 2026-09-15)
2026-09-16 12:14:15,679 [INFO]   ✅ D006 IF - Diario Tasas de Interés Activas (CCM | corte 2026-09-15)
2026-09-16 12:14:15,679 [INFO]   ✅ D008 IF - Diario Tipo de Cambio (CCM | corte 2026-09-15)
2026-09-16 12:14:15,679 [INFO]   ✅ D008 IF - Diario Tipo de Cambio (CCM | corte 2026-09-15)
2026-09-16 12:14:15,679 [INFO]   ✅ Ampliación de plazo de reclamos de primera instancia (CCM | corte 2026-09-15)
2026-09-16 12:14:15,679 [INFO]   ✅ Reporte de Transacciones con el Exterior Diario (CCM | corte 2026-09-15)
2026-09-16 12:14:15,679 [INFO]   ✅ D001-D005 IF - Diario Encaje (CCM | corte 2026-09-15)
2026-09-16 12:14:15,679 [INFO]   ✅ D012 - Créditos refinanciados y/o reprogramados (CCM | corte 2026-09-15)
2026-09-16 12:14:15,679 [INFO]   ✅ REPORTE DIARIO DE RETIRO DE DEPÓSITOS EN MONEDA EXTRANJERA (CCM | corte 2026-09-15)
2026-09-16 12:14:15,679 [INFO]   ⏱️ Reporte de transacciones relativas a la compra de activos virtuales (MENSUAL ENVIADO FUERA DE PLAZO)
2026-09-16 12:14:15,679 [INFO] Resumen: 9 exitosos | 0 pendientes | 0 errores | 0 faltantes | 1 tardíos | 0 sin enviar (dentro de plazo)
2026-09-16 12:14:15,683 [INFO] Revisión completada. Próxima en 15 min.
2026-09-16 12:29:15,726 [INFO] ============================================================
2026-09-16 12:29:15,727 [INFO] Iniciando revisión: 2026-09-16 12:29:15
2026-09-16 12:29:15,761 [INFO] Rangos de consulta: 15/9/2026 a 15/9/2026
2026-09-16 12:29:15,762 [INFO] Fechas a consultar: 15/9/2026 a 15/9/2026
2026-09-16 12:29:17,033 [INFO] Iniciando navegador Chromium...
2026-09-16 12:29:29,902 [INFO] Abriendo login: https://appweb.asfi.gob.bo/SCIP/Login.aspx?ReturnUrl=%2fSCIP%2fmControlPlazos%2fControlPlazos.aspx
2026-09-16 12:29:39,223 [INFO] Ingresando credenciales...
2026-09-16 12:29:43,740 [INFO] Login exitoso
2026-09-16 12:29:59,750 [INFO] Procesando pagina 1 de la tabla...
2026-09-16 12:29:59,781 [INFO] Filas encontradas en pagina 1: 10
2026-09-16 12:30:00,661 [INFO] Navegador cerrado.
2026-09-16 12:30:00,694 [INFO] Filas fuera de las obligaciones vigentes ignoradas: 1
2026-09-16 12:30:00,767 [INFO] Validando obligaciones configuradas para 15/9/2026...
2026-09-16 12:30:00,767 [INFO] Reportes mensuales enviados fuera de plazo; se mantienen en Reportes Vencidos sin enviar alerta: ['Reporte de transacciones relativas a la compra de activos virtuales']
2026-09-16 12:30:00,769 [INFO] Estado de los reportes (9 ✅ | 0 ❌ | 0 ⚠️ | 1 ⏱️ | 0 ⏳):
2026-09-16 12:30:00,769 [INFO]   ✅ D007 IF - Diario Operaciones Interbancarias (CCM | corte 2026-09-15)
2026-09-16 12:30:00,769 [INFO]   ✅ D006 IF - Diario Tasas de Interés Activas (CCM | corte 2026-09-15)
2026-09-16 12:30:00,769 [INFO]   ✅ D008 IF - Diario Tipo de Cambio (CCM | corte 2026-09-15)
2026-09-16 12:30:00,769 [INFO]   ✅ D008 IF - Diario Tipo de Cambio (CCM | corte 2026-09-15)
2026-09-16 12:30:00,769 [INFO]   ✅ Ampliación de plazo de reclamos de primera instancia (CCM | corte 2026-09-15)
2026-09-16 12:30:00,769 [INFO]   ✅ Reporte de Transacciones con el Exterior Diario (CCM | corte 2026-09-15)
2026-09-16 12:30:00,770 [INFO]   ✅ D001-D005 IF - Diario Encaje (CCM | corte 2026-09-15)
2026-09-16 12:30:00,770 [INFO]   ✅ D012 - Créditos refinanciados y/o reprogramados (CCM | corte 2026-09-15)
2026-09-16 12:30:00,770 [INFO]   ✅ REPORTE DIARIO DE RETIRO DE DEPÓSITOS EN MONEDA EXTRANJERA (CCM | corte 2026-09-15)
2026-09-16 12:30:00,770 [INFO]   ⏱️ Reporte de transacciones relativas a la compra de activos virtuales (MENSUAL ENVIADO FUERA DE PLAZO)
2026-09-16 12:30:00,770 [INFO] Resumen: 9 exitosos | 0 pendientes | 0 errores | 0 faltantes | 1 tardíos | 0 sin enviar (dentro de plazo)
2026-09-16 12:30:00,771 [INFO] Revisión completada. Próxima en 15 min.
2026-09-16 12:45:00,805 [INFO] ============================================================
2026-09-16 12:45:00,806 [INFO] Iniciando revisión: 2026-09-16 12:45:00
2026-09-16 12:45:00,883 [INFO] Rangos de consulta: 15/9/2026 a 15/9/2026
2026-09-16 12:45:00,883 [INFO] Fechas a consultar: 15/9/2026 a 15/9/2026
2026-09-16 12:45:01,795 [INFO] Iniciando navegador Chromium...
2026-09-16 12:45:06,842 [INFO] Abriendo login: https://appweb.asfi.gob.bo/SCIP/Login.aspx?ReturnUrl=%2fSCIP%2fmControlPlazos%2fControlPlazos.aspx
2026-09-16 12:45:12,255 [INFO] Ingresando credenciales...
2026-09-16 12:45:17,259 [INFO] Login exitoso
2026-09-16 12:45:34,235 [INFO] Procesando pagina 1 de la tabla...
2026-09-16 12:45:34,267 [INFO] Filas encontradas en pagina 1: 10
2026-09-16 12:45:35,123 [INFO] Navegador cerrado.
2026-09-16 12:45:35,141 [INFO] Filas fuera de las obligaciones vigentes ignoradas: 1
2026-09-16 12:45:35,186 [INFO] Validando obligaciones configuradas para 15/9/2026...
2026-09-16 12:45:35,186 [INFO] Reportes mensuales enviados fuera de plazo; se mantienen en Reportes Vencidos sin enviar alerta: ['Reporte de transacciones relativas a la compra de activos virtuales']
2026-09-16 12:45:35,188 [INFO] Estado de los reportes (9 ✅ | 0 ❌ | 0 ⚠️ | 1 ⏱️ | 0 ⏳):
2026-09-16 12:45:35,189 [INFO]   ✅ D007 IF - Diario Operaciones Interbancarias (CCM | corte 2026-09-15)
2026-09-16 12:45:35,189 [INFO]   ✅ D006 IF - Diario Tasas de Interés Activas (CCM | corte 2026-09-15)
2026-09-16 12:45:35,189 [INFO]   ✅ D008 IF - Diario Tipo de Cambio (CCM | corte 2026-09-15)
2026-09-16 12:45:35,189 [INFO]   ✅ D008 IF - Diario Tipo de Cambio (CCM | corte 2026-09-15)
2026-09-16 12:45:35,189 [INFO]   ✅ Ampliación de plazo de reclamos de primera instancia (CCM | corte 2026-09-15)
2026-09-16 12:45:35,189 [INFO]   ✅ Reporte de Transacciones con el Exterior Diario (CCM | corte 2026-09-15)
2026-09-16 12:45:35,189 [INFO]   ✅ D001-D005 IF - Diario Encaje (CCM | corte 2026-09-15)
2026-09-16 12:45:35,189 [INFO]   ✅ D012 - Créditos refinanciados y/o reprogramados (CCM | corte 2026-09-15)
2026-09-16 12:45:35,189 [INFO]   ✅ REPORTE DIARIO DE RETIRO DE DEPÓSITOS EN MONEDA EXTRANJERA (CCM | corte 2026-09-15)
2026-09-16 12:45:35,189 [INFO]   ⏱️ Reporte de transacciones relativas a la compra de activos virtuales (MENSUAL ENVIADO FUERA DE PLAZO)
2026-09-16 12:45:35,189 [INFO] Resumen: 9 exitosos | 0 pendientes | 0 errores | 0 faltantes | 1 tardíos | 0 sin enviar (dentro de plazo)
2026-09-16 12:45:35,191 [INFO] Revisión completada. Próxima en 15 min.
2026-09-16 13:00:35,236 [INFO] ============================================================
2026-09-16 13:00:35,238 [INFO] Iniciando revisión: 2026-09-16 13:00:35
2026-09-16 13:00:35,811 [INFO] Rangos de consulta: 15/9/2026 a 15/9/2026
2026-09-16 13:00:35,812 [INFO] Fechas a consultar: 15/9/2026 a 15/9/2026
2026-09-16 13:00:36,733 [INFO] Iniciando navegador Chromium...
2026-09-16 13:00:52,198 [INFO] Abriendo login: https://appweb.asfi.gob.bo/SCIP/Login.aspx?ReturnUrl=%2fSCIP%2fmControlPlazos%2fControlPlazos.aspx
2026-09-16 13:00:57,596 [INFO] Ingresando credenciales...
2026-09-16 13:01:02,003 [INFO] Login exitoso
2026-09-16 13:01:18,642 [INFO] Procesando pagina 1 de la tabla...
2026-09-16 13:01:18,678 [INFO] Filas encontradas en pagina 1: 10
2026-09-16 13:01:19,341 [INFO] Navegador cerrado.
2026-09-16 13:01:19,359 [INFO] Filas fuera de las obligaciones vigentes ignoradas: 1
2026-09-16 13:01:19,398 [INFO] Validando obligaciones configuradas para 15/9/2026...
2026-09-16 13:01:19,398 [INFO] Reportes mensuales enviados fuera de plazo; se mantienen en Reportes Vencidos sin enviar alerta: ['Reporte de transacciones relativas a la compra de activos virtuales']
2026-09-16 13:01:19,400 [INFO] Estado de los reportes (9 ✅ | 0 ❌ | 0 ⚠️ | 1 ⏱️ | 0 ⏳):
2026-09-16 13:01:19,400 [INFO]   ✅ D007 IF - Diario Operaciones Interbancarias (CCM | corte 2026-09-15)
2026-09-16 13:01:19,400 [INFO]   ✅ D006 IF - Diario Tasas de Interés Activas (CCM | corte 2026-09-15)
2026-09-16 13:01:19,400 [INFO]   ✅ D008 IF - Diario Tipo de Cambio (CCM | corte 2026-09-15)
2026-09-16 13:01:19,400 [INFO]   ✅ D008 IF - Diario Tipo de Cambio (CCM | corte 2026-09-15)
2026-09-16 13:01:19,400 [INFO]   ✅ Ampliación de plazo de reclamos de primera instancia (CCM | corte 2026-09-15)
2026-09-16 13:01:19,400 [INFO]   ✅ Reporte de Transacciones con el Exterior Diario (CCM | corte 2026-09-15)
2026-09-16 13:01:19,400 [INFO]   ✅ D001-D005 IF - Diario Encaje (CCM | corte 2026-09-15)
2026-09-16 13:01:19,400 [INFO]   ✅ D012 - Créditos refinanciados y/o reprogramados (CCM | corte 2026-09-15)
2026-09-16 13:01:19,400 [INFO]   ✅ REPORTE DIARIO DE RETIRO DE DEPÓSITOS EN MONEDA EXTRANJERA (CCM | corte 2026-09-15)
2026-09-16 13:01:19,400 [INFO]   ⏱️ Reporte de transacciones relativas a la compra de activos virtuales (MENSUAL ENVIADO FUERA DE PLAZO)
2026-09-16 13:01:19,400 [INFO] Resumen: 9 exitosos | 0 pendientes | 0 errores | 0 faltantes | 1 tardíos | 0 sin enviar (dentro de plazo)
2026-09-16 13:01:19,402 [INFO] Revisión completada. Próxima en 15 min.
2026-09-16 13:16:19,427 [INFO] ============================================================
2026-09-16 13:16:19,428 [INFO] Iniciando revisión: 2026-09-16 13:16:19
2026-09-16 13:16:19,511 [INFO] Rangos de consulta: 15/9/2026 a 15/9/2026
2026-09-16 13:16:19,511 [INFO] Fechas a consultar: 15/9/2026 a 15/9/2026
2026-09-16 13:16:20,418 [INFO] Iniciando navegador Chromium...
2026-09-16 13:16:25,078 [INFO] Abriendo login: https://appweb.asfi.gob.bo/SCIP/Login.aspx?ReturnUrl=%2fSCIP%2fmControlPlazos%2fControlPlazos.aspx
2026-09-16 13:16:30,437 [INFO] Ingresando credenciales...
2026-09-16 13:16:35,156 [INFO] Login exitoso
2026-09-16 13:16:52,095 [INFO] Procesando pagina 1 de la tabla...
2026-09-16 13:16:52,125 [INFO] Filas encontradas en pagina 1: 10
2026-09-16 13:16:52,787 [INFO] Navegador cerrado.
2026-09-16 13:16:52,807 [INFO] Filas fuera de las obligaciones vigentes ignoradas: 1
2026-09-16 13:16:52,846 [INFO] Validando obligaciones configuradas para 15/9/2026...
2026-09-16 13:16:52,846 [INFO] Reportes mensuales enviados fuera de plazo; se mantienen en Reportes Vencidos sin enviar alerta: ['Reporte de transacciones relativas a la compra de activos virtuales']
2026-09-16 13:16:52,848 [INFO] Estado de los reportes (9 ✅ | 0 ❌ | 0 ⚠️ | 1 ⏱️ | 0 ⏳):
2026-09-16 13:16:52,848 [INFO]   ✅ D007 IF - Diario Operaciones Interbancarias (CCM | corte 2026-09-15)
2026-09-16 13:16:52,848 [INFO]   ✅ D006 IF - Diario Tasas de Interés Activas (CCM | corte 2026-09-15)
2026-09-16 13:16:52,849 [INFO]   ✅ D008 IF - Diario Tipo de Cambio (CCM | corte 2026-09-15)
2026-09-16 13:16:52,849 [INFO]   ✅ D008 IF - Diario Tipo de Cambio (CCM | corte 2026-09-15)
2026-09-16 13:16:52,849 [INFO]   ✅ Ampliación de plazo de reclamos de primera instancia (CCM | corte 2026-09-15)
2026-09-16 13:16:52,849 [INFO]   ✅ Reporte de Transacciones con el Exterior Diario (CCM | corte 2026-09-15)
2026-09-16 13:16:52,849 [INFO]   ✅ D001-D005 IF - Diario Encaje (CCM | corte 2026-09-15)
2026-09-16 13:16:52,849 [INFO]   ✅ D012 - Créditos refinanciados y/o reprogramados (CCM | corte 2026-09-15)
2026-09-16 13:16:52,849 [INFO]   ✅ REPORTE DIARIO DE RETIRO DE DEPÓSITOS EN MONEDA EXTRANJERA (CCM | corte 2026-09-15)
2026-09-16 13:16:52,849 [INFO]   ⏱️ Reporte de transacciones relativas a la compra de activos virtuales (MENSUAL ENVIADO FUERA DE PLAZO)
2026-09-16 13:16:52,849 [INFO] Resumen: 9 exitosos | 0 pendientes | 0 errores | 0 faltantes | 1 tardíos | 0 sin enviar (dentro de plazo)
2026-09-16 13:16:52,851 [INFO] Revisión completada. Próxima en 15 min.
2026-09-16 13:31:52,875 [INFO] ============================================================
2026-09-16 13:31:52,876 [INFO] Iniciando revisión: 2026-09-16 13:31:52
2026-09-16 13:31:52,956 [INFO] Rangos de consulta: 15/9/2026 a 15/9/2026
2026-09-16 13:31:52,957 [INFO] Fechas a consultar: 15/9/2026 a 15/9/2026
2026-09-16 13:31:54,139 [INFO] Iniciando navegador Chromium...
2026-09-16 13:32:02,917 [INFO] Abriendo login: https://appweb.asfi.gob.bo/SCIP/Login.aspx?ReturnUrl=%2fSCIP%2fmControlPlazos%2fControlPlazos.aspx
2026-09-16 13:32:08,571 [INFO] Ingresando credenciales...
2026-09-16 13:32:13,090 [INFO] Login exitoso
2026-09-16 13:32:29,825 [INFO] Procesando pagina 1 de la tabla...
2026-09-16 13:32:29,855 [INFO] Filas encontradas en pagina 1: 10
2026-09-16 13:32:30,569 [INFO] Navegador cerrado.
2026-09-16 13:32:30,595 [INFO] Filas fuera de las obligaciones vigentes ignoradas: 1
2026-09-16 13:32:30,661 [INFO] Validando obligaciones configuradas para 15/9/2026...
2026-09-16 13:32:30,661 [INFO] Reportes mensuales enviados fuera de plazo; se mantienen en Reportes Vencidos sin enviar alerta: ['Reporte de transacciones relativas a la compra de activos virtuales']
2026-09-16 13:32:30,663 [INFO] Estado de los reportes (9 ✅ | 0 ❌ | 0 ⚠️ | 1 ⏱️ | 0 ⏳):
2026-09-16 13:32:30,663 [INFO]   ✅ D007 IF - Diario Operaciones Interbancarias (CCM | corte 2026-09-15)
2026-09-16 13:32:30,663 [INFO]   ✅ D006 IF - Diario Tasas de Interés Activas (CCM | corte 2026-09-15)
2026-09-16 13:32:30,663 [INFO]   ✅ D008 IF - Diario Tipo de Cambio (CCM | corte 2026-09-15)
2026-09-16 13:32:30,663 [INFO]   ✅ D008 IF - Diario Tipo de Cambio (CCM | corte 2026-09-15)
2026-09-16 13:32:30,664 [INFO]   ✅ Ampliación de plazo de reclamos de primera instancia (CCM | corte 2026-09-15)
2026-09-16 13:32:30,664 [INFO]   ✅ Reporte de Transacciones con el Exterior Diario (CCM | corte 2026-09-15)
2026-09-16 13:32:30,664 [INFO]   ✅ D001-D005 IF - Diario Encaje (CCM | corte 2026-09-15)
2026-09-16 13:32:30,664 [INFO]   ✅ D012 - Créditos refinanciados y/o reprogramados (CCM | corte 2026-09-15)
2026-09-16 13:32:30,664 [INFO]   ✅ REPORTE DIARIO DE RETIRO DE DEPÓSITOS EN MONEDA EXTRANJERA (CCM | corte 2026-09-15)
2026-09-16 13:32:30,664 [INFO]   ⏱️ Reporte de transacciones relativas a la compra de activos virtuales (MENSUAL ENVIADO FUERA DE PLAZO)
2026-09-16 13:32:30,664 [INFO] Resumen: 9 exitosos | 0 pendientes | 0 errores | 0 faltantes | 1 tardíos | 0 sin enviar (dentro de plazo)
2026-09-16 13:32:30,665 [INFO] Revisión completada. Próxima en 15 min.
2026-09-16 13:43:42,475 [INFO] Monitor detenido por el usuario.
2026-09-16 13:43:42,479 [INFO] [NOTIFICACION] ASFI/SCIP Monitor detenido: El monitoreo fue detenido manualmente.
2026-09-16 13:59:10,848 [INFO] Reporte subsanado por duplicado exitoso: Reporte de Prueba (, ocurrencia=única)
2026-09-16 13:59:10,902 [INFO] Reporte subsanado por duplicado exitoso: Reporte de Prueba (2026-09-02, ocurrencia=1)
2026-09-16 13:59:10,966 [INFO] ============================================================
2026-09-16 13:59:10,966 [INFO] Iniciando revisión: 2026-09-03 13:00:00
2026-09-16 13:59:10,992 [INFO] Rangos de consulta: 31/8/2026 a 31/8/2026, 2/9/2026 a 2/9/2026
2026-09-16 13:59:11,017 [INFO] Reporte exitoso tardío resuelto sin alerta: Reporte de transacciones relativas a la compra de activos virtuales
2026-09-16 13:59:11,017 [INFO] Validando obligaciones configuradas para 2/9/2026...
2026-09-16 13:59:11,017 [WARNING] ⚠️  Reportes diarios FALTANTES: ['Ampliación de plazo de reclamos de primera instancia', 'D001-D005 IF - Diario Encaje', 'D006 IF - Diario Tasas de Interés Activas', 'D007 IF - Diario Operaciones Interbancarias', 'D008 IF - Diario Tipo de Cambio', 'D008 IF - Diario Tipo de Cambio', 'D012 - Créditos refinanciados y/o reprogramados', 'REPORTE DIARIO DE RETIRO DE DEPÓSITOS EN MONEDA EXTRANJERA', 'Reporte de Transacciones con el Exterior Diario']
2026-09-16 13:59:11,017 [WARNING] ⚠️ Reportes semanales VENCIDOS: ['CS - Cartera Semanal', 'S001-S005 IF - Semanal Reportes Liquidez', 'Solicitud de Créditos - PREAMyPes - Semanal']
2026-09-16 13:59:11,017 [WARNING] ⚠️ Reportes mensuales FALTANTES: ['Detalle de Créditos - CAPROSEN', 'M019 IF - Mensual Tasas Pasivas', 'MB01-MB20 Mensual Balance', 'Mensual Solicitudes de Créditos - PEDAEEL', 'Solicitud de Créditos - PREAMyPes - Mensual']
2026-09-16 13:59:11,017 [INFO] Reportes mensuales enviados fuera de plazo; se mantienen en Reportes Vencidos sin enviar alerta: ['Reporte de transacciones relativas a la compra de activos virtuales']
2026-09-16 13:59:11,018 [INFO] Estado de los reportes (1 ✅ | 0 ❌ | 17 ⚠️ | 1 ⏱️ | 0 ⏳):
2026-09-16 13:59:11,018 [INFO]   ✅ Reporte de transacciones relativas a la compra de activos virtuales (TEST | corte 31/8/2026)
2026-09-16 13:59:11,018 [INFO]   ⚠️ Ampliación de plazo de reclamos de primera instancia (FALTANTE)
2026-09-16 13:59:11,018 [INFO]   ⚠️ D001-D005 IF - Diario Encaje (FALTANTE)
2026-09-16 13:59:11,018 [INFO]   ⚠️ D006 IF - Diario Tasas de Interés Activas (FALTANTE)
2026-09-16 13:59:11,018 [INFO]   ⚠️ D007 IF - Diario Operaciones Interbancarias (FALTANTE)
2026-09-16 13:59:11,018 [INFO]   ⚠️ D008 IF - Diario Tipo de Cambio (FALTANTE)
2026-09-16 13:59:11,018 [INFO]   ⚠️ D008 IF - Diario Tipo de Cambio (FALTANTE)
2026-09-16 13:59:11,018 [INFO]   ⚠️ D012 - Créditos refinanciados y/o reprogramados (FALTANTE)
2026-09-16 13:59:11,018 [INFO]   ⚠️ REPORTE DIARIO DE RETIRO DE DEPÓSITOS EN MONEDA EXTRANJERA (FALTANTE)
2026-09-16 13:59:11,018 [INFO]   ⚠️ Reporte de Transacciones con el Exterior Diario (FALTANTE)
2026-09-16 13:59:11,018 [INFO]   ⚠️ CS - Cartera Semanal (SEMANAL VENCIDO SIN ENVIAR)
2026-09-16 13:59:11,018 [INFO]   ⚠️ S001-S005 IF - Semanal Reportes Liquidez (SEMANAL VENCIDO SIN ENVIAR)
2026-09-16 13:59:11,018 [INFO]   ⚠️ Solicitud de Créditos - PREAMyPes - Semanal (SEMANAL VENCIDO SIN ENVIAR)
2026-09-16 13:59:11,018 [INFO]   ⚠️ Detalle de Créditos - CAPROSEN (MENSUAL FALTANTE)
2026-09-16 13:59:11,018 [INFO]   ⚠️ M019 IF - Mensual Tasas Pasivas (MENSUAL FALTANTE)
2026-09-16 13:59:11,019 [INFO]   ⚠️ MB01-MB20 Mensual Balance (MENSUAL FALTANTE)
2026-09-16 13:59:11,019 [INFO]   ⚠️ Mensual Solicitudes de Créditos - PEDAEEL (MENSUAL FALTANTE)
2026-09-16 13:59:11,019 [INFO]   ⚠️ Solicitud de Créditos - PREAMyPes - Mensual (MENSUAL FALTANTE)
2026-09-16 13:59:11,019 [INFO]   ⏱️ Reporte de transacciones relativas a la compra de activos virtuales (MENSUAL ENVIADO FUERA DE PLAZO)
2026-09-16 13:59:11,019 [INFO] Resumen: 1 exitosos | 0 pendientes | 0 errores | 17 faltantes | 1 tardíos | 0 sin enviar (dentro de plazo)
2026-09-16 13:59:11,019 [INFO] Revisión completada. Próxima en 15 min.
2026-09-16 14:02:30,702 [INFO] Reporte subsanado por duplicado exitoso: Reporte de Prueba (, ocurrencia=única)
2026-09-16 14:02:30,768 [INFO] Reporte subsanado por duplicado exitoso: Reporte de Prueba (2026-09-02, ocurrencia=1)
2026-09-16 14:02:30,842 [INFO] ============================================================
2026-09-16 14:02:30,842 [INFO] Iniciando revisión: 2026-09-03 13:00:00
2026-09-16 14:02:30,867 [INFO] Rangos de consulta: 31/8/2026 a 31/8/2026, 2/9/2026 a 2/9/2026
2026-09-16 14:02:30,890 [INFO] Reporte exitoso tardío resuelto sin alerta: Reporte de transacciones relativas a la compra de activos virtuales
2026-09-16 14:02:30,890 [INFO] Validando obligaciones configuradas para 2/9/2026...
2026-09-16 14:02:30,891 [WARNING] ⚠️  Reportes diarios FALTANTES: ['Ampliación de plazo de reclamos de primera instancia', 'D001-D005 IF - Diario Encaje', 'D006 IF - Diario Tasas de Interés Activas', 'D007 IF - Diario Operaciones Interbancarias', 'D008 IF - Diario Tipo de Cambio', 'D008 IF - Diario Tipo de Cambio', 'D012 - Créditos refinanciados y/o reprogramados', 'REPORTE DIARIO DE RETIRO DE DEPÓSITOS EN MONEDA EXTRANJERA', 'Reporte de Transacciones con el Exterior Diario']
2026-09-16 14:02:30,892 [WARNING] ⚠️ Reportes semanales VENCIDOS: ['CS - Cartera Semanal', 'S001-S005 IF - Semanal Reportes Liquidez', 'Solicitud de Créditos - PREAMyPes - Semanal']
2026-09-16 14:02:30,893 [WARNING] ⚠️ Reportes mensuales FALTANTES: ['Detalle de Créditos - CAPROSEN', 'M019 IF - Mensual Tasas Pasivas', 'MB01-MB20 Mensual Balance', 'Mensual Solicitudes de Créditos - PEDAEEL', 'Solicitud de Créditos - PREAMyPes - Mensual']
2026-09-16 14:02:30,893 [INFO] Reportes mensuales enviados fuera de plazo; se mantienen en Reportes Vencidos sin enviar alerta: ['Reporte de transacciones relativas a la compra de activos virtuales']
2026-09-16 14:02:30,894 [INFO] Estado de los reportes (1 ✅ | 0 ❌ | 17 ⚠️ | 1 ⏱️ | 0 ⏳):
2026-09-16 14:02:30,894 [INFO]   ✅ Reporte de transacciones relativas a la compra de activos virtuales (TEST | corte 31/8/2026)
2026-09-16 14:02:30,894 [INFO]   ⚠️ Ampliación de plazo de reclamos de primera instancia (FALTANTE)
2026-09-16 14:02:30,894 [INFO]   ⚠️ D001-D005 IF - Diario Encaje (FALTANTE)
2026-09-16 14:02:30,895 [INFO]   ⚠️ D006 IF - Diario Tasas de Interés Activas (FALTANTE)
2026-09-16 14:02:30,895 [INFO]   ⚠️ D007 IF - Diario Operaciones Interbancarias (FALTANTE)
2026-09-16 14:02:30,895 [INFO]   ⚠️ D008 IF - Diario Tipo de Cambio (FALTANTE)
2026-09-16 14:02:30,895 [INFO]   ⚠️ D008 IF - Diario Tipo de Cambio (FALTANTE)
2026-09-16 14:02:30,895 [INFO]   ⚠️ D012 - Créditos refinanciados y/o reprogramados (FALTANTE)
2026-09-16 14:02:30,895 [INFO]   ⚠️ REPORTE DIARIO DE RETIRO DE DEPÓSITOS EN MONEDA EXTRANJERA (FALTANTE)
2026-09-16 14:02:30,895 [INFO]   ⚠️ Reporte de Transacciones con el Exterior Diario (FALTANTE)
2026-09-16 14:02:30,895 [INFO]   ⚠️ CS - Cartera Semanal (SEMANAL VENCIDO SIN ENVIAR)
2026-09-16 14:02:30,896 [INFO]   ⚠️ S001-S005 IF - Semanal Reportes Liquidez (SEMANAL VENCIDO SIN ENVIAR)
2026-09-16 14:02:30,896 [INFO]   ⚠️ Solicitud de Créditos - PREAMyPes - Semanal (SEMANAL VENCIDO SIN ENVIAR)
2026-09-16 14:02:30,896 [INFO]   ⚠️ Detalle de Créditos - CAPROSEN (MENSUAL FALTANTE)
2026-09-16 14:02:30,896 [INFO]   ⚠️ M019 IF - Mensual Tasas Pasivas (MENSUAL FALTANTE)
2026-09-16 14:02:30,896 [INFO]   ⚠️ MB01-MB20 Mensual Balance (MENSUAL FALTANTE)
2026-09-16 14:02:30,896 [INFO]   ⚠️ Mensual Solicitudes de Créditos - PEDAEEL (MENSUAL FALTANTE)
2026-09-16 14:02:30,896 [INFO]   ⚠️ Solicitud de Créditos - PREAMyPes - Mensual (MENSUAL FALTANTE)
2026-09-16 14:02:30,896 [INFO]   ⏱️ Reporte de transacciones relativas a la compra de activos virtuales (MENSUAL ENVIADO FUERA DE PLAZO)
2026-09-16 14:02:30,896 [INFO] Resumen: 1 exitosos | 0 pendientes | 0 errores | 17 faltantes | 1 tardíos | 0 sin enviar (dentro de plazo)
2026-09-16 14:02:30,897 [INFO] Revisión completada. Próxima en 15 min.
2026-09-16 15:58:14,478 [INFO] ============================================================
2026-09-16 15:58:14,479 [INFO] Iniciando revisión: 2026-09-16 15:58:14
2026-09-16 15:58:14,537 [INFO] Rangos de consulta: 15/9/2026 a 15/9/2026
2026-09-16 15:58:15,771 [INFO] Fechas a consultar: 15/9/2026 a 15/9/2026
2026-09-16 15:58:19,470 [INFO] Iniciando navegador Chromium...
2026-09-16 15:58:28,300 [INFO] Abriendo login: https://appweb.asfi.gob.bo/SCIP/Login.aspx?ReturnUrl=%2fSCIP%2fmControlPlazos%2fControlPlazos.aspx
2026-09-16 15:58:34,457 [INFO] Ingresando credenciales...
2026-09-16 15:58:52,018 [INFO] Login exitoso
2026-09-16 15:59:08,450 [INFO] Procesando pagina 1 de la tabla...
2026-09-16 15:59:08,480 [INFO] Filas encontradas en pagina 1: 10
2026-09-16 15:59:09,286 [INFO] Navegador cerrado.
2026-09-16 15:59:09,314 [INFO] Filas fuera de las obligaciones vigentes ignoradas: 1
2026-09-16 15:59:09,360 [INFO] Validando obligaciones configuradas para 15/9/2026...
2026-09-16 15:59:09,362 [WARNING] ⚠️  Reportes diarios FALTANTES: ['Ampliación de plazo de reclamos de primera instancia', 'D001-D005 IF - Diario Encaje', 'D006 IF - Diario Tasas de Interés Activas', 'D007 IF - Diario Operaciones Interbancarias', 'D008 IF - Diario Tipo de Cambio', 'D008 IF - Diario Tipo de Cambio', 'D012 - Créditos refinanciados y/o reprogramados', 'REPORTE DIARIO DE RETIRO DE DEPÓSITOS EN MONEDA EXTRANJERA', 'Reporte de Transacciones con el Exterior Diario', 'Ampliación de plazo de reclamos de primera instancia', 'D001-D005 IF - Diario Encaje', 'D006 IF - Diario Tasas de Interés Activas', 'D007 IF - Diario Operaciones Interbancarias', 'D008 IF - Diario Tipo de Cambio', 'D012 - Créditos refinanciados y/o reprogramados', 'REPORTE DIARIO DE RETIRO DE DEPÓSITOS EN MONEDA EXTRANJERA', 'Reporte de Transacciones con el Exterior Diario']
2026-09-16 15:59:09,362 [INFO] [NOTIFICACION] ?? ASFI/SCIP Monitor - 17 reportes FALTANTES: Fecha: 15/9/2026

  ? Ampliaci?n de plazo de reclamos de primera instancia
  ? D001-D005 IF - Diario
2026-09-16 15:59:09,362 [INFO] [URGENTE] Enviando notificacion por un metodo disponible...
2026-09-16 15:59:25,990 [INFO] Reportes mensuales enviados fuera de plazo; se mantienen en Reportes Vencidos sin enviar alerta: ['Reporte de transacciones relativas a la compra de activos virtuales']
2026-09-16 15:59:25,994 [INFO] Estado de los reportes (9 ✅ | 0 ❌ | 17 ⚠️ | 1 ⏱️ | 0 ⏳):
2026-09-16 15:59:25,994 [INFO]   ✅ D007 IF - Diario Operaciones Interbancarias (CCM | corte 2026-09-15)
2026-09-16 15:59:25,994 [INFO]   ✅ D006 IF - Diario Tasas de Interés Activas (CCM | corte 2026-09-15)
2026-09-16 15:59:25,994 [INFO]   ✅ D008 IF - Diario Tipo de Cambio (CCM | corte 2026-09-15)
2026-09-16 15:59:25,994 [INFO]   ✅ D008 IF - Diario Tipo de Cambio (CCM | corte 2026-09-15)
2026-09-16 15:59:25,995 [INFO]   ✅ Ampliación de plazo de reclamos de primera instancia (CCM | corte 2026-09-15)
2026-09-16 15:59:25,995 [INFO]   ✅ Reporte de Transacciones con el Exterior Diario (CCM | corte 2026-09-15)
2026-09-16 15:59:25,995 [INFO]   ✅ D001-D005 IF - Diario Encaje (CCM | corte 2026-09-15)
2026-09-16 15:59:25,995 [INFO]   ✅ D012 - Créditos refinanciados y/o reprogramados (CCM | corte 2026-09-15)
2026-09-16 15:59:25,995 [INFO]   ✅ REPORTE DIARIO DE RETIRO DE DEPÓSITOS EN MONEDA EXTRANJERA (CCM | corte 2026-09-15)
2026-09-16 15:59:25,995 [INFO]   ⚠️ Ampliación de plazo de reclamos de primera instancia (FALTANTE)
2026-09-16 15:59:25,995 [INFO]   ⚠️ D001-D005 IF - Diario Encaje (FALTANTE)
2026-09-16 15:59:25,995 [INFO]   ⚠️ D006 IF - Diario Tasas de Interés Activas (FALTANTE)
2026-09-16 15:59:25,995 [INFO]   ⚠️ D007 IF - Diario Operaciones Interbancarias (FALTANTE)
2026-09-16 15:59:25,995 [INFO]   ⚠️ D008 IF - Diario Tipo de Cambio (FALTANTE)
2026-09-16 15:59:25,995 [INFO]   ⚠️ D008 IF - Diario Tipo de Cambio (FALTANTE)
2026-09-16 15:59:25,995 [INFO]   ⚠️ D012 - Créditos refinanciados y/o reprogramados (FALTANTE)
2026-09-16 15:59:25,995 [INFO]   ⚠️ REPORTE DIARIO DE RETIRO DE DEPÓSITOS EN MONEDA EXTRANJERA (FALTANTE)
2026-09-16 15:59:25,995 [INFO]   ⚠️ Reporte de Transacciones con el Exterior Diario (FALTANTE)
2026-09-16 15:59:25,995 [INFO]   ⚠️ Ampliación de plazo de reclamos de primera instancia (FALTANTE)
2026-09-16 15:59:25,995 [INFO]   ⚠️ D001-D005 IF - Diario Encaje (FALTANTE)
2026-09-16 15:59:25,995 [INFO]   ⚠️ D006 IF - Diario Tasas de Interés Activas (FALTANTE)
2026-09-16 15:59:25,995 [INFO]   ⚠️ D007 IF - Diario Operaciones Interbancarias (FALTANTE)
2026-09-16 15:59:25,996 [INFO]   ⚠️ D008 IF - Diario Tipo de Cambio (FALTANTE)
2026-09-16 15:59:25,996 [INFO]   ⚠️ D012 - Créditos refinanciados y/o reprogramados (FALTANTE)
2026-09-16 15:59:25,996 [INFO]   ⚠️ REPORTE DIARIO DE RETIRO DE DEPÓSITOS EN MONEDA EXTRANJERA (FALTANTE)
2026-09-16 15:59:25,996 [INFO]   ⚠️ Reporte de Transacciones con el Exterior Diario (FALTANTE)
2026-09-16 15:59:25,996 [INFO]   ⏱️ Reporte de transacciones relativas a la compra de activos virtuales (MENSUAL ENVIADO FUERA DE PLAZO)
2026-09-16 15:59:25,996 [INFO] Resumen: 9 exitosos | 0 pendientes | 0 errores | 17 faltantes | 1 tardíos | 0 sin enviar (dentro de plazo)
2026-09-16 15:59:25,999 [INFO] Revisión completada. Próxima en 15 min.
2026-09-16 16:02:00,623 [INFO] ============================================================
2026-09-16 16:02:00,623 [INFO] ASFI SCIP Monitor iniciado
2026-09-16 16:02:00,623 [INFO]   Usuario  : thomas.clavijo@comarapa.coop
2026-09-16 16:02:00,623 [INFO]   Intervalo: 15 minutos
2026-09-16 16:02:00,623 [INFO]   Headless : True
2026-09-16 16:02:00,623 [INFO]   Días atrás: 1
2026-09-16 16:02:00,623 [INFO]   Salida detallada: False
2026-09-16 16:02:00,623 [INFO] ============================================================
2026-09-16 16:02:00,856 [INFO] [NOTIFICACION] ASFI/SCIP Monitor iniciado: Monitoreando reportes cada 15 min.
2026-09-16 16:02:12,341 [INFO] ============================================================
2026-09-16 16:02:12,341 [INFO] Iniciando revisión: 2026-09-16 16:02:12
2026-09-16 16:02:12,390 [INFO] Rangos de consulta: 15/9/2026 a 15/9/2026
2026-09-16 16:02:12,391 [INFO] Fechas a consultar: 15/9/2026 a 15/9/2026
2026-09-16 16:02:13,321 [INFO] Iniciando navegador Chromium...
2026-09-16 16:02:17,621 [INFO] Abriendo login: https://appweb.asfi.gob.bo/SCIP/Login.aspx?ReturnUrl=%2fSCIP%2fmControlPlazos%2fControlPlazos.aspx
2026-09-16 16:02:20,621 [INFO] Ingresando credenciales...
2026-09-16 16:02:25,446 [INFO] Login exitoso
2026-09-16 16:02:44,220 [INFO] Procesando pagina 1 de la tabla...
2026-09-16 16:02:44,244 [INFO] Filas encontradas en pagina 1: 10
2026-09-16 16:02:44,943 [INFO] Navegador cerrado.
2026-09-16 16:02:44,961 [INFO] Filas fuera de las obligaciones vigentes ignoradas: 1
2026-09-16 16:02:45,005 [INFO] Validando obligaciones configuradas para 15/9/2026...
2026-09-16 16:02:45,005 [WARNING] ⚠️  Reportes diarios FALTANTES: ['Ampliación de plazo de reclamos de primera instancia', 'D001-D005 IF - Diario Encaje', 'D006 IF - Diario Tasas de Interés Activas', 'D007 IF - Diario Operaciones Interbancarias', 'D008 IF - Diario Tipo de Cambio', 'D008 IF - Diario Tipo de Cambio', 'D012 - Créditos refinanciados y/o reprogramados', 'REPORTE DIARIO DE RETIRO DE DEPÓSITOS EN MONEDA EXTRANJERA', 'Reporte de Transacciones con el Exterior Diario', 'Ampliación de plazo de reclamos de primera instancia', 'D001-D005 IF - Diario Encaje', 'D006 IF - Diario Tasas de Interés Activas', 'D007 IF - Diario Operaciones Interbancarias', 'D008 IF - Diario Tipo de Cambio', 'D012 - Créditos refinanciados y/o reprogramados', 'REPORTE DIARIO DE RETIRO DE DEPÓSITOS EN MONEDA EXTRANJERA', 'Reporte de Transacciones con el Exterior Diario']
2026-09-16 16:02:45,005 [INFO] [NOTIFICACION] ?? ASFI/SCIP Monitor - 17 reportes FALTANTES: Fecha: 15/9/2026

  ? Ampliaci?n de plazo de reclamos de primera instancia
  ? D001-D005 IF - Diario
2026-09-16 16:02:45,005 [INFO] [URGENTE] Enviando notificacion por un metodo disponible...
2026-09-16 16:03:01,614 [INFO] Reportes mensuales enviados fuera de plazo; se mantienen en Reportes Vencidos sin enviar alerta: ['Reporte de transacciones relativas a la compra de activos virtuales']
2026-09-16 16:03:01,620 [INFO] Estado de los reportes (9 ✅ | 0 ❌ | 17 ⚠️ | 1 ⏱️ | 0 ⏳):
2026-09-16 16:03:01,620 [INFO]   ✅ D007 IF - Diario Operaciones Interbancarias (CCM | corte 2026-09-15)
2026-09-16 16:03:01,621 [INFO]   ✅ D006 IF - Diario Tasas de Interés Activas (CCM | corte 2026-09-15)
2026-09-16 16:03:01,621 [INFO]   ✅ D008 IF - Diario Tipo de Cambio (CCM | corte 2026-09-15)
2026-09-16 16:03:01,621 [INFO]   ✅ D008 IF - Diario Tipo de Cambio (CCM | corte 2026-09-15)
2026-09-16 16:03:01,621 [INFO]   ✅ Ampliación de plazo de reclamos de primera instancia (CCM | corte 2026-09-15)
2026-09-16 16:03:01,621 [INFO]   ✅ Reporte de Transacciones con el Exterior Diario (CCM | corte 2026-09-15)
2026-09-16 16:03:01,622 [INFO]   ✅ D001-D005 IF - Diario Encaje (CCM | corte 2026-09-15)
2026-09-16 16:03:01,622 [INFO]   ✅ D012 - Créditos refinanciados y/o reprogramados (CCM | corte 2026-09-15)
2026-09-16 16:03:01,622 [INFO]   ✅ REPORTE DIARIO DE RETIRO DE DEPÓSITOS EN MONEDA EXTRANJERA (CCM | corte 2026-09-15)
2026-09-16 16:03:01,622 [INFO]   ⚠️ Ampliación de plazo de reclamos de primera instancia (FALTANTE)
2026-09-16 16:03:01,623 [INFO]   ⚠️ D001-D005 IF - Diario Encaje (FALTANTE)
2026-09-16 16:03:01,623 [INFO]   ⚠️ D006 IF - Diario Tasas de Interés Activas (FALTANTE)
2026-09-16 16:03:01,623 [INFO]   ⚠️ D007 IF - Diario Operaciones Interbancarias (FALTANTE)
2026-09-16 16:03:01,623 [INFO]   ⚠️ D008 IF - Diario Tipo de Cambio (FALTANTE)
2026-09-16 16:03:01,623 [INFO]   ⚠️ D008 IF - Diario Tipo de Cambio (FALTANTE)
2026-09-16 16:03:01,623 [INFO]   ⚠️ D012 - Créditos refinanciados y/o reprogramados (FALTANTE)
2026-09-16 16:03:01,623 [INFO]   ⚠️ REPORTE DIARIO DE RETIRO DE DEPÓSITOS EN MONEDA EXTRANJERA (FALTANTE)
2026-09-16 16:03:01,623 [INFO]   ⚠️ Reporte de Transacciones con el Exterior Diario (FALTANTE)
2026-09-16 16:03:01,623 [INFO]   ⚠️ Ampliación de plazo de reclamos de primera instancia (FALTANTE)
2026-09-16 16:03:01,623 [INFO]   ⚠️ D001-D005 IF - Diario Encaje (FALTANTE)
2026-09-16 16:03:01,623 [INFO]   ⚠️ D006 IF - Diario Tasas de Interés Activas (FALTANTE)
2026-09-16 16:03:01,624 [INFO]   ⚠️ D007 IF - Diario Operaciones Interbancarias (FALTANTE)
2026-09-16 16:03:01,624 [INFO]   ⚠️ D008 IF - Diario Tipo de Cambio (FALTANTE)
2026-09-16 16:03:01,624 [INFO]   ⚠️ D012 - Créditos refinanciados y/o reprogramados (FALTANTE)
2026-09-16 16:03:01,624 [INFO]   ⚠️ REPORTE DIARIO DE RETIRO DE DEPÓSITOS EN MONEDA EXTRANJERA (FALTANTE)
2026-09-16 16:03:01,624 [INFO]   ⚠️ Reporte de Transacciones con el Exterior Diario (FALTANTE)
2026-09-16 16:03:01,624 [INFO]   ⏱️ Reporte de transacciones relativas a la compra de activos virtuales (MENSUAL ENVIADO FUERA DE PLAZO)
2026-09-16 16:03:01,624 [INFO] Resumen: 9 exitosos | 0 pendientes | 0 errores | 17 faltantes | 1 tardíos | 0 sin enviar (dentro de plazo)
2026-09-16 16:03:01,626 [INFO] Revisión completada. Próxima en 15 min.
2026-09-16 16:03:01,628 [INFO] Scheduler activo. Revisando cada 15 minutos.
2026-09-16 16:03:01,628 [INFO] Presionar Ctrl+C para detener.
2026-09-16 16:03:33,864 [INFO] Monitor detenido por el usuario.
2026-09-16 16:03:33,865 [INFO] [NOTIFICACION] ASFI/SCIP Monitor detenido: El monitoreo fue detenido manualmente.
2026-09-16 16:03:55,976 [INFO] ============================================================
2026-09-16 16:03:55,977 [INFO] ASFI SCIP Monitor iniciado
2026-09-16 16:03:55,977 [INFO]   Usuario  : thomas.clavijo@comarapa.coop
2026-09-16 16:03:55,978 [INFO]   Intervalo: 15 minutos
2026-09-16 16:03:55,978 [INFO]   Headless : True
2026-09-16 16:03:55,979 [INFO]   Días atrás: 1
2026-09-16 16:03:55,979 [INFO]   Salida detallada: True
2026-09-16 16:03:55,979 [INFO] ============================================================
2026-09-16 16:03:56,146 [INFO] [NOTIFICACION] ASFI/SCIP Monitor iniciado: Monitoreando reportes cada 15 min.
2026-09-16 16:04:07,532 [INFO] ============================================================
2026-09-16 16:04:07,533 [INFO] Iniciando revisión: 2026-09-16 16:04:07
2026-09-16 16:04:07,574 [INFO] Rangos de consulta: 15/9/2026 a 15/9/2026
2026-09-16 16:04:07,575 [INFO] Fechas a consultar: 15/9/2026 a 15/9/2026
2026-09-16 16:04:08,490 [INFO] Iniciando navegador Chromium...
2026-09-16 16:04:13,748 [INFO] Abriendo login: https://appweb.asfi.gob.bo/SCIP/Login.aspx?ReturnUrl=%2fSCIP%2fmControlPlazos%2fControlPlazos.aspx
2026-09-16 16:04:16,999 [INFO] Ingresando credenciales...
2026-09-16 16:04:21,697 [INFO] Login exitoso
2026-09-16 16:04:38,927 [INFO] Procesando pagina 1 de la tabla...
2026-09-16 16:04:38,960 [INFO] Filas encontradas en pagina 1: 10
2026-09-16 16:04:39,712 [INFO] Navegador cerrado.
2026-09-16 16:04:39,732 [INFO] Filas fuera de las obligaciones vigentes ignoradas: 1
2026-09-16 16:04:39,792 [INFO] Validando obligaciones configuradas para 15/9/2026...
2026-09-16 16:04:39,793 [WARNING] ⚠️  Reportes diarios FALTANTES: ['Ampliación de plazo de reclamos de primera instancia', 'D001-D005 IF - Diario Encaje', 'D006 IF - Diario Tasas de Interés Activas', 'D007 IF - Diario Operaciones Interbancarias', 'D008 IF - Diario Tipo de Cambio', 'D008 IF - Diario Tipo de Cambio', 'D012 - Créditos refinanciados y/o reprogramados', 'REPORTE DIARIO DE RETIRO DE DEPÓSITOS EN MONEDA EXTRANJERA', 'Reporte de Transacciones con el Exterior Diario', 'Ampliación de plazo de reclamos de primera instancia', 'D001-D005 IF - Diario Encaje', 'D006 IF - Diario Tasas de Interés Activas', 'D007 IF - Diario Operaciones Interbancarias', 'D008 IF - Diario Tipo de Cambio', 'D012 - Créditos refinanciados y/o reprogramados', 'REPORTE DIARIO DE RETIRO DE DEPÓSITOS EN MONEDA EXTRANJERA', 'Reporte de Transacciones con el Exterior Diario']
2026-09-16 16:04:39,793 [INFO] [NOTIFICACION] ?? ASFI/SCIP Monitor - 17 reportes FALTANTES: Fecha: 15/9/2026

  ? Ampliaci?n de plazo de reclamos de primera instancia
  ? D001-D005 IF - Diario
2026-09-16 16:04:39,793 [INFO] [URGENTE] Enviando notificacion por un metodo disponible...
2026-09-16 16:04:56,259 [INFO] Reportes mensuales enviados fuera de plazo; se mantienen en Reportes Vencidos sin enviar alerta: ['Reporte de transacciones relativas a la compra de activos virtuales']
2026-09-16 16:04:56,268 [INFO] Estado de los reportes (9 ✅ | 0 ❌ | 17 ⚠️ | 1 ⏱️ | 0 ⏳):
2026-09-16 16:04:56,269 [INFO]   ✅ D007 IF - Diario Operaciones Interbancarias (CCM | corte 2026-09-15)
2026-09-16 16:04:56,269 [INFO]   ✅ D006 IF - Diario Tasas de Interés Activas (CCM | corte 2026-09-15)
2026-09-16 16:04:56,269 [INFO]   ✅ D008 IF - Diario Tipo de Cambio (CCM | corte 2026-09-15)
2026-09-16 16:04:56,270 [INFO]   ✅ D008 IF - Diario Tipo de Cambio (CCM | corte 2026-09-15)
2026-09-16 16:04:56,270 [INFO]   ✅ Ampliación de plazo de reclamos de primera instancia (CCM | corte 2026-09-15)
2026-09-16 16:04:56,270 [INFO]   ✅ Reporte de Transacciones con el Exterior Diario (CCM | corte 2026-09-15)
2026-09-16 16:04:56,271 [INFO]   ✅ D001-D005 IF - Diario Encaje (CCM | corte 2026-09-15)
2026-09-16 16:04:56,272 [INFO]   ✅ D012 - Créditos refinanciados y/o reprogramados (CCM | corte 2026-09-15)
2026-09-16 16:04:56,273 [INFO]   ✅ REPORTE DIARIO DE RETIRO DE DEPÓSITOS EN MONEDA EXTRANJERA (CCM | corte 2026-09-15)
2026-09-16 16:04:56,274 [INFO]   ⚠️ Ampliación de plazo de reclamos de primera instancia (FALTANTE)
2026-09-16 16:04:56,276 [INFO]   ⚠️ D001-D005 IF - Diario Encaje (FALTANTE)
2026-09-16 16:04:56,276 [INFO]   ⚠️ D006 IF - Diario Tasas de Interés Activas (FALTANTE)
2026-09-16 16:04:56,277 [INFO]   ⚠️ D007 IF - Diario Operaciones Interbancarias (FALTANTE)
2026-09-16 16:04:56,278 [INFO]   ⚠️ D008 IF - Diario Tipo de Cambio (FALTANTE)
2026-09-16 16:04:56,278 [INFO]   ⚠️ D008 IF - Diario Tipo de Cambio (FALTANTE)
2026-09-16 16:04:56,279 [INFO]   ⚠️ D012 - Créditos refinanciados y/o reprogramados (FALTANTE)
2026-09-16 16:04:56,279 [INFO]   ⚠️ REPORTE DIARIO DE RETIRO DE DEPÓSITOS EN MONEDA EXTRANJERA (FALTANTE)
2026-09-16 16:04:56,279 [INFO]   ⚠️ Reporte de Transacciones con el Exterior Diario (FALTANTE)
2026-09-16 16:04:56,280 [INFO]   ⚠️ Ampliación de plazo de reclamos de primera instancia (FALTANTE)
2026-09-16 16:04:56,280 [INFO]   ⚠️ D001-D005 IF - Diario Encaje (FALTANTE)
2026-09-16 16:04:56,280 [INFO]   ⚠️ D006 IF - Diario Tasas de Interés Activas (FALTANTE)
2026-09-16 16:04:56,281 [INFO]   ⚠️ D007 IF - Diario Operaciones Interbancarias (FALTANTE)
2026-09-16 16:04:56,281 [INFO]   ⚠️ D008 IF - Diario Tipo de Cambio (FALTANTE)
2026-09-16 16:04:56,281 [INFO]   ⚠️ D012 - Créditos refinanciados y/o reprogramados (FALTANTE)
2026-09-16 16:04:56,282 [INFO]   ⚠️ REPORTE DIARIO DE RETIRO DE DEPÓSITOS EN MONEDA EXTRANJERA (FALTANTE)
2026-09-16 16:04:56,282 [INFO]   ⚠️ Reporte de Transacciones con el Exterior Diario (FALTANTE)
2026-09-16 16:04:56,283 [INFO]   ⏱️ Reporte de transacciones relativas a la compra de activos virtuales (MENSUAL ENVIADO FUERA DE PLAZO)
2026-09-16 16:04:56,284 [INFO] Resumen: 9 exitosos | 0 pendientes | 0 errores | 17 faltantes | 1 tardíos | 0 sin enviar (dentro de plazo)
2026-09-16 16:04:56,286 [INFO] Revisión completada. Próxima en 15 min.
2026-09-16 16:04:56,289 [INFO] Scheduler activo. Revisando cada 15 minutos.
2026-09-16 16:04:56,289 [INFO] Presionar Ctrl+C para detener.
2026-09-16 16:17:59,593 [INFO] Reporte subsanado por duplicado exitoso: Reporte de Prueba (, ocurrencia=única)
2026-09-16 16:17:59,632 [INFO] Reporte subsanado por duplicado exitoso: Reporte de Prueba (2026-09-02, ocurrencia=1)
2026-09-16 16:17:59,676 [INFO] ============================================================
2026-09-16 16:17:59,676 [INFO] Iniciando revisión: 2026-09-03 13:00:00
2026-09-16 16:17:59,691 [INFO] Rangos de consulta: 31/8/2026 a 31/8/2026, 2/9/2026 a 2/9/2026
2026-09-16 16:17:59,707 [INFO] Reporte exitoso tardío resuelto sin alerta: Reporte de transacciones relativas a la compra de activos virtuales
2026-09-16 16:17:59,707 [INFO] Validando obligaciones configuradas para 2/9/2026...
2026-09-16 16:17:59,707 [WARNING] ⚠️  Reportes diarios FALTANTES: ['Ampliación de plazo de reclamos de primera instancia', 'D001-D005 IF - Diario Encaje', 'D006 IF - Diario Tasas de Interés Activas', 'D007 IF - Diario Operaciones Interbancarias', 'D008 IF - Diario Tipo de Cambio', 'D008 IF - Diario Tipo de Cambio', 'D012 - Créditos refinanciados y/o reprogramados', 'REPORTE DIARIO DE RETIRO DE DEPÓSITOS EN MONEDA EXTRANJERA', 'Reporte de Transacciones con el Exterior Diario']
2026-09-16 16:17:59,707 [WARNING] ⚠️ Reportes semanales VENCIDOS: ['CS - Cartera Semanal', 'S001-S005 IF - Semanal Reportes Liquidez', 'Solicitud de Créditos - PREAMyPes - Semanal']
2026-09-16 16:17:59,707 [WARNING] ⚠️ Reportes mensuales FALTANTES: ['Detalle de Créditos - CAPROSEN', 'M019 IF - Mensual Tasas Pasivas', 'MB01-MB20 Mensual Balance', 'Mensual Solicitudes de Créditos - PEDAEEL', 'Solicitud de Créditos - PREAMyPes - Mensual']
2026-09-16 16:17:59,707 [INFO] Reportes mensuales enviados fuera de plazo; se mantienen en Reportes Vencidos sin enviar alerta: ['Reporte de transacciones relativas a la compra de activos virtuales']
2026-09-16 16:17:59,708 [INFO] Estado de los reportes (1 ✅ | 0 ❌ | 17 ⚠️ | 1 ⏱️ | 0 ⏳):
2026-09-16 16:17:59,708 [INFO]   ✅ Reporte de transacciones relativas a la compra de activos virtuales (TEST | corte 31/8/2026)
2026-09-16 16:17:59,708 [INFO]   ⚠️ Ampliación de plazo de reclamos de primera instancia (FALTANTE)
2026-09-16 16:17:59,708 [INFO]   ⚠️ D001-D005 IF - Diario Encaje (FALTANTE)
2026-09-16 16:17:59,708 [INFO]   ⚠️ D006 IF - Diario Tasas de Interés Activas (FALTANTE)
2026-09-16 16:17:59,708 [INFO]   ⚠️ D007 IF - Diario Operaciones Interbancarias (FALTANTE)
2026-09-16 16:17:59,708 [INFO]   ⚠️ D008 IF - Diario Tipo de Cambio (FALTANTE)
2026-09-16 16:17:59,708 [INFO]   ⚠️ D008 IF - Diario Tipo de Cambio (FALTANTE)
2026-09-16 16:17:59,708 [INFO]   ⚠️ D012 - Créditos refinanciados y/o reprogramados (FALTANTE)
2026-09-16 16:17:59,708 [INFO]   ⚠️ REPORTE DIARIO DE RETIRO DE DEPÓSITOS EN MONEDA EXTRANJERA (FALTANTE)
2026-09-16 16:17:59,708 [INFO]   ⚠️ Reporte de Transacciones con el Exterior Diario (FALTANTE)
2026-09-16 16:17:59,708 [INFO]   ⚠️ CS - Cartera Semanal (SEMANAL VENCIDO SIN ENVIAR)
2026-09-16 16:17:59,708 [INFO]   ⚠️ S001-S005 IF - Semanal Reportes Liquidez (SEMANAL VENCIDO SIN ENVIAR)
2026-09-16 16:17:59,708 [INFO]   ⚠️ Solicitud de Créditos - PREAMyPes - Semanal (SEMANAL VENCIDO SIN ENVIAR)
2026-09-16 16:17:59,708 [INFO]   ⚠️ Detalle de Créditos - CAPROSEN (MENSUAL FALTANTE)
2026-09-16 16:17:59,708 [INFO]   ⚠️ M019 IF - Mensual Tasas Pasivas (MENSUAL FALTANTE)
2026-09-16 16:17:59,709 [INFO]   ⚠️ MB01-MB20 Mensual Balance (MENSUAL FALTANTE)
2026-09-16 16:17:59,709 [INFO]   ⚠️ Mensual Solicitudes de Créditos - PEDAEEL (MENSUAL FALTANTE)
2026-09-16 16:17:59,709 [INFO]   ⚠️ Solicitud de Créditos - PREAMyPes - Mensual (MENSUAL FALTANTE)
2026-09-16 16:17:59,709 [INFO]   ⏱️ Reporte de transacciones relativas a la compra de activos virtuales (MENSUAL ENVIADO FUERA DE PLAZO)
2026-09-16 16:17:59,709 [INFO] Resumen: 1 exitosos | 0 pendientes | 0 errores | 17 faltantes | 1 tardíos | 0 sin enviar (dentro de plazo)
2026-09-16 16:17:59,709 [INFO] Revisión completada. Próxima en 15 min.
2026-09-16 16:19:56,306 [INFO] ============================================================
2026-09-16 16:19:56,307 [INFO] Iniciando revisión: 2026-09-16 16:19:56
2026-09-16 16:19:56,385 [INFO] Rangos de consulta: 15/9/2026 a 15/9/2026
2026-09-16 16:19:56,386 [INFO] Fechas a consultar: 15/9/2026 a 15/9/2026
2026-09-16 16:19:57,345 [INFO] Iniciando navegador Chromium...
2026-09-16 16:20:05,560 [INFO] Abriendo login: https://appweb.asfi.gob.bo/SCIP/Login.aspx?ReturnUrl=%2fSCIP%2fmControlPlazos%2fControlPlazos.aspx
2026-09-16 16:20:11,447 [INFO] Ingresando credenciales...
2026-09-16 16:20:16,376 [INFO] Login exitoso
2026-09-16 16:20:32,951 [INFO] Procesando pagina 1 de la tabla...
2026-09-16 16:20:33,005 [INFO] Filas encontradas en pagina 1: 10
2026-09-16 16:20:36,423 [INFO] Navegador cerrado.
2026-09-16 16:20:36,500 [INFO] Filas fuera de las obligaciones vigentes ignoradas: 1
2026-09-16 16:20:36,750 [INFO] Validando obligaciones configuradas para 15/9/2026...
2026-09-16 16:20:36,752 [WARNING] ⚠️  Reportes diarios FALTANTES: ['Ampliación de plazo de reclamos de primera instancia', 'D001-D005 IF - Diario Encaje', 'D006 IF - Diario Tasas de Interés Activas', 'D007 IF - Diario Operaciones Interbancarias', 'D008 IF - Diario Tipo de Cambio', 'D008 IF - Diario Tipo de Cambio', 'D012 - Créditos refinanciados y/o reprogramados', 'REPORTE DIARIO DE RETIRO DE DEPÓSITOS EN MONEDA EXTRANJERA', 'Reporte de Transacciones con el Exterior Diario', 'Ampliación de plazo de reclamos de primera instancia', 'D001-D005 IF - Diario Encaje', 'D006 IF - Diario Tasas de Interés Activas', 'D007 IF - Diario Operaciones Interbancarias', 'D008 IF - Diario Tipo de Cambio', 'D012 - Créditos refinanciados y/o reprogramados', 'REPORTE DIARIO DE RETIRO DE DEPÓSITOS EN MONEDA EXTRANJERA', 'Reporte de Transacciones con el Exterior Diario']
2026-09-16 16:20:36,752 [INFO] [NOTIFICACION] ?? ASFI/SCIP Monitor - 17 reportes FALTANTES: Fecha: 15/9/2026

  ? Ampliaci?n de plazo de reclamos de primera instancia
  ? D001-D005 IF - Diario
2026-09-16 16:20:36,753 [INFO] [URGENTE] Enviando notificacion por un metodo disponible...
2026-09-16 16:20:53,812 [INFO] Reportes mensuales enviados fuera de plazo; se mantienen en Reportes Vencidos sin enviar alerta: ['Reporte de transacciones relativas a la compra de activos virtuales']
2026-09-16 16:20:53,815 [INFO] Estado de los reportes (9 ✅ | 0 ❌ | 17 ⚠️ | 1 ⏱️ | 0 ⏳):
2026-09-16 16:20:53,816 [INFO]   ✅ D007 IF - Diario Operaciones Interbancarias (CCM | corte 2026-09-15)
2026-09-16 16:20:53,816 [INFO]   ✅ D006 IF - Diario Tasas de Interés Activas (CCM | corte 2026-09-15)
2026-09-16 16:20:53,816 [INFO]   ✅ D008 IF - Diario Tipo de Cambio (CCM | corte 2026-09-15)
2026-09-16 16:20:53,816 [INFO]   ✅ D008 IF - Diario Tipo de Cambio (CCM | corte 2026-09-15)
2026-09-16 16:20:53,816 [INFO]   ✅ Ampliación de plazo de reclamos de primera instancia (CCM | corte 2026-09-15)
2026-09-16 16:20:53,817 [INFO]   ✅ Reporte de Transacciones con el Exterior Diario (CCM | corte 2026-09-15)
2026-09-16 16:20:53,817 [INFO]   ✅ D001-D005 IF - Diario Encaje (CCM | corte 2026-09-15)
2026-09-16 16:20:53,817 [INFO]   ✅ D012 - Créditos refinanciados y/o reprogramados (CCM | corte 2026-09-15)
2026-09-16 16:20:53,817 [INFO]   ✅ REPORTE DIARIO DE RETIRO DE DEPÓSITOS EN MONEDA EXTRANJERA (CCM | corte 2026-09-15)
2026-09-16 16:20:53,817 [INFO]   ⚠️ Ampliación de plazo de reclamos de primera instancia (FALTANTE)
2026-09-16 16:20:53,817 [INFO]   ⚠️ D001-D005 IF - Diario Encaje (FALTANTE)
2026-09-16 16:20:53,818 [INFO]   ⚠️ D006 IF - Diario Tasas de Interés Activas (FALTANTE)
2026-09-16 16:20:53,818 [INFO]   ⚠️ D007 IF - Diario Operaciones Interbancarias (FALTANTE)
2026-09-16 16:20:53,818 [INFO]   ⚠️ D008 IF - Diario Tipo de Cambio (FALTANTE)
2026-09-16 16:20:53,818 [INFO]   ⚠️ D008 IF - Diario Tipo de Cambio (FALTANTE)
2026-09-16 16:20:53,819 [INFO]   ⚠️ D012 - Créditos refinanciados y/o reprogramados (FALTANTE)
2026-09-16 16:20:53,819 [INFO]   ⚠️ REPORTE DIARIO DE RETIRO DE DEPÓSITOS EN MONEDA EXTRANJERA (FALTANTE)
2026-09-16 16:20:53,820 [INFO]   ⚠️ Reporte de Transacciones con el Exterior Diario (FALTANTE)
2026-09-16 16:20:53,820 [INFO]   ⚠️ Ampliación de plazo de reclamos de primera instancia (FALTANTE)
2026-09-16 16:20:53,820 [INFO]   ⚠️ D001-D005 IF - Diario Encaje (FALTANTE)
2026-09-16 16:20:53,820 [INFO]   ⚠️ D006 IF - Diario Tasas de Interés Activas (FALTANTE)
2026-09-16 16:20:53,821 [INFO]   ⚠️ D007 IF - Diario Operaciones Interbancarias (FALTANTE)
2026-09-16 16:20:53,821 [INFO]   ⚠️ D008 IF - Diario Tipo de Cambio (FALTANTE)
2026-09-16 16:20:53,821 [INFO]   ⚠️ D012 - Créditos refinanciados y/o reprogramados (FALTANTE)
2026-09-16 16:20:53,822 [INFO]   ⚠️ REPORTE DIARIO DE RETIRO DE DEPÓSITOS EN MONEDA EXTRANJERA (FALTANTE)
2026-09-16 16:20:53,822 [INFO]   ⚠️ Reporte de Transacciones con el Exterior Diario (FALTANTE)
2026-09-16 16:20:53,822 [INFO]   ⏱️ Reporte de transacciones relativas a la compra de activos virtuales (MENSUAL ENVIADO FUERA DE PLAZO)
2026-09-16 16:20:53,822 [INFO] Resumen: 9 exitosos | 0 pendientes | 0 errores | 17 faltantes | 1 tardíos | 0 sin enviar (dentro de plazo)
2026-09-16 16:20:53,824 [INFO] Revisión completada. Próxima en 15 min.
2026-09-17 08:26:04,227 [INFO] ============================================================
2026-09-17 08:26:04,228 [INFO] ASFI SCIP Monitor iniciado
2026-09-17 08:26:04,229 [INFO]   Usuario  : thomas.clavijo@comarapa.coop
2026-09-17 08:26:04,229 [INFO]   Intervalo: 15 minutos
2026-09-17 08:26:04,229 [INFO]   Headless : True
2026-09-17 08:26:04,229 [INFO]   Días atrás: 1
2026-09-17 08:26:04,229 [INFO]   Salida detallada: False
2026-09-17 08:26:04,229 [INFO] ============================================================
2026-09-17 08:26:04,999 [INFO] [NOTIFICACION] ASFI/SCIP Monitor iniciado: Monitoreando reportes cada 15 min.
2026-09-17 08:26:16,908 [INFO] ============================================================
2026-09-17 08:26:16,908 [INFO] Iniciando revisión: 2026-09-17 08:26:16
2026-09-17 08:26:16,964 [INFO] Rangos de consulta: 16/9/2026 a 16/9/2026
2026-09-17 08:26:16,964 [INFO] Fechas a consultar: 16/9/2026 a 16/9/2026
2026-09-17 08:26:21,866 [INFO] Iniciando navegador Chromium...
2026-09-17 08:26:33,237 [INFO] Abriendo login: https://appweb.asfi.gob.bo/SCIP/Login.aspx?ReturnUrl=%2fSCIP%2fmControlPlazos%2fControlPlazos.aspx
2026-09-17 08:26:38,779 [INFO] Ingresando credenciales...
2026-09-17 08:26:43,537 [INFO] Login exitoso
2026-09-17 08:26:59,930 [INFO] Procesando pagina 1 de la tabla...
2026-09-17 08:26:59,968 [INFO] Filas encontradas en pagina 1: 2
2026-09-17 08:27:00,377 [INFO] Navegador cerrado.
2026-09-17 08:27:00,419 [INFO] Filas fuera de las obligaciones vigentes ignoradas: 1
2026-09-17 08:27:00,538 [INFO] Validando obligaciones configuradas para 16/9/2026...
2026-09-17 08:27:00,538 [INFO] Reportes mensuales enviados fuera de plazo; se mantienen en Reportes Vencidos sin enviar alerta: ['Reporte de transacciones relativas a la compra de activos virtuales']
2026-09-17 08:27:00,538 [INFO] Reportes diarios aún sin enviar (dentro de plazo): 8
2026-09-17 08:27:00,538 [INFO] [NOTIFICACION] ? ASFI/SCIP Monitor - 8 reportes diarios sin enviar: Corte: 16/9/2026
L?mite de env?o: 2026-09-17 12:00:00

  ? Ampliaci?n de plazo de reclamos de primer
2026-09-17 08:27:12,220 [INFO] Estado de los reportes (1 ✅ | 0 ❌ | 0 ⚠️ | 1 ⏱️ | 8 ⏳):
2026-09-17 08:27:12,221 [INFO]   ✅ D008 IF - Diario Tipo de Cambio (CCM | corte 2026-09-16)
2026-09-17 08:27:12,221 [INFO]   ⏳ Ampliación de plazo de reclamos de primera instancia (SIN ENVIAR - dentro de plazo)
2026-09-17 08:27:12,221 [INFO]   ⏳ D001-D005 IF - Diario Encaje (SIN ENVIAR - dentro de plazo)
2026-09-17 08:27:12,221 [INFO]   ⏳ D006 IF - Diario Tasas de Interés Activas (SIN ENVIAR - dentro de plazo)
2026-09-17 08:27:12,221 [INFO]   ⏳ D007 IF - Diario Operaciones Interbancarias (SIN ENVIAR - dentro de plazo)
2026-09-17 08:27:12,221 [INFO]   ⏳ D008 IF - Diario Tipo de Cambio (envío 2) (SIN ENVIAR - dentro de plazo)
2026-09-17 08:27:12,221 [INFO]   ⏳ D012 - Créditos refinanciados y/o reprogramados (SIN ENVIAR - dentro de plazo)
2026-09-17 08:27:12,221 [INFO]   ⏳ REPORTE DIARIO DE RETIRO DE DEPÓSITOS EN MONEDA EXTRANJERA (SIN ENVIAR - dentro de plazo)
2026-09-17 08:27:12,221 [INFO]   ⏳ Reporte de Transacciones con el Exterior Diario (SIN ENVIAR - dentro de plazo)
2026-09-17 08:27:12,221 [INFO]   ⏱️ Reporte de transacciones relativas a la compra de activos virtuales (MENSUAL ENVIADO FUERA DE PLAZO)
2026-09-17 08:27:12,221 [INFO] Resumen: 1 exitosos | 0 pendientes | 0 errores | 0 faltantes | 1 tardíos | 8 sin enviar (dentro de plazo)
2026-09-17 08:27:12,249 [INFO] Revisión completada. Próxima en 15 min.
2026-09-17 08:27:12,250 [INFO] Scheduler activo. Revisando cada 15 minutos.
2026-09-17 08:27:12,250 [INFO] Presionar Ctrl+C para detener.
2026-09-17 08:34:58,343 [INFO] ============================================================
2026-09-17 08:34:58,343 [INFO] Iniciando revisión: 2026-09-17 08:34:58
2026-09-17 08:34:58,391 [INFO] Rangos de consulta: 16/9/2026 a 16/9/2026
2026-09-17 08:34:58,821 [INFO] Fechas a consultar: 16/9/2026 a 16/9/2026
2026-09-17 08:35:02,867 [INFO] Iniciando navegador Chromium...
2026-09-17 08:35:23,789 [INFO] Abriendo login: https://appweb.asfi.gob.bo/SCIP/Login.aspx?ReturnUrl=%2fSCIP%2fmControlPlazos%2fControlPlazos.aspx
2026-09-17 08:35:36,924 [INFO] Ingresando credenciales...
2026-09-17 08:35:46,752 [INFO] Login exitoso
2026-09-17 08:36:06,584 [INFO] Procesando pagina 1 de la tabla...
2026-09-17 08:36:06,631 [INFO] Filas encontradas en pagina 1: 2
2026-09-17 08:36:07,139 [INFO] Navegador cerrado.
2026-09-17 08:36:07,176 [INFO] Filas fuera de las obligaciones vigentes ignoradas: 1
2026-09-17 08:36:07,247 [INFO] Validando obligaciones configuradas para 16/9/2026...
2026-09-17 08:36:07,248 [INFO] Reportes mensuales enviados fuera de plazo; se mantienen en Reportes Vencidos sin enviar alerta: ['Reporte de transacciones relativas a la compra de activos virtuales']
2026-09-17 08:36:07,248 [INFO] Reportes diarios aún sin enviar (dentro de plazo): 8
2026-09-17 08:36:07,248 [INFO] [NOTIFICACION] ? ASFI/SCIP Monitor - 8 reportes diarios sin enviar: Corte: 16/9/2026
L?mite de env?o: 2026-09-17 12:00:00

  ? Ampliaci?n de plazo de reclamos de primer
2026-09-17 08:36:18,948 [INFO] Estado de los reportes (1 ✅ | 0 ❌ | 0 ⚠️ | 1 ⏱️ | 8 ⏳):
2026-09-17 08:36:18,948 [INFO]   ✅ D008 IF - Diario Tipo de Cambio (CCM | corte 2026-09-16)
2026-09-17 08:36:18,948 [INFO]   ⏳ Ampliación de plazo de reclamos de primera instancia (SIN ENVIAR - dentro de plazo)
2026-09-17 08:36:18,948 [INFO]   ⏳ D001-D005 IF - Diario Encaje (SIN ENVIAR - dentro de plazo)
2026-09-17 08:36:18,948 [INFO]   ⏳ D006 IF - Diario Tasas de Interés Activas (SIN ENVIAR - dentro de plazo)
2026-09-17 08:36:18,948 [INFO]   ⏳ D007 IF - Diario Operaciones Interbancarias (SIN ENVIAR - dentro de plazo)
2026-09-17 08:36:18,948 [INFO]   ⏳ D008 IF - Diario Tipo de Cambio (envío 2) (SIN ENVIAR - dentro de plazo)
2026-09-17 08:36:18,948 [INFO]   ⏳ D012 - Créditos refinanciados y/o reprogramados (SIN ENVIAR - dentro de plazo)
2026-09-17 08:36:18,948 [INFO]   ⏳ REPORTE DIARIO DE RETIRO DE DEPÓSITOS EN MONEDA EXTRANJERA (SIN ENVIAR - dentro de plazo)
2026-09-17 08:36:18,949 [INFO]   ⏳ Reporte de Transacciones con el Exterior Diario (SIN ENVIAR - dentro de plazo)
2026-09-17 08:36:18,949 [INFO]   ⏱️ Reporte de transacciones relativas a la compra de activos virtuales (MENSUAL ENVIADO FUERA DE PLAZO)
2026-09-17 08:36:18,949 [INFO] Resumen: 1 exitosos | 0 pendientes | 0 errores | 0 faltantes | 1 tardíos | 8 sin enviar (dentro de plazo)
2026-09-17 08:36:18,951 [INFO] Revisión completada. Próxima en 15 min.
2026-09-17 08:46:27,662 [INFO] Reporte subsanado por duplicado exitoso: Reporte de Prueba (, ocurrencia=única)
2026-09-17 08:46:27,858 [INFO] Reporte subsanado por duplicado exitoso: Reporte de Prueba (2026-09-02, ocurrencia=1)
2026-09-17 08:46:27,935 [INFO] ============================================================
2026-09-17 08:46:27,935 [INFO] Iniciando revisión: 2026-09-03 13:00:00
2026-09-17 08:46:27,961 [INFO] Rangos de consulta: 31/8/2026 a 31/8/2026, 2/9/2026 a 2/9/2026
2026-09-17 08:46:28,069 [INFO] Reporte exitoso tardío resuelto sin alerta: Reporte de transacciones relativas a la compra de activos virtuales
2026-09-17 08:46:28,069 [INFO] Validando obligaciones configuradas para 2/9/2026...
2026-09-17 08:46:28,070 [WARNING] ⚠️  Reportes diarios FALTANTES: ['Ampliación de plazo de reclamos de primera instancia', 'D001-D005 IF - Diario Encaje', 'D006 IF - Diario Tasas de Interés Activas', 'D007 IF - Diario Operaciones Interbancarias', 'D008 IF - Diario Tipo de Cambio', 'D008 IF - Diario Tipo de Cambio', 'D012 - Créditos refinanciados y/o reprogramados', 'REPORTE DIARIO DE RETIRO DE DEPÓSITOS EN MONEDA EXTRANJERA', 'Reporte de Transacciones con el Exterior Diario']
2026-09-17 08:46:28,070 [WARNING] ⚠️ Reportes semanales VENCIDOS: ['CS - Cartera Semanal', 'S001-S005 IF - Semanal Reportes Liquidez', 'Solicitud de Créditos - PREAMyPes - Semanal']
2026-09-17 08:46:28,070 [WARNING] ⚠️ Reportes mensuales FALTANTES: ['Detalle de Créditos - CAPROSEN', 'M019 IF - Mensual Tasas Pasivas', 'MB01-MB20 Mensual Balance', 'Mensual Solicitudes de Créditos - PEDAEEL', 'Solicitud de Créditos - PREAMyPes - Mensual']
2026-09-17 08:46:28,071 [INFO] Reportes mensuales enviados fuera de plazo; se mantienen en Reportes Vencidos sin enviar alerta: ['Reporte de transacciones relativas a la compra de activos virtuales']
2026-09-17 08:46:28,071 [INFO] Estado de los reportes (1 ✅ | 0 ❌ | 17 ⚠️ | 1 ⏱️ | 0 ⏳):
2026-09-17 08:46:28,071 [INFO]   ✅ Reporte de transacciones relativas a la compra de activos virtuales (TEST | corte 31/8/2026)
2026-09-17 08:46:28,071 [INFO]   ⚠️ Ampliación de plazo de reclamos de primera instancia (FALTANTE)
2026-09-17 08:46:28,071 [INFO]   ⚠️ D001-D005 IF - Diario Encaje (FALTANTE)
2026-09-17 08:46:28,072 [INFO]   ⚠️ D006 IF - Diario Tasas de Interés Activas (FALTANTE)
2026-09-17 08:46:28,072 [INFO]   ⚠️ D007 IF - Diario Operaciones Interbancarias (FALTANTE)
2026-09-17 08:46:28,072 [INFO]   ⚠️ D008 IF - Diario Tipo de Cambio (FALTANTE)
2026-09-17 08:46:28,072 [INFO]   ⚠️ D008 IF - Diario Tipo de Cambio (FALTANTE)
2026-09-17 08:46:28,072 [INFO]   ⚠️ D012 - Créditos refinanciados y/o reprogramados (FALTANTE)
2026-09-17 08:46:28,072 [INFO]   ⚠️ REPORTE DIARIO DE RETIRO DE DEPÓSITOS EN MONEDA EXTRANJERA (FALTANTE)
2026-09-17 08:46:28,072 [INFO]   ⚠️ Reporte de Transacciones con el Exterior Diario (FALTANTE)
2026-09-17 08:46:28,072 [INFO]   ⚠️ CS - Cartera Semanal (SEMANAL VENCIDO SIN ENVIAR)
2026-09-17 08:46:28,072 [INFO]   ⚠️ S001-S005 IF - Semanal Reportes Liquidez (SEMANAL VENCIDO SIN ENVIAR)
2026-09-17 08:46:28,072 [INFO]   ⚠️ Solicitud de Créditos - PREAMyPes - Semanal (SEMANAL VENCIDO SIN ENVIAR)
2026-09-17 08:46:28,073 [INFO]   ⚠️ Detalle de Créditos - CAPROSEN (MENSUAL FALTANTE)
2026-09-17 08:46:28,073 [INFO]   ⚠️ M019 IF - Mensual Tasas Pasivas (MENSUAL FALTANTE)
2026-09-17 08:46:28,073 [INFO]   ⚠️ MB01-MB20 Mensual Balance (MENSUAL FALTANTE)
2026-09-17 08:46:28,073 [INFO]   ⚠️ Mensual Solicitudes de Créditos - PEDAEEL (MENSUAL FALTANTE)
2026-09-17 08:46:28,073 [INFO]   ⚠️ Solicitud de Créditos - PREAMyPes - Mensual (MENSUAL FALTANTE)
2026-09-17 08:46:28,073 [INFO]   ⏱️ Reporte de transacciones relativas a la compra de activos virtuales (MENSUAL ENVIADO FUERA DE PLAZO)
2026-09-17 08:46:28,073 [INFO] Resumen: 1 exitosos | 0 pendientes | 0 errores | 17 faltantes | 1 tardíos | 0 sin enviar (dentro de plazo)
2026-09-17 08:46:28,073 [INFO] Revisión completada. Próxima en 15 min.
2026-09-17 08:48:41,860 [INFO] Reporte subsanado por duplicado exitoso: Reporte de Prueba (, ocurrencia=única)
2026-09-17 08:48:41,984 [INFO] Reporte subsanado por duplicado exitoso: Reporte de Prueba (2026-09-02, ocurrencia=1)
2026-09-17 08:48:42,197 [INFO] ============================================================
2026-09-17 08:48:42,198 [INFO] Iniciando revisión: 2026-09-03 13:00:00
2026-09-17 08:48:42,238 [INFO] Rangos de consulta: 31/8/2026 a 31/8/2026, 2/9/2026 a 2/9/2026
2026-09-17 08:48:42,313 [INFO] Reporte exitoso tardío resuelto sin alerta: Reporte de transacciones relativas a la compra de activos virtuales
2026-09-17 08:48:42,313 [INFO] Validando obligaciones configuradas para 2/9/2026...
2026-09-17 08:48:42,313 [WARNING] ⚠️  Reportes diarios FALTANTES: ['Ampliación de plazo de reclamos de primera instancia', 'D001-D005 IF - Diario Encaje', 'D006 IF - Diario Tasas de Interés Activas', 'D007 IF - Diario Operaciones Interbancarias', 'D008 IF - Diario Tipo de Cambio', 'D008 IF - Diario Tipo de Cambio', 'D012 - Créditos refinanciados y/o reprogramados', 'REPORTE DIARIO DE RETIRO DE DEPÓSITOS EN MONEDA EXTRANJERA', 'Reporte de Transacciones con el Exterior Diario']
2026-09-17 08:48:42,314 [WARNING] ⚠️ Reportes semanales VENCIDOS: ['CS - Cartera Semanal', 'S001-S005 IF - Semanal Reportes Liquidez', 'Solicitud de Créditos - PREAMyPes - Semanal']
2026-09-17 08:48:42,314 [WARNING] ⚠️ Reportes mensuales FALTANTES: ['Detalle de Créditos - CAPROSEN', 'M019 IF - Mensual Tasas Pasivas', 'MB01-MB20 Mensual Balance', 'Mensual Solicitudes de Créditos - PEDAEEL', 'Solicitud de Créditos - PREAMyPes - Mensual']
2026-09-17 08:48:42,314 [INFO] Reportes mensuales enviados fuera de plazo; se mantienen en Reportes Vencidos sin enviar alerta: ['Reporte de transacciones relativas a la compra de activos virtuales']
2026-09-17 08:48:42,315 [INFO] Estado de los reportes (1 ✅ | 0 ❌ | 17 ⚠️ | 1 ⏱️ | 0 ⏳):
2026-09-17 08:48:42,315 [INFO]   ✅ Reporte de transacciones relativas a la compra de activos virtuales (TEST | corte 31/8/2026)
2026-09-17 08:48:42,315 [INFO]   ⚠️ Ampliación de plazo de reclamos de primera instancia (FALTANTE)
2026-09-17 08:48:42,315 [INFO]   ⚠️ D001-D005 IF - Diario Encaje (FALTANTE)
2026-09-17 08:48:42,315 [INFO]   ⚠️ D006 IF - Diario Tasas de Interés Activas (FALTANTE)
2026-09-17 08:48:42,315 [INFO]   ⚠️ D007 IF - Diario Operaciones Interbancarias (FALTANTE)
2026-09-17 08:48:42,315 [INFO]   ⚠️ D008 IF - Diario Tipo de Cambio (FALTANTE)
2026-09-17 08:48:42,315 [INFO]   ⚠️ D008 IF - Diario Tipo de Cambio (FALTANTE)
2026-09-17 08:48:42,315 [INFO]   ⚠️ D012 - Créditos refinanciados y/o reprogramados (FALTANTE)
2026-09-17 08:48:42,315 [INFO]   ⚠️ REPORTE DIARIO DE RETIRO DE DEPÓSITOS EN MONEDA EXTRANJERA (FALTANTE)
2026-09-17 08:48:42,316 [INFO]   ⚠️ Reporte de Transacciones con el Exterior Diario (FALTANTE)
2026-09-17 08:48:42,316 [INFO]   ⚠️ CS - Cartera Semanal (SEMANAL VENCIDO SIN ENVIAR)
2026-09-17 08:48:42,316 [INFO]   ⚠️ S001-S005 IF - Semanal Reportes Liquidez (SEMANAL VENCIDO SIN ENVIAR)
2026-09-17 08:48:42,316 [INFO]   ⚠️ Solicitud de Créditos - PREAMyPes - Semanal (SEMANAL VENCIDO SIN ENVIAR)
2026-09-17 08:48:42,316 [INFO]   ⚠️ Detalle de Créditos - CAPROSEN (MENSUAL FALTANTE)
2026-09-17 08:48:42,316 [INFO]   ⚠️ M019 IF - Mensual Tasas Pasivas (MENSUAL FALTANTE)
2026-09-17 08:48:42,316 [INFO]   ⚠️ MB01-MB20 Mensual Balance (MENSUAL FALTANTE)
2026-09-17 08:48:42,316 [INFO]   ⚠️ Mensual Solicitudes de Créditos - PEDAEEL (MENSUAL FALTANTE)
2026-09-17 08:48:42,316 [INFO]   ⚠️ Solicitud de Créditos - PREAMyPes - Mensual (MENSUAL FALTANTE)
2026-09-17 08:48:42,316 [INFO]   ⏱️ Reporte de transacciones relativas a la compra de activos virtuales (MENSUAL ENVIADO FUERA DE PLAZO)
2026-09-17 08:48:42,316 [INFO] Resumen: 1 exitosos | 0 pendientes | 0 errores | 17 faltantes | 1 tardíos | 0 sin enviar (dentro de plazo)
2026-09-17 08:48:42,317 [INFO] Revisión completada. Próxima en 15 min.
2026-09-17 08:59:56,022 [INFO] ============================================================
2026-09-17 08:59:56,022 [INFO] Iniciando revisión: 2026-09-17 08:59:56
2026-09-17 08:59:56,053 [INFO] Rangos de consulta: 16/9/2026 a 16/9/2026
2026-09-17 08:59:56,328 [INFO] Fechas a consultar: 16/9/2026 a 16/9/2026
2026-09-17 08:59:57,516 [INFO] Iniciando navegador Chromium...
2026-09-17 09:00:03,800 [INFO] Abriendo login: https://appweb.asfi.gob.bo/SCIP/Login.aspx?ReturnUrl=%2fSCIP%2fmControlPlazos%2fControlPlazos.aspx
2026-09-17 09:00:09,426 [INFO] Ingresando credenciales...
2026-09-17 09:00:15,005 [INFO] Login exitoso
2026-09-17 09:00:32,076 [INFO] Procesando pagina 1 de la tabla...
2026-09-17 09:00:32,107 [INFO] Filas encontradas en pagina 1: 3
2026-09-17 09:00:32,430 [INFO] Navegador cerrado.
2026-09-17 09:00:32,464 [INFO] Filas fuera de las obligaciones vigentes ignoradas: 1
2026-09-17 09:00:32,505 [INFO] [NOTIFICACION] ? ERROR en reporte ASFI ? D006 IF - Diario Tasas de Inter?s Activa: Entidad: CCM | Corte: 2026-09-16
Grupo: D006 IF - Diario Tasas de Inter?s Activas
Problema: Validaci
2026-09-17 09:00:32,505 [INFO] [URGENTE] Enviando notificacion por un metodo disponible...
2026-09-17 09:00:49,422 [WARNING] ALERTA ENVIADA: 🔴 ERROR en reporte ASFI — D006 IF - Diario Tasas de Interés Activa
2026-09-17 09:00:49,422 [INFO] Validando obligaciones configuradas para 16/9/2026...
2026-09-17 09:00:49,422 [INFO] Reportes mensuales enviados fuera de plazo; se mantienen en Reportes Vencidos sin enviar alerta: ['Reporte de transacciones relativas a la compra de activos virtuales']
2026-09-17 09:00:49,422 [INFO] Reportes diarios aún sin enviar (dentro de plazo): 7
2026-09-17 09:00:49,422 [INFO] [NOTIFICACION] ? ASFI/SCIP Monitor - 7 reportes diarios sin enviar: Corte: 16/9/2026
L?mite de env?o: 2026-09-17 12:00:00

  ? Ampliaci?n de plazo de reclamos de primer
2026-09-17 09:01:00,807 [INFO] Estado de los reportes (1 ✅ | 1 ❌ | 0 ⚠️ | 1 ⏱️ | 7 ⏳):
2026-09-17 09:01:00,807 [INFO]   ✅ D008 IF - Diario Tipo de Cambio (CCM | corte 2026-09-16)
2026-09-17 09:01:00,807 [INFO]   ⏳ Ampliación de plazo de reclamos de primera instancia (SIN ENVIAR - dentro de plazo)
2026-09-17 09:01:00,807 [INFO]   ⏳ D001-D005 IF - Diario Encaje (SIN ENVIAR - dentro de plazo)
2026-09-17 09:01:00,808 [INFO]   ⏳ D007 IF - Diario Operaciones Interbancarias (SIN ENVIAR - dentro de plazo)
2026-09-17 09:01:00,808 [INFO]   ⏳ D008 IF - Diario Tipo de Cambio (envío 2) (SIN ENVIAR - dentro de plazo)
2026-09-17 09:01:00,808 [INFO]   ⏳ D012 - Créditos refinanciados y/o reprogramados (SIN ENVIAR - dentro de plazo)
2026-09-17 09:01:00,808 [INFO]   ⏳ REPORTE DIARIO DE RETIRO DE DEPÓSITOS EN MONEDA EXTRANJERA (SIN ENVIAR - dentro de plazo)
2026-09-17 09:01:00,808 [INFO]   ⏳ Reporte de Transacciones con el Exterior Diario (SIN ENVIAR - dentro de plazo)
2026-09-17 09:01:00,808 [INFO]   ⏱️ Reporte de transacciones relativas a la compra de activos virtuales (MENSUAL ENVIADO FUERA DE PLAZO)
2026-09-17 09:01:00,808 [INFO]   ❌ D006 IF - Diario Tasas de Interés Activas (CCM | corte 2026-09-16) - Validación: Detalle Error
2026-09-17 09:01:00,808 [INFO] Resumen: 1 exitosos | 0 pendientes | 1 errores | 0 faltantes | 1 tardíos | 7 sin enviar (dentro de plazo)
2026-09-17 09:01:00,812 [INFO] Revisión completada. Próxima en 15 min.
2026-09-17 09:04:30,861 [INFO] ============================================================
2026-09-17 09:04:30,862 [INFO] Iniciando revisión: 2026-09-17 09:04:30
2026-09-17 09:04:30,896 [INFO] Rangos de consulta: 16/9/2026 a 16/9/2026
2026-09-17 09:04:31,045 [INFO] Fechas a consultar: 16/9/2026 a 16/9/2026
2026-09-17 09:04:32,499 [INFO] Iniciando navegador Chromium...
2026-09-17 09:04:40,806 [INFO] Abriendo login: https://appweb.asfi.gob.bo/SCIP/Login.aspx?ReturnUrl=%2fSCIP%2fmControlPlazos%2fControlPlazos.aspx
2026-09-17 09:04:44,652 [INFO] Ingresando credenciales...
2026-09-17 09:04:49,356 [INFO] Login exitoso
2026-09-17 09:05:06,253 [INFO] Procesando pagina 1 de la tabla...
2026-09-17 09:05:06,286 [INFO] Filas encontradas en pagina 1: 5
2026-09-17 09:05:06,693 [INFO] Navegador cerrado.
2026-09-17 09:05:06,712 [INFO] Filas fuera de las obligaciones vigentes ignoradas: 1
2026-09-17 09:05:06,749 [INFO] Validando obligaciones configuradas para 16/9/2026...
2026-09-17 09:05:06,750 [INFO] Reportes mensuales enviados fuera de plazo; se mantienen en Reportes Vencidos sin enviar alerta: ['Reporte de transacciones relativas a la compra de activos virtuales']
2026-09-17 09:05:06,750 [INFO] Reportes diarios aún sin enviar (dentro de plazo): 5
2026-09-17 09:05:06,750 [INFO] [NOTIFICACION] ? ASFI/SCIP Monitor - 5 reportes diarios sin enviar: Corte: 16/9/2026
L?mite de env?o: 2026-09-17 12:00:00

  ? Ampliaci?n de plazo de reclamos de primer
2026-09-17 09:05:18,189 [INFO] Estado de los reportes (4 ✅ | 0 ❌ | 0 ⚠️ | 1 ⏱️ | 5 ⏳):
2026-09-17 09:05:18,190 [INFO]   ✅ D007 IF - Diario Operaciones Interbancarias (CCM | corte 2026-09-16)
2026-09-17 09:05:18,190 [INFO]   ✅ D006 IF - Diario Tasas de Interés Activas (CCM | corte 2026-09-16)
2026-09-17 09:05:18,190 [INFO]   ✅ D008 IF - Diario Tipo de Cambio (CCM | corte 2026-09-16)
2026-09-17 09:05:18,190 [INFO]   ✅ D008 IF - Diario Tipo de Cambio (CCM | corte 2026-09-16)
2026-09-17 09:05:18,190 [INFO]   ⏳ Ampliación de plazo de reclamos de primera instancia (SIN ENVIAR - dentro de plazo)
2026-09-17 09:05:18,190 [INFO]   ⏳ D001-D005 IF - Diario Encaje (SIN ENVIAR - dentro de plazo)
2026-09-17 09:05:18,190 [INFO]   ⏳ D012 - Créditos refinanciados y/o reprogramados (SIN ENVIAR - dentro de plazo)
2026-09-17 09:05:18,191 [INFO]   ⏳ REPORTE DIARIO DE RETIRO DE DEPÓSITOS EN MONEDA EXTRANJERA (SIN ENVIAR - dentro de plazo)
2026-09-17 09:05:18,191 [INFO]   ⏳ Reporte de Transacciones con el Exterior Diario (SIN ENVIAR - dentro de plazo)
2026-09-17 09:05:18,191 [INFO]   ⏱️ Reporte de transacciones relativas a la compra de activos virtuales (MENSUAL ENVIADO FUERA DE PLAZO)
2026-09-17 09:05:18,191 [INFO] Resumen: 4 exitosos | 0 pendientes | 0 errores | 0 faltantes | 1 tardíos | 5 sin enviar (dentro de plazo)
2026-09-17 09:05:18,194 [INFO] Revisión completada. Próxima en 15 min.
